TRACK_ID	ARTIST_ID	ALBUM_ID	PATH	DURATION	TAGS	V	A	D
track_0006606	artist_000787	album_001009	06/6606.mp3	224.9	mood/theme---melodic	0.933000	0.238000	0.148000
track_0006607	artist_000787	album_001009	07/6607.mp3	251.5	mood/theme---melodic	0.933000	0.238000	0.148000
track_0006608	artist_000787	album_001009	08/6608.mp3	274.3	mood/theme---melodic	0.933000	0.238000	0.148000
track_0006609	artist_000787	album_001009	09/6609.mp3	239.3	mood/theme---melodic	0.933000	0.238000	0.148000
track_0006610	artist_000787	album_001009	10/6610.mp3	234.3	mood/theme---melodic	0.933000	0.238000	0.148000
track_0006611	artist_000787	album_001009	11/6611.mp3	322.2	mood/theme---melodic	0.933000	0.238000	0.148000
track_0007400	artist_001064	album_001115	00/7400.mp3	146.1	mood/theme---drama	-0.140000	0.510000	-0.038000
track_0007401	artist_001064	album_001115	01/7401.mp3	132.1	mood/theme---drama	-0.140000	0.510000	-0.038000
track_0011006	artist_001619	album_001628	06/11006.mp3	361.7	mood/theme---dark	-0.604000	-0.204000	-0.148000
track_0012100	artist_001822	album_001781	00/12100.mp3	198.3	mood/theme---energetic	mood/theme---heavy	0.097000	0.322000	0.502000
track_0012101	artist_001822	album_001781	01/12101.mp3	237.4	mood/theme---energetic	mood/theme---heavy	0.097000	0.322000	0.502000
track_0012102	artist_001822	album_001781	02/12102.mp3	202.5	mood/theme---energetic	mood/theme---heavy	0.097000	0.322000	0.502000
track_0012303	artist_001858	album_001820	03/12303.mp3	331.9	mood/theme---retro	0.300000	-0.448000	-0.358000
track_0013400	artist_001968	album_001938	00/13400.mp3	204.9	mood/theme---ballad	0.584000	-0.432000	-0.152000
track_0016000	artist_002324	album_002269	00/16000.mp3	162.7	mood/theme---dramatic	mood/theme---epic	mood/theme---powerful	mood/theme---upbeat	0.442500	0.427000	0.535250
track_0016101	artist_002320	album_002284	01/16101.mp3	374.9	mood/theme---heavy	-0.500000	-0.092000	0.200000
track_0019202	artist_002831	album_002700	02/19202.mp3	310.9	mood/theme---meditative	mood/theme---space	0.414000	-0.563000	0.027000
track_0019203	artist_002831	album_002700	03/19203.mp3	254.8	mood/theme---meditative	mood/theme---space	0.414000	-0.563000	0.027000
track_0019205	artist_002831	album_002700	05/19205.mp3	273.3	mood/theme---meditative	mood/theme---space	0.414000	-0.563000	0.027000
track_0021502	artist_003177	album_003005	02/21502.mp3	105.9	mood/theme---fun	mood/theme---positive	0.877000	0.353000	0.522000
track_0021506	artist_003177	album_003005	06/21506.mp3	210.1	mood/theme---relaxing	0.708000	-0.686000	-0.050000
track_0021509	artist_003177	album_003005	09/21509.mp3	95.3	mood/theme---positive	mood/theme---relaxing	0.813000	-0.333000	0.330000
track_0022101	artist_000587	album_003080	01/22101.mp3	187.1	mood/theme---dark	-0.604000	-0.204000	-0.148000
track_0026403	artist_003944	album_003615	03/26403.mp3	176.5	mood/theme---inspiring	0.542000	0.096000	0.210000
track_0026404	artist_003944	album_003615	04/26404.mp3	171.4	mood/theme---documentary	mood/theme---emotional	mood/theme---romantic	0.558000	-0.028000	0.146667
track_0026405	artist_003944	album_003615	05/26405.mp3	241.0	mood/theme---melancholic	mood/theme---sad	-0.594000	-0.361000	-0.574000
track_0031207	artist_004347	album_003910	07/31207.mp3	343.9	mood/theme---dream	0.688000	-0.686000	-0.344000
track_0031208	artist_004347	album_003910	08/31208.mp3	468.6	mood/theme---dream	0.688000	-0.686000	-0.344000
track_0031209	artist_004347	album_003910	09/31209.mp3	264.0	mood/theme---dream	0.688000	-0.686000	-0.344000
track_0031210	artist_004347	album_003910	10/31210.mp3	154.4	mood/theme---dream	0.688000	-0.686000	-0.344000
track_0034008	artist_004729	album_004177	08/34008.mp3	190.1	mood/theme---meditative	mood/theme---relaxing	0.468000	-0.723000	-0.071000
track_0034009	artist_004729	album_004177	09/34009.mp3	172.3	mood/theme---meditative	mood/theme---relaxing	0.468000	-0.723000	-0.071000
track_0034010	artist_004729	album_004177	10/34010.mp3	169.2	mood/theme---meditative	mood/theme---relaxing	0.468000	-0.723000	-0.071000
track_0036708	artist_005126	album_004490	08/36708.mp3	338.1	mood/theme---dark	-0.604000	-0.204000	-0.148000
track_0036709	artist_005126	album_004490	09/36709.mp3	354.6	mood/theme---dark	-0.604000	-0.204000	-0.148000
track_0036710	artist_005126	album_004490	10/36710.mp3	471.1	mood/theme---dark	-0.604000	-0.204000	-0.148000
track_0036711	artist_005126	album_004490	11/36711.mp3	384.1	mood/theme---dark	-0.604000	-0.204000	-0.148000
track_0036712	artist_005126	album_004490	12/36712.mp3	580.1	mood/theme---dark	-0.604000	-0.204000	-0.148000
track_0045605	artist_006278	album_005471	05/45605.mp3	204.0	mood/theme---dark	mood/theme---dream	0.042000	-0.445000	-0.246000
track_0045607	artist_006278	album_005471	07/45607.mp3	209.8	mood/theme---dark	mood/theme---dream	0.042000	-0.445000	-0.246000
track_0047400	artist_005721	album_005726	00/47400.mp3	268.1	mood/theme---dream	0.688000	-0.686000	-0.344000
track_0047401	artist_005721	album_005726	01/47401.mp3	296.0	mood/theme---dream	0.688000	-0.686000	-0.344000
track_0047402	artist_005721	album_005726	02/47402.mp3	124.5	mood/theme---dream	0.688000	-0.686000	-0.344000
track_0047403	artist_005721	album_005726	03/47403.mp3	87.9	mood/theme---dream	0.688000	-0.686000	-0.344000
track_0047404	artist_005721	album_005726	04/47404.mp3	62.5	mood/theme---dream	mood/theme---melancholic	0.025000	-0.537000	-0.395000
track_0049100	artist_006808	album_005959	00/49100.mp3	276.0	mood/theme---meditative	0.228000	-0.760000	-0.092000
track_0074000	artist_005240	album_006561	00/74000.mp3	352.2	mood/theme---adventure	mood/theme---corporate	0.509000	0.311000	0.455000
track_0074001	artist_005240	album_006561	01/74001.mp3	240.8	mood/theme---adventure	mood/theme---corporate	0.509000	0.311000	0.455000
track_0078304	artist_007872	album_007098	04/78304.mp3	228.5	mood/theme---drama	mood/theme---emotional	mood/theme---horror	mood/theme---melodic	0.145250	0.469000	0.009500
track_0078305	artist_007872	album_007098	05/78305.mp3	199.5	mood/theme---adventure	mood/theme---drama	mood/theme---emotional	0.417333	0.550667	0.144667
track_0078306	artist_007872	album_007098	06/78306.mp3	210.1	mood/theme---dark	mood/theme---drama	mood/theme---dream	mood/theme---emotional	0.125500	0.012000	-0.119500
track_0078307	artist_007872	album_007098	07/78307.mp3	235.5	mood/theme---ballad	mood/theme---drama	mood/theme---emotional	mood/theme---sad	0.113000	0.043000	-0.210000
track_0078308	artist_007872	album_007098	08/78308.mp3	267.4	mood/theme---adventure	mood/theme---drama	mood/theme---emotional	0.417333	0.550667	0.144667
track_0078309	artist_007872	album_007098	09/78309.mp3	212.0	mood/theme---adventure	mood/theme---drama	0.347000	0.612000	0.191000
track_0078310	artist_007872	album_007098	10/78310.mp3	233.2	mood/theme---adventure	mood/theme---drama	mood/theme---emotional	mood/theme---horror	0.120500	0.588000	0.077500
track_0078311	artist_007872	album_007098	11/78311.mp3	186.2	mood/theme---ballad	mood/theme---drama	mood/theme---emotional	mood/theme---soft	0.380500	-0.034000	-0.168500
track_0078312	artist_007872	album_007098	12/78312.mp3	183.5	mood/theme---adventure	mood/theme---travel	0.848000	0.546000	0.245000
track_0080500	artist_001935	album_007365	00/80500.mp3	129.3	mood/theme---mellow	0.266000	-0.917000	-0.328000
track_0080501	artist_001935	album_007365	01/80501.mp3	193.6	mood/theme---mellow	0.266000	-0.917000	-0.328000
track_0080502	artist_001935	album_007365	02/80502.mp3	129.0	mood/theme---mellow	0.266000	-0.917000	-0.328000
track_0080503	artist_001935	album_007365	03/80503.mp3	153.1	mood/theme---mellow	0.266000	-0.917000	-0.328000
track_0080504	artist_001935	album_007365	04/80504.mp3	111.9	mood/theme---mellow	0.266000	-0.917000	-0.328000
track_0080505	artist_001935	album_007365	05/80505.mp3	197.0	mood/theme---mellow	0.266000	-0.917000	-0.328000
track_0080506	artist_001935	album_007365	06/80506.mp3	117.4	mood/theme---mellow	0.266000	-0.917000	-0.328000
track_0080507	artist_001935	album_007365	07/80507.mp3	151.2	mood/theme---mellow	0.266000	-0.917000	-0.328000
track_0080508	artist_001935	album_007365	08/80508.mp3	237.3	mood/theme---mellow	0.266000	-0.917000	-0.328000
track_0080509	artist_001935	album_007365	09/80509.mp3	193.6	mood/theme---mellow	0.266000	-0.917000	-0.328000
track_0082808	artist_003471	album_007631	08/82808.mp3	148.0	mood/theme---ballad	0.584000	-0.432000	-0.152000
track_0086200	artist_005071	album_008272	00/86200.mp3	122.8	mood/theme---calm	0.750000	-0.900000	-0.373000
track_0089808	artist_007982	album_008697	08/89808.mp3	152.0	mood/theme---cool	0.770000	0.080000	0.562000
track_0094710	artist_007063	album_009604	10/94710.mp3	235.4	mood/theme---drama	-0.140000	0.510000	-0.038000
track_0095400	artist_005361	album_009723	00/95400.mp3	97.0	mood/theme---dark	-0.604000	-0.204000	-0.148000
track_0095408	artist_005361	album_009723	08/95408.mp3	92.3	mood/theme---soft	0.520000	-0.642000	-0.536000
track_0095411	artist_005361	album_009723	11/95411.mp3	110.9	mood/theme---soft	0.520000	-0.642000	-0.536000
track_0095612	artist_336764	album_009831	12/95612.mp3	253.5	mood/theme---happy	0.985000	0.470000	0.390000
track_0099810	artist_001336	album_010924	10/99810.mp3	330.4	mood/theme---dark	mood/theme---slow	-0.445000	-0.565500	-0.428000
track_0099811	artist_001336	album_010924	11/99811.mp3	316.9	mood/theme---dark	mood/theme---slow	-0.445000	-0.565500	-0.428000
track_0099812	artist_001336	album_010924	12/99812.mp3	318.9	mood/theme---dark	mood/theme---slow	-0.445000	-0.565500	-0.428000
track_0100603	artist_336984	album_011091	03/100603.mp3	151.5	mood/theme---advertising	0.244000	0.216000	0.264000
track_0100610	artist_336984	album_011091	10/100610.mp3	203.1	mood/theme---advertising	0.244000	0.216000	0.264000
track_0108505	artist_007392	album_013067	05/108505.mp3	448.5	mood/theme---cool	0.770000	0.080000	0.562000
track_0111012	artist_004116	album_013948	12/111012.mp3	462.7	mood/theme---energetic	mood/theme---happy	0.839500	0.603000	0.597000
track_0114200	artist_006819	album_014943	00/114200.mp3	244.8	mood/theme---relaxing	0.708000	-0.686000	-0.050000
track_0114201	artist_006819	album_014943	01/114201.mp3	291.4	mood/theme---relaxing	0.708000	-0.686000	-0.050000
track_0116600	artist_006186	album_015574	00/116600.mp3	703.8	mood/theme---meditative	0.228000	-0.760000	-0.092000
track_0117800	artist_337576	album_015799	00/117800.mp3	259.0	mood/theme---meditative	0.228000	-0.760000	-0.092000
track_0128300	artist_337907	album_018111	00/128300.mp3	90.1	mood/theme---calm	mood/theme---dream	mood/theme---emotional	0.665333	-0.386000	-0.221667
track_0128301	artist_337907	album_018111	01/128301.mp3	130.5	mood/theme---calm	mood/theme---emotional	0.654000	-0.236000	-0.160500
track_0128306	artist_337907	album_018111	06/128306.mp3	91.2	mood/theme---groovy	0.230000	0.076000	-0.072000
track_0128307	artist_337907	album_018111	07/128307.mp3	87.2	mood/theme---groovy	0.230000	0.076000	-0.072000
track_0128308	artist_337907	album_018111	08/128308.mp3	141.6	mood/theme---groovy	0.230000	0.076000	-0.072000
track_0132205	artist_338059	album_018692	05/132205.mp3	205.6	mood/theme---dream	0.688000	-0.686000	-0.344000
track_0132206	artist_338059	album_018692	06/132206.mp3	322.2	mood/theme---dream	0.688000	-0.686000	-0.344000
track_0132207	artist_338059	album_018692	07/132207.mp3	272.3	mood/theme---dream	0.688000	-0.686000	-0.344000
track_0133600	artist_007063	album_018982	00/133600.mp3	165.0	mood/theme---energetic	mood/theme---sport	0.712000	0.568000	0.559000
track_0141800	artist_338444	album_020266	00/141800.mp3	461.4	mood/theme---deep	mood/theme---soundscape	0.344000	-0.370000	0.132000
track_0146600	artist_338059	album_020957	00/146600.mp3	240.4	mood/theme---dream	0.688000	-0.686000	-0.344000
track_0146602	artist_338059	album_020957	02/146602.mp3	218.0	mood/theme---dream	0.688000	-0.686000	-0.344000
track_0146605	artist_338059	album_020957	05/146605.mp3	217.8	mood/theme---dream	0.688000	-0.686000	-0.344000
track_0146606	artist_338059	album_020957	06/146606.mp3	313.7	mood/theme---dream	0.688000	-0.686000	-0.344000
track_0146607	artist_338059	album_020957	07/146607.mp3	60.0	mood/theme---dream	0.688000	-0.686000	-0.344000
track_0147504	artist_338677	album_021156	04/147504.mp3	321.9	mood/theme---retro	0.300000	-0.448000	-0.358000
track_0152712	artist_338660	album_021772	12/152712.mp3	63.2	mood/theme---ambiental	0.708000	-0.686000	-0.050000
track_0153400	artist_003177	album_021883	00/153400.mp3	290.7	mood/theme---meditative	mood/theme---space	0.414000	-0.563000	0.027000
track_0155502	artist_338660	album_022323	02/155502.mp3	212.0	mood/theme---ambiental	0.708000	-0.686000	-0.050000
track_0155503	artist_338660	album_022323	03/155503.mp3	210.9	mood/theme---ambiental	0.708000	-0.686000	-0.050000
track_0155504	artist_338660	album_022323	04/155504.mp3	329.3	mood/theme---ambiental	0.708000	-0.686000	-0.050000
track_0155505	artist_338660	album_022323	05/155505.mp3	222.2	mood/theme---ambiental	0.708000	-0.686000	-0.050000
track_0155506	artist_338660	album_022323	06/155506.mp3	132.6	mood/theme---ambiental	0.708000	-0.686000	-0.050000
track_0155507	artist_338660	album_022323	07/155507.mp3	361.0	mood/theme---ambiental	0.708000	-0.686000	-0.050000
track_0155508	artist_338660	album_022323	08/155508.mp3	375.4	mood/theme---ambiental	0.708000	-0.686000	-0.050000
track_0155509	artist_338660	album_022323	09/155509.mp3	147.5	mood/theme---ambiental	0.708000	-0.686000	-0.050000
track_0155510	artist_338660	album_022323	10/155510.mp3	254.9	mood/theme---ambiental	0.708000	-0.686000	-0.050000
track_0155511	artist_338660	album_022323	11/155511.mp3	54.6	mood/theme---ambiental	0.708000	-0.686000	-0.050000
track_0155512	artist_338660	album_022323	12/155512.mp3	202.9	mood/theme---ambiental	0.708000	-0.686000	-0.050000
track_0158611	artist_338660	album_022804	11/158611.mp3	160.2	mood/theme---ambiental	0.708000	-0.686000	-0.050000
track_0158612	artist_338660	album_022804	12/158612.mp3	269.5	mood/theme---ambiental	0.708000	-0.686000	-0.050000
track_0159207	artist_339226	album_022879	07/159207.mp3	224.6	mood/theme---melodic	0.933000	0.238000	0.148000
track_0159801	artist_007506	album_022948	01/159801.mp3	433.6	mood/theme---background	mood/theme---film	0.222000	-0.152000	0.064000
track_0159807	artist_007506	album_022948	07/159807.mp3	376.6	mood/theme---background	mood/theme---film	0.222000	-0.152000	0.064000
track_0165309	artist_339383	album_024226	09/165309.mp3	366.5	mood/theme---melodic	mood/theme---relaxing	0.820500	-0.224000	0.049000
track_0165311	artist_339383	album_024226	11/165311.mp3	240.0	mood/theme---melodic	0.933000	0.238000	0.148000
track_0166604	artist_339527	album_024435	04/166604.mp3	183.3	mood/theme---ballad	mood/theme---sad	0.017000	-0.383000	-0.427000
track_0166607	artist_339527	album_024435	07/166607.mp3	212.2	mood/theme---romantic	0.872000	0.062000	0.196000
track_0168800	artist_338660	album_024809	00/168800.mp3	278.0	mood/theme---ambiental	0.708000	-0.686000	-0.050000
track_0168801	artist_338660	album_024809	01/168801.mp3	370.7	mood/theme---ambiental	0.708000	-0.686000	-0.050000
track_0168802	artist_338660	album_024809	02/168802.mp3	136.2	mood/theme---ambiental	0.708000	-0.686000	-0.050000
track_0168803	artist_338660	album_024809	03/168803.mp3	376.0	mood/theme---ambiental	0.708000	-0.686000	-0.050000
track_0168805	artist_338660	album_024809	05/168805.mp3	100.8	mood/theme---ambiental	0.708000	-0.686000	-0.050000
track_0168806	artist_338660	album_024809	06/168806.mp3	299.2	mood/theme---ambiental	0.708000	-0.686000	-0.050000
track_0168807	artist_338660	album_024809	07/168807.mp3	248.7	mood/theme---ambiental	0.708000	-0.686000	-0.050000
track_0168808	artist_338660	album_024809	08/168808.mp3	316.4	mood/theme---ambiental	0.708000	-0.686000	-0.050000
track_0168809	artist_338660	album_024809	09/168809.mp3	158.0	mood/theme---ambiental	0.708000	-0.686000	-0.050000
track_0168810	artist_338660	album_024809	10/168810.mp3	94.0	mood/theme---ambiental	0.708000	-0.686000	-0.050000
track_0168811	artist_338660	album_024809	11/168811.mp3	268.5	mood/theme---ambiental	0.708000	-0.686000	-0.050000
track_0168812	artist_338660	album_024809	12/168812.mp3	208.3	mood/theme---ambiental	0.708000	-0.686000	-0.050000
track_0184207	artist_340347	album_027615	07/184207.mp3	144.4	mood/theme---ambiental	0.708000	-0.686000	-0.050000
track_0202200	artist_008094	album_030054	00/202200.mp3	315.9	mood/theme---film	0.646000	-0.018000	0.132000
track_0202201	artist_008094	album_030054	01/202201.mp3	296.9	mood/theme---film	0.646000	-0.018000	0.132000
track_0202205	artist_008094	album_030054	05/202205.mp3	221.7	mood/theme---film	0.646000	-0.018000	0.132000
track_0202208	artist_008094	album_030054	08/202208.mp3	396.1	mood/theme---film	0.646000	-0.018000	0.132000
track_0206000	artist_341323	album_030556	00/206000.mp3	262.8	mood/theme---documentary	mood/theme---drama	0.052000	-0.032000	0.077000
track_0206006	artist_341323	album_030556	06/206006.mp3	182.0	mood/theme---energetic	0.694000	0.736000	0.804000
track_0206011	artist_341323	album_030556	11/206011.mp3	211.2	mood/theme---energetic	0.694000	0.736000	0.804000
track_0207501	artist_341393	album_030719	01/207501.mp3	208.8	mood/theme---emotional	mood/theme---energetic	0.626000	0.582000	0.428000
track_0207506	artist_341393	album_030719	06/207506.mp3	223.6	mood/theme---emotional	mood/theme---energetic	0.626000	0.582000	0.428000
track_0209006	artist_341393	album_030932	06/209006.mp3	224.8	mood/theme---emotional	0.558000	0.428000	0.052000
track_0209102	artist_341393	album_030932	02/209102.mp3	227.3	mood/theme---emotional	0.558000	0.428000	0.052000
track_0211412	artist_341393	album_031222	12/211412.mp3	245.4	mood/theme---energetic	0.694000	0.736000	0.804000
track_0216906	artist_000989	album_031856	06/216906.mp3	147.3	mood/theme---meditative	0.228000	-0.760000	-0.092000
track_0217705	artist_339226	album_032199	05/217705.mp3	196.7	mood/theme---melodic	0.933000	0.238000	0.148000
track_0217706	artist_339226	album_032199	06/217706.mp3	228.0	mood/theme---melodic	0.933000	0.238000	0.148000
track_0217709	artist_339226	album_032199	09/217709.mp3	259.4	mood/theme---dark	-0.604000	-0.204000	-0.148000
track_0230805	artist_341393	album_034020	05/230805.mp3	214.0	mood/theme---emotional	0.558000	0.428000	0.052000
track_0230903	artist_341393	album_034020	03/230903.mp3	223.2	mood/theme---emotional	0.558000	0.428000	0.052000
track_0230905	artist_341393	album_034020	05/230905.mp3	208.0	mood/theme---emotional	0.558000	0.428000	0.052000
track_0231611	artist_337114	album_034119	11/231611.mp3	390.2	mood/theme---melancholic	-0.638000	-0.388000	-0.446000
track_0236401	artist_002208	album_034523	01/236401.mp3	220.0	mood/theme---ballad	0.584000	-0.432000	-0.152000
track_0238201	artist_343280	album_034729	01/238201.mp3	122.0	mood/theme---romantic	0.872000	0.062000	0.196000
track_0238202	artist_343280	album_034729	02/238202.mp3	100.6	mood/theme---romantic	0.872000	0.062000	0.196000
track_0238203	artist_343280	album_034729	03/238203.mp3	96.2	mood/theme---romantic	0.872000	0.062000	0.196000
track_0238204	artist_343280	album_034729	04/238204.mp3	163.2	mood/theme---romantic	0.872000	0.062000	0.196000
track_0242212	artist_337786	album_035203	12/242212.mp3	183.0	mood/theme---dark	-0.604000	-0.204000	-0.148000
track_0242410	artist_343767	album_035540	10/242410.mp3	296.2	mood/theme---dream	0.688000	-0.686000	-0.344000
track_0242610	artist_343767	album_035540	10/242610.mp3	245.2	mood/theme---dream	0.688000	-0.686000	-0.344000
track_0245406	artist_007506	album_035527	06/245406.mp3	270.5	mood/theme---background	mood/theme---film	0.222000	-0.152000	0.064000
track_0245501	artist_343767	album_035540	01/245501.mp3	189.4	mood/theme---dream	0.688000	-0.686000	-0.344000
track_0248009	artist_344700	album_035836	09/248009.mp3	585.0	mood/theme---meditative	mood/theme---space	0.414000	-0.563000	0.027000
track_0248109	artist_002444	album_035882	09/248109.mp3	349.8	mood/theme---dream	mood/theme---mellow	mood/theme---relaxing	0.554000	-0.763000	-0.240667
track_0250100	artist_004965	album_036034	00/250100.mp3	1267.0	mood/theme---dream	0.688000	-0.686000	-0.344000
track_0251100	artist_004965	album_036179	00/251100.mp3	817.7	mood/theme---dream	0.688000	-0.686000	-0.344000
track_0257205	artist_345727	album_036872	05/257205.mp3	285.3	mood/theme---deep	-0.020000	-0.054000	0.314000
track_0260307	artist_005217	album_037271	07/260307.mp3	211.3	mood/theme---calm	0.750000	-0.900000	-0.373000
track_0260311	artist_005217	album_037271	11/260311.mp3	201.5	mood/theme---fast	0.250000	0.358000	0.290000
track_0261812	artist_339202	album_037432	12/261812.mp3	388.6	mood/theme---dream	0.688000	-0.686000	-0.344000
track_0264302	artist_007625	album_037710	02/264302.mp3	537.6	mood/theme---deep	mood/theme---sad	-0.285000	-0.194000	-0.194000
track_0267904	artist_341323	album_038075	04/267904.mp3	120.0	mood/theme---commercial	mood/theme---documentary	0.428000	-0.297000	0.124000
track_0268310	artist_004118	album_038133	10/268310.mp3	162.0	mood/theme---ambiental	0.708000	-0.686000	-0.050000
track_0268311	artist_004118	album_038133	11/268311.mp3	96.4	mood/theme---ambiental	0.708000	-0.686000	-0.050000
track_0268312	artist_004118	album_038133	12/268312.mp3	268.1	mood/theme---ambiental	0.708000	-0.686000	-0.050000
track_0277804	artist_347359	album_039102	04/277804.mp3	227.4	mood/theme---emotional	0.558000	0.428000	0.052000
track_0277806	artist_347359	album_039102	06/277806.mp3	229.6	mood/theme---adventure	mood/theme---emotional	0.696000	0.571000	0.236000
track_0283205	artist_003581	album_039547	05/283205.mp3	133.3	mood/theme---game	mood/theme---happy	0.727500	0.523000	0.188000
track_0283809	artist_337114	album_039796	09/283809.mp3	285.3	mood/theme---drama	-0.140000	0.510000	-0.038000
track_0290511	artist_347845	album_040199	11/290511.mp3	244.0	mood/theme---relaxing	0.708000	-0.686000	-0.050000
track_0292501	artist_005117	album_040370	01/292501.mp3	171.1	mood/theme---epic	mood/theme---inspiring	mood/theme---powerful	mood/theme---uplifting	0.591000	0.319500	0.517750
track_0313811	artist_338437	album_042473	11/313811.mp3	250.0	mood/theme---cool	0.770000	0.080000	0.562000
track_0313812	artist_338437	album_042473	12/313812.mp3	287.1	mood/theme---cool	0.770000	0.080000	0.562000
track_0316203	artist_349009	album_042739	03/316203.mp3	204.1	mood/theme---energetic	mood/theme---movie	0.639000	0.428000	0.373000
track_0316204	artist_349009	album_042739	04/316204.mp3	176.0	mood/theme---energetic	mood/theme---movie	0.639000	0.428000	0.373000
track_0316205	artist_349009	album_042739	05/316205.mp3	276.9	mood/theme---energetic	mood/theme---movie	0.639000	0.428000	0.373000
track_0316206	artist_349009	album_042739	06/316206.mp3	216.1	mood/theme---energetic	mood/theme---movie	0.639000	0.428000	0.373000
track_0318710	artist_337114	album_043033	10/318710.mp3	253.6	mood/theme---nature	mood/theme---soft	0.617000	-0.637000	-0.125000
track_0324611	artist_336871	album_043607	11/324611.mp3	274.4	mood/theme---ballad	0.584000	-0.432000	-0.152000
track_0324612	artist_336871	album_043607	12/324612.mp3	300.7	mood/theme---ballad	mood/theme---melodic	0.758500	-0.097000	-0.002000
track_0329405	artist_349709	album_044182	05/329405.mp3	178.1	mood/theme---film	mood/theme---inspiring	mood/theme---relaxing	0.632000	-0.202667	0.097333
track_0338209	artist_004965	album_044813	09/338209.mp3	720.4	mood/theme---meditative	0.228000	-0.760000	-0.092000
track_0340512	artist_344700	album_044997	12/340512.mp3	756.0	mood/theme---meditative	mood/theme---relaxing	0.468000	-0.723000	-0.071000
track_0341608	artist_350184	album_045086	08/341608.mp3	199.1	mood/theme---melodic	0.933000	0.238000	0.148000
track_0345903	artist_336871	album_045486	03/345903.mp3	270.3	mood/theme---cool	0.770000	0.080000	0.562000
track_0345905	artist_336871	album_045486	05/345905.mp3	230.0	mood/theme---melodic	0.933000	0.238000	0.148000
track_0345908	artist_336871	album_045486	08/345908.mp3	257.5	mood/theme---meditative	mood/theme---slow	-0.029000	-0.843500	-0.400000
track_0345909	artist_336871	album_045486	09/345909.mp3	280.7	mood/theme---cool	mood/theme---slow	0.242000	-0.423500	-0.073000
track_0345910	artist_336871	album_045486	10/345910.mp3	274.1	mood/theme---ballad	0.584000	-0.432000	-0.152000
track_0345911	artist_336871	album_045486	11/345911.mp3	213.6	mood/theme---cool	0.770000	0.080000	0.562000
track_0347604	artist_341393	album_045709	04/347604.mp3	262.6	mood/theme---emotional	mood/theme---soft	0.539000	-0.107000	-0.242000
track_0348704	artist_350519	album_045760	04/348704.mp3	286.6	mood/theme---party	0.896000	0.680000	0.094000
track_0357511	artist_002741	album_046520	11/357511.mp3	249.1	mood/theme---inspiring	0.542000	0.096000	0.210000
track_0357512	artist_002741	album_046520	12/357512.mp3	352.8	mood/theme---inspiring	0.542000	0.096000	0.210000
track_0360810	artist_341968	album_046778	10/360810.mp3	215.4	mood/theme---commercial	0.612000	-0.020000	0.056000
track_0361002	artist_343767	album_046816	02/361002.mp3	230.7	mood/theme---dream	0.688000	-0.686000	-0.344000
track_0361003	artist_343767	album_046816	03/361003.mp3	332.8	mood/theme---dream	0.688000	-0.686000	-0.344000
track_0361701	artist_343564	album_047808	01/361701.mp3	299.4	mood/theme---heavy	-0.500000	-0.092000	0.200000
track_0366006	artist_348291	album_047223	06/366006.mp3	245.1	mood/theme---melancholic	-0.638000	-0.388000	-0.446000
track_0366009	artist_348291	album_047223	09/366009.mp3	222.7	mood/theme---ballad	mood/theme---hopeful	0.739000	-0.359000	0.051000
track_0366011	artist_348291	album_047223	11/366011.mp3	213.8	mood/theme---ballad	mood/theme---hopeful	mood/theme---melancholic	mood/theme---sad	0.072500	-0.360000	-0.261500
track_0366012	artist_348291	album_047223	12/366012.mp3	165.8	mood/theme---dark	-0.604000	-0.204000	-0.148000
track_0369905	artist_004934	album_047529	05/369905.mp3	261.4	mood/theme---happy	mood/theme---love	mood/theme---summer	0.868333	0.183333	0.241333
track_0369908	artist_004934	album_047529	08/369908.mp3	309.0	mood/theme---deep	-0.020000	-0.054000	0.314000
track_0369910	artist_004934	album_047529	10/369910.mp3	194.6	mood/theme---movie	0.584000	0.120000	-0.058000
track_0373302	artist_340121	album_047767	02/373302.mp3	273.1	mood/theme---meditative	0.228000	-0.760000	-0.092000
track_0376310	artist_350876	album_048048	10/376310.mp3	110.9	mood/theme---dream	mood/theme---space	0.644000	-0.526000	-0.099000
track_0378211	artist_351326	album_048169	11/378211.mp3	423.8	mood/theme---soundscape	0.708000	-0.686000	-0.050000
track_0378605	artist_351691	album_048197	05/378605.mp3	302.4	mood/theme---ballad	0.584000	-0.432000	-0.152000
track_0380612	artist_351588	album_048352	12/380612.mp3	528.1	mood/theme---space	0.600000	-0.366000	0.146000
track_0385608	artist_005801	album_048731	08/385608.mp3	243.9	mood/theme---epic	mood/theme---inspiring	mood/theme---upbeat	0.670667	0.194667	0.491333
track_0387400	artist_003944	album_048890	00/387400.mp3	168.2	mood/theme---dark	mood/theme---inspiring	mood/theme---relaxing	0.215333	-0.264667	0.004000
track_0387401	artist_003944	album_048890	01/387401.mp3	129.8	mood/theme---emotional	mood/theme---melancholic	-0.040000	0.020000	-0.197000
track_0387403	artist_003944	album_048890	03/387403.mp3	276.2	mood/theme---inspiring	0.542000	0.096000	0.210000
track_0387412	artist_003944	album_048892	12/387412.mp3	48.0	mood/theme---inspiring	0.542000	0.096000	0.210000
track_0387501	artist_352042	album_048909	01/387501.mp3	218.0	mood/theme---dream	mood/theme---love	mood/theme---melancholic	mood/theme---romantic	0.479500	-0.169500	-0.090000
track_0387508	artist_352042	album_048909	08/387508.mp3	279.6	mood/theme---powerful	0.566000	0.660000	0.991000
track_0387511	artist_352042	album_048909	11/387511.mp3	261.1	mood/theme---dark	mood/theme---dramatic	mood/theme---emotional	mood/theme---powerful	0.063500	0.361000	0.195250
track_0389702	artist_352100	album_049110	02/389702.mp3	185.3	mood/theme---game	0.470000	0.576000	-0.014000
track_0390000	artist_003786	album_049125	00/390000.mp3	159.5	mood/theme---happy	mood/theme---hopeful	mood/theme---positive	0.932333	0.068000	0.451333
track_0390001	artist_003786	album_049125	01/390001.mp3	177.6	mood/theme---hopeful	mood/theme---inspiring	0.718000	-0.095000	0.232000
track_0390002	artist_003786	album_049125	02/390002.mp3	153.6	mood/theme---children	mood/theme---inspiring	0.628000	0.086000	0.040000
track_0390003	artist_003786	album_049125	03/390003.mp3	136.9	mood/theme---film	mood/theme---hopeful	0.770000	-0.152000	0.193000
track_0390004	artist_003786	album_049125	04/390004.mp3	193.8	mood/theme---sad	-0.550000	-0.334000	-0.702000
track_0391307	artist_342618	album_049247	07/391307.mp3	228.1	mood/theme---film	0.646000	-0.018000	0.132000
track_0392210	artist_352224	album_049317	10/392210.mp3	207.3	mood/theme---melodic	0.933000	0.238000	0.148000
track_0395005	artist_352335	album_049542	05/395005.mp3	315.5	mood/theme---mellow	mood/theme---space	0.433000	-0.641500	-0.091000
track_0399200	artist_003944	album_049823	00/399200.mp3	273.1	mood/theme---happy	mood/theme---inspiring	mood/theme---uplifting	0.689667	0.220667	0.270000
track_0399201	artist_003944	album_049823	01/399201.mp3	206.5	mood/theme---mellow	mood/theme---relaxing	mood/theme---romantic	0.615333	-0.513667	-0.060667
track_0399202	artist_003944	album_049823	02/399202.mp3	220.6	mood/theme---mellow	mood/theme---romantic	0.569000	-0.427500	-0.066000
track_0399203	artist_003944	album_049823	03/399203.mp3	248.1	mood/theme---positive	0.918000	0.020000	0.710000
track_0399204	artist_003944	album_049823	04/399204.mp3	264.9	mood/theme---happy	mood/theme---positive	0.951500	0.245000	0.550000
track_0399401	artist_008094	album_049846	01/399401.mp3	326.0	mood/theme---film	0.646000	-0.018000	0.132000
track_0399500	artist_008094	album_049846	00/399500.mp3	268.0	mood/theme---film	0.646000	-0.018000	0.132000
track_0400107	artist_352042	album_049887	07/400107.mp3	751.8	mood/theme---dark	mood/theme---meditative	-0.188000	-0.482000	-0.120000
track_0429005	artist_006237	album_052257	05/429005.mp3	201.0	mood/theme---ballad	0.584000	-0.432000	-0.152000
track_0429007	artist_006237	album_052257	07/429007.mp3	199.4	mood/theme---ballad	mood/theme---slow	0.149000	-0.679500	-0.430000
track_0432804	artist_353741	album_052546	04/432804.mp3	198.9	mood/theme---sport	0.730000	0.400000	0.314000
track_0442602	artist_336426	album_053442	02/442602.mp3	304.0	mood/theme---film	0.646000	-0.018000	0.132000
track_0461012	artist_352042	album_054952	12/461012.mp3	281.5	mood/theme---powerful	0.566000	0.660000	0.991000
track_0468500	artist_355519	album_056395	00/468500.mp3	237.2	mood/theme---christmas	mood/theme---holiday	0.907000	-0.049000	0.334000
track_0476802	artist_352042	album_056244	02/476802.mp3	188.7	mood/theme---emotional	mood/theme---inspiring	mood/theme---love	mood/theme---melancholic	mood/theme---soft	0.395600	-0.034400	-0.097200
track_0476810	artist_352042	album_056244	10/476810.mp3	162.8	mood/theme---deep	-0.020000	-0.054000	0.314000
track_0477305	artist_355362	album_056298	05/477305.mp3	223.7	mood/theme---corporate	mood/theme---positive	mood/theme---relaxing	0.603333	-0.252667	0.383333
track_0477306	artist_355362	album_056298	06/477306.mp3	383.3	mood/theme---epic	0.714000	0.426000	0.660000
track_0477307	artist_355362	album_056298	07/477307.mp3	333.2	mood/theme---drama	mood/theme---dramatic	mood/theme---emotional	mood/theme---melancholic	mood/theme---sad	-0.207200	0.155200	-0.249600
track_0477308	artist_355362	album_056298	08/477308.mp3	425.1	mood/theme---epic	0.714000	0.426000	0.660000
track_0477309	artist_355362	album_056298	09/477309.mp3	210.2	mood/theme---action	mood/theme---adventure	mood/theme---epic	mood/theme---positive	0.746500	0.489000	0.598500
track_0477310	artist_355362	album_056298	10/477310.mp3	66.9	mood/theme---calm	mood/theme---melancholic	mood/theme---romantic	mood/theme---sad	0.108500	-0.390000	-0.331250
track_0477311	artist_355362	album_056298	11/477311.mp3	130.2	mood/theme---corporate	mood/theme---relaxing	mood/theme---romantic	0.588000	-0.238667	0.212000
track_0477312	artist_355362	album_056298	12/477312.mp3	110.0	mood/theme---action	mood/theme---epic	0.617000	0.611000	0.632000
track_0480707	artist_355612	album_056666	07/480707.mp3	240.0	mood/theme---cool	0.770000	0.080000	0.562000
track_0480712	artist_355612	album_056666	12/480712.mp3	183.0	mood/theme---cool	0.770000	0.080000	0.562000
track_0481709	artist_341393	album_056768	09/481709.mp3	306.3	mood/theme---emotional	mood/theme---romantic	mood/theme---soft	0.650000	-0.050667	-0.096000
track_0501200	artist_353316	album_058672	00/501200.mp3	208.0	mood/theme---emotional	0.558000	0.428000	0.052000
track_0501300	artist_356144	album_058685	00/501300.mp3	103.9	mood/theme---romantic	0.872000	0.062000	0.196000
track_0506100	artist_356362	album_059347	00/506100.mp3	233.3	mood/theme---game	0.470000	0.576000	-0.014000
track_0530904	artist_357887	album_061979	04/530904.mp3	325.9	mood/theme---dream	0.688000	-0.686000	-0.344000
track_0530905	artist_357887	album_061979	05/530905.mp3	317.3	mood/theme---dream	0.688000	-0.686000	-0.344000
track_0530906	artist_357887	album_061979	06/530906.mp3	212.9	mood/theme---dream	0.688000	-0.686000	-0.344000
track_0530907	artist_357887	album_061979	07/530907.mp3	196.6	mood/theme---dream	0.688000	-0.686000	-0.344000
track_0541009	artist_358348	album_063088	09/541009.mp3	192.9	mood/theme---dark	-0.604000	-0.204000	-0.148000
track_0541010	artist_358348	album_063088	10/541010.mp3	130.1	mood/theme---dark	-0.604000	-0.204000	-0.148000
track_0541011	artist_358348	album_063088	11/541011.mp3	154.8	mood/theme---dark	-0.604000	-0.204000	-0.148000
track_0541012	artist_358348	album_063088	12/541012.mp3	156.6	mood/theme---dark	-0.604000	-0.204000	-0.148000
track_0554901	artist_006417	album_064534	01/554901.mp3	244.6	mood/theme---nature	0.714000	-0.632000	0.286000
track_0579302	artist_004116	album_067400	02/579302.mp3	233.4	mood/theme---action	0.520000	0.796000	0.604000
track_0579303	artist_004116	album_067400	03/579303.mp3	220.0	mood/theme---epic	mood/theme---happy	0.849500	0.448000	0.525000
track_0579304	artist_004116	album_067400	04/579304.mp3	162.8	mood/theme---calm	mood/theme---happy	0.867500	-0.215000	0.008500
track_0579308	artist_004116	album_067400	08/579308.mp3	145.9	mood/theme---action	mood/theme---calm	mood/theme---romantic	0.714000	-0.014000	0.142333
track_0579312	artist_004116	album_067400	12/579312.mp3	191.3	mood/theme---sad	mood/theme---space	0.025000	-0.350000	-0.278000
track_0579912	artist_007063	album_066860	12/579912.mp3	173.8	mood/theme---commercial	0.612000	-0.020000	0.056000
track_0587000	artist_337114	album_067874	00/587000.mp3	203.3	mood/theme---relaxing	0.708000	-0.686000	-0.050000
track_0588700	artist_337114	album_067874	00/588700.mp3	228.6	mood/theme---background	mood/theme---relaxing	mood/theme---soft	0.342000	-0.538000	-0.196667
track_0588701	artist_337114	album_067874	01/588701.mp3	228.6	mood/theme---christmas	mood/theme---melodic	mood/theme---relaxing	mood/theme---upbeat	0.828750	-0.086500	0.296000
track_0588703	artist_337114	album_067874	03/588703.mp3	143.8	mood/theme---melodic	0.933000	0.238000	0.148000
track_0588704	artist_337114	album_067874	04/588704.mp3	174.2	mood/theme---relaxing	0.708000	-0.686000	-0.050000
track_0588705	artist_337114	album_067874	05/588705.mp3	188.6	mood/theme---christmas	mood/theme---relaxing	mood/theme---upbeat	0.794000	-0.194667	0.345333
track_0588706	artist_337114	album_067874	06/588706.mp3	313.4	mood/theme---drama	mood/theme---melodic	mood/theme---relaxing	mood/theme---upbeat	0.564250	0.031000	0.166000
track_0588707	artist_337114	album_067874	07/588707.mp3	208.5	mood/theme---melodic	mood/theme---relaxing	0.820500	-0.224000	0.049000
track_0588708	artist_337114	album_067874	08/588708.mp3	187.1	mood/theme---melodic	mood/theme---relaxing	mood/theme---upbeat	0.799000	-0.128667	0.234000
track_0588709	artist_337114	album_067874	09/588709.mp3	132.1	mood/theme---melodic	0.933000	0.238000	0.148000
track_0589408	artist_355362	album_067944	08/589408.mp3	130.7	mood/theme---adventure	mood/theme---epic	mood/theme---love	mood/theme---romantic	0.854000	0.384000	0.377500
track_0589409	artist_355362	album_067944	09/589409.mp3	92.2	mood/theme---action	mood/theme---adventure	mood/theme---epic	0.689333	0.645333	0.561333
track_0589410	artist_355362	album_067944	10/589410.mp3	110.1	mood/theme---love	mood/theme---melancholic	mood/theme---romantic	0.410000	0.002667	-0.005333
track_0589411	artist_355362	album_067944	11/589411.mp3	98.2	mood/theme---action	0.520000	0.796000	0.604000
track_0589412	artist_355362	album_067944	12/589412.mp3	107.4	mood/theme---corporate	mood/theme---relaxing	0.446000	-0.389000	0.220000
track_0600112	artist_341323	album_069335	12/600112.mp3	128.3	mood/theme---adventure	mood/theme---documentary	mood/theme---drama	mood/theme---film	mood/theme---sport	mood/theme---travel	0.529333	0.235000	0.181667
track_0604700	artist_341393	album_069909	00/604700.mp3	221.8	mood/theme---emotional	mood/theme---romantic	mood/theme---soft	0.650000	-0.050667	-0.096000
track_0604701	artist_341393	album_069909	01/604701.mp3	174.7	mood/theme---emotional	mood/theme---romantic	mood/theme---soft	0.650000	-0.050667	-0.096000
track_0606902	artist_006916	album_070337	02/606902.mp3	378.7	mood/theme---relaxing	0.708000	-0.686000	-0.050000
track_0606904	artist_006916	album_070337	04/606904.mp3	288.1	mood/theme---relaxing	0.708000	-0.686000	-0.050000
track_0606911	artist_006916	album_070337	11/606911.mp3	272.0	mood/theme---relaxing	0.708000	-0.686000	-0.050000
track_0608912	artist_361274	album_070504	12/608912.mp3	207.6	mood/theme---happy	mood/theme---romantic	0.928500	0.266000	0.293000
track_0614901	artist_361501	album_071164	01/614901.mp3	226.0	mood/theme---dream	mood/theme---relaxing	0.698000	-0.686000	-0.197000
track_0614902	artist_361501	album_071164	02/614902.mp3	359.6	mood/theme---emotional	0.558000	0.428000	0.052000
track_0620607	artist_002189	album_071877	07/620607.mp3	702.2	mood/theme---cool	0.770000	0.080000	0.562000
track_0620608	artist_002189	album_071877	08/620608.mp3	236.3	mood/theme---energetic	0.694000	0.736000	0.804000
track_0620609	artist_002189	album_071877	09/620609.mp3	308.6	mood/theme---energetic	0.694000	0.736000	0.804000
track_0620611	artist_002189	album_071877	11/620611.mp3	221.6	mood/theme---cool	0.770000	0.080000	0.562000
track_0620612	artist_002189	album_071877	12/620612.mp3	350.9	mood/theme---energetic	0.694000	0.736000	0.804000
track_0620912	artist_337114	album_071979	12/620912.mp3	325.3	mood/theme---relaxing	0.708000	-0.686000	-0.050000
track_0625208	artist_356759	album_072408	08/625208.mp3	292.8	mood/theme---relaxing	0.708000	-0.686000	-0.050000
track_0625209	artist_356759	album_072408	09/625209.mp3	366.7	mood/theme---relaxing	0.708000	-0.686000	-0.050000
track_0625210	artist_356759	album_072408	10/625210.mp3	316.2	mood/theme---relaxing	0.708000	-0.686000	-0.050000
track_0625211	artist_356759	album_072408	11/625211.mp3	260.1	mood/theme---relaxing	0.708000	-0.686000	-0.050000
track_0625212	artist_356759	album_072408	12/625212.mp3	193.6	mood/theme---relaxing	0.708000	-0.686000	-0.050000
track_0628406	artist_362118	album_072779	06/628406.mp3	234.0	mood/theme---documentary	0.244000	-0.574000	0.192000
track_0628407	artist_362118	album_072779	07/628407.mp3	317.0	mood/theme---emotional	0.558000	0.428000	0.052000
track_0628408	artist_362118	album_072779	08/628408.mp3	313.1	mood/theme---happy	mood/theme---travel	0.923500	0.424000	0.230000
track_0628409	artist_362118	album_072779	09/628409.mp3	302.0	mood/theme---love	0.996000	0.334000	0.234000
track_0628410	artist_362118	album_072779	10/628410.mp3	274.2	mood/theme---happy	0.985000	0.470000	0.390000
track_0628412	artist_362118	album_072779	12/628412.mp3	287.9	mood/theme---adventure	mood/theme---dream	mood/theme---emotional	0.693333	0.152000	0.042667
track_0629103	artist_343151	album_072849	03/629103.mp3	371.9	mood/theme---uplifting	0.542000	0.096000	0.210000
track_0633200	artist_340121	album_073275	00/633200.mp3	356.2	mood/theme---dream	mood/theme---love	mood/theme---sad	0.378000	-0.228667	-0.270667
track_0633201	artist_340121	album_073275	01/633201.mp3	388.6	mood/theme---dream	mood/theme---love	0.842000	-0.176000	-0.055000
track_0633206	artist_340121	album_073275	06/633206.mp3	393.6	mood/theme---dream	mood/theme---emotional	mood/theme---love	0.747333	0.025333	-0.019333
track_0635107	artist_004625	album_073505	07/635107.mp3	307.0	mood/theme---travel	0.862000	0.378000	0.070000
track_0635300	artist_354921	album_073525	00/635300.mp3	156.5	mood/theme---emotional	0.558000	0.428000	0.052000
track_0635301	artist_354921	album_073525	01/635301.mp3	120.9	mood/theme---emotional	0.558000	0.428000	0.052000
track_0635305	artist_337741	album_073522	05/635305.mp3	384.2	mood/theme---soundscape	0.708000	-0.686000	-0.050000
track_0635607	artist_340121	album_073562	07/635607.mp3	292.2	mood/theme---dream	0.688000	-0.686000	-0.344000
track_0636309	artist_344764	album_073655	09/636309.mp3	111.6	mood/theme---film	mood/theme---game	0.558000	0.279000	0.059000
track_0636310	artist_344764	album_073655	10/636310.mp3	168.5	mood/theme---film	mood/theme---game	0.558000	0.279000	0.059000
track_0636311	artist_344764	album_073655	11/636311.mp3	286.0	mood/theme---film	mood/theme---game	0.558000	0.279000	0.059000
track_0636312	artist_344764	album_073655	12/636312.mp3	48.6	mood/theme---film	mood/theme---game	0.558000	0.279000	0.059000
track_0646803	artist_346032	album_074961	03/646803.mp3	109.7	mood/theme---sad	-0.550000	-0.334000	-0.702000
track_0646804	artist_346032	album_074961	04/646804.mp3	144.9	mood/theme---sad	-0.550000	-0.334000	-0.702000
track_0659900	artist_359034	album_076553	00/659900.mp3	147.5	mood/theme---dark	-0.604000	-0.204000	-0.148000
track_0659901	artist_359034	album_076553	01/659901.mp3	183.5	mood/theme---dark	-0.604000	-0.204000	-0.148000
track_0659902	artist_359034	album_076553	02/659902.mp3	215.5	mood/theme---dark	-0.604000	-0.204000	-0.148000
track_0659903	artist_359034	album_076553	03/659903.mp3	179.5	mood/theme---dark	-0.604000	-0.204000	-0.148000
track_0659904	artist_359034	album_076553	04/659904.mp3	172.0	mood/theme---dark	-0.604000	-0.204000	-0.148000
track_0661300	artist_008094	album_076717	00/661300.mp3	217.2	mood/theme---film	0.646000	-0.018000	0.132000
track_0661301	artist_008094	album_076717	01/661301.mp3	312.4	mood/theme---film	0.646000	-0.018000	0.132000
track_0661309	artist_008094	album_076717	09/661309.mp3	323.1	mood/theme---film	0.646000	-0.018000	0.132000
track_0661310	artist_008094	album_076717	10/661310.mp3	223.4	mood/theme---film	0.646000	-0.018000	0.132000
track_0661311	artist_008094	album_076717	11/661311.mp3	234.8	mood/theme---film	0.646000	-0.018000	0.132000
track_0661312	artist_008094	album_076717	12/661312.mp3	258.0	mood/theme---film	0.646000	-0.018000	0.132000
track_0661601	artist_362501	album_076763	01/661601.mp3	219.9	mood/theme---groovy	0.230000	0.076000	-0.072000
track_0661602	artist_362501	album_076763	02/661602.mp3	175.3	mood/theme---fun	0.836000	0.686000	0.334000
track_0661603	artist_362501	album_076763	03/661603.mp3	182.5	mood/theme---groovy	mood/theme---uplifting	0.386000	0.086000	0.069000
track_0661604	artist_362501	album_076763	04/661604.mp3	205.0	mood/theme---melodic	0.933000	0.238000	0.148000
track_0661609	artist_362501	album_076763	09/661609.mp3	104.8	mood/theme---energetic	mood/theme---melodic	0.813500	0.487000	0.476000
track_0661610	artist_362501	album_076763	10/661610.mp3	194.4	mood/theme---groovy	0.230000	0.076000	-0.072000
track_0664811	artist_354449	album_077257	11/664811.mp3	347.5	mood/theme---adventure	mood/theme---relaxing	0.771000	0.014000	0.185000
track_0664812	artist_354449	album_077257	12/664812.mp3	384.1	mood/theme---adventure	mood/theme---relaxing	0.771000	0.014000	0.185000
track_0665104	artist_341642	album_077179	04/665104.mp3	489.4	mood/theme---space	0.600000	-0.366000	0.146000
track_0665105	artist_341642	album_077179	05/665105.mp3	294.6	mood/theme---space	0.600000	-0.366000	0.146000
track_0665106	artist_341642	album_077179	06/665106.mp3	418.0	mood/theme---space	0.600000	-0.366000	0.146000
track_0665107	artist_341642	album_077179	07/665107.mp3	515.6	mood/theme---space	0.600000	-0.366000	0.146000
track_0665108	artist_341642	album_077179	08/665108.mp3	274.9	mood/theme---space	0.600000	-0.366000	0.146000
track_0665109	artist_341642	album_077179	09/665109.mp3	233.1	mood/theme---space	0.600000	-0.366000	0.146000
track_0665110	artist_341642	album_077179	10/665110.mp3	331.2	mood/theme---space	0.600000	-0.366000	0.146000
track_0665112	artist_341642	album_077179	12/665112.mp3	317.6	mood/theme---space	0.600000	-0.366000	0.146000
track_0666305	artist_355005	album_077315	05/666305.mp3	81.1	mood/theme---children	mood/theme---funny	0.775000	0.148000	0.001000
track_0671505	artist_362548	album_077887	05/671505.mp3	262.0	mood/theme---ballad	mood/theme---love	0.790000	-0.049000	0.041000
track_0674309	artist_364152	album_078257	09/674309.mp3	68.0	mood/theme---film	0.646000	-0.018000	0.132000
track_0674310	artist_364152	album_078257	10/674310.mp3	59.7	mood/theme---film	0.646000	-0.018000	0.132000
track_0675709	artist_340121	album_078470	09/675709.mp3	296.5	mood/theme---dream	mood/theme---love	mood/theme---meditative	0.637333	-0.370667	-0.067333
track_0677104	artist_006120	album_078708	04/677104.mp3	477.2	mood/theme---melodic	0.933000	0.238000	0.148000
track_0677106	artist_006120	album_078708	06/677106.mp3	373.7	mood/theme---melodic	0.933000	0.238000	0.148000
track_0677107	artist_006120	album_078708	07/677107.mp3	544.7	mood/theme---energetic	0.694000	0.736000	0.804000
track_0677108	artist_006120	album_078708	08/677108.mp3	334.7	mood/theme---energetic	mood/theme---sport	0.712000	0.568000	0.559000
track_0680606	artist_337741	album_079096	06/680606.mp3	270.4	mood/theme---soundscape	0.708000	-0.686000	-0.050000
track_0680607	artist_337741	album_079096	07/680607.mp3	281.9	mood/theme---soundscape	0.708000	-0.686000	-0.050000
track_0680608	artist_337741	album_079096	08/680608.mp3	322.2	mood/theme---soundscape	0.708000	-0.686000	-0.050000
track_0680609	artist_337741	album_079096	09/680609.mp3	248.1	mood/theme---soundscape	0.708000	-0.686000	-0.050000
track_0680610	artist_337741	album_079096	10/680610.mp3	159.8	mood/theme---soundscape	0.708000	-0.686000	-0.050000
track_0682405	artist_340121	album_079368	05/682405.mp3	248.2	mood/theme---epic	0.714000	0.426000	0.660000
track_0682504	artist_340121	album_079368	04/682504.mp3	446.0	mood/theme---dark	mood/theme---dream	0.042000	-0.445000	-0.246000
track_0682600	artist_340121	album_079368	00/682600.mp3	222.0	mood/theme---meditative	0.228000	-0.760000	-0.092000
track_0683802	artist_007872	album_079549	02/683802.mp3	216.3	mood/theme---ballad	0.584000	-0.432000	-0.152000
track_0683804	artist_007872	album_079549	04/683804.mp3	211.1	mood/theme---ballad	0.584000	-0.432000	-0.152000
track_0683805	artist_007872	album_079549	05/683805.mp3	201.9	mood/theme---ballad	0.584000	-0.432000	-0.152000
track_0683807	artist_007872	album_079549	07/683807.mp3	206.1	mood/theme---dark	-0.604000	-0.204000	-0.148000
track_0697303	artist_365230	album_081319	03/697303.mp3	64.0	mood/theme---funny	0.836000	0.220000	0.132000
track_0698107	artist_356877	album_081423	07/698107.mp3	220.2	mood/theme---party	0.896000	0.680000	0.094000
track_0698108	artist_356877	album_081423	08/698108.mp3	175.0	mood/theme---fast	0.250000	0.358000	0.290000
track_0699100	artist_351032	album_081503	00/699100.mp3	183.2	mood/theme---game	0.470000	0.576000	-0.014000
track_0700907	artist_004793	album_081738	07/700907.mp3	270.9	mood/theme---dream	mood/theme---meditative	0.458000	-0.723000	-0.218000
track_0700909	artist_004793	album_081738	09/700909.mp3	323.5	mood/theme---dream	mood/theme---meditative	0.458000	-0.723000	-0.218000
track_0702500	artist_355362	album_081921	00/702500.mp3	115.5	mood/theme---drama	mood/theme---dramatic	mood/theme---film	mood/theme---melancholic	-0.099500	0.166000	-0.116500
track_0702501	artist_355362	album_081921	01/702501.mp3	126.1	mood/theme---dramatic	mood/theme---film	0.190000	0.271000	0.009000
track_0702502	artist_355362	album_081921	02/702502.mp3	105.0	mood/theme---drama	mood/theme---dramatic	mood/theme---film	mood/theme---love	mood/theme---romantic	0.421600	0.289600	0.082000
track_0702503	artist_355362	album_081921	03/702503.mp3	151.8	mood/theme---dream	0.688000	-0.686000	-0.344000
track_0702504	artist_355362	album_081921	04/702504.mp3	35.2	mood/theme---drama	mood/theme---film	0.253000	0.246000	0.047000
track_0702505	artist_355362	album_081921	05/702505.mp3	184.1	mood/theme---drama	mood/theme---emotional	mood/theme---romantic	0.430000	0.333333	0.070000
track_0708401	artist_341323	album_082646	01/708401.mp3	181.9	mood/theme---meditative	mood/theme---nature	mood/theme---relaxing	0.550000	-0.692667	0.048000
track_0718300	artist_366162	album_083791	00/718300.mp3	209.3	mood/theme---background	mood/theme---melodic	0.365500	-0.024000	0.072000
track_0718301	artist_366162	album_083791	01/718301.mp3	152.5	mood/theme---melancholic	mood/theme---retro	-0.169000	-0.418000	-0.402000
track_0718302	artist_366162	album_083791	02/718302.mp3	176.1	mood/theme---background	-0.202000	-0.286000	-0.004000
track_0718304	artist_366162	album_083791	04/718304.mp3	213.6	mood/theme---background	mood/theme---cool	0.284000	-0.103000	0.279000
track_0718305	artist_366162	album_083791	05/718305.mp3	170.4	mood/theme---background	-0.202000	-0.286000	-0.004000
track_0718307	artist_366162	album_083791	07/718307.mp3	183.3	mood/theme---background	mood/theme---melodic	0.365500	-0.024000	0.072000
track_0718308	artist_366162	album_083791	08/718308.mp3	179.0	mood/theme---background	-0.202000	-0.286000	-0.004000
track_0718311	artist_366162	album_083791	11/718311.mp3	209.1	mood/theme---melodic	mood/theme---soft	0.726500	-0.202000	-0.194000
track_0725211	artist_366456	album_084719	11/725211.mp3	180.1	mood/theme---meditative	0.228000	-0.760000	-0.092000
track_0725212	artist_366456	album_084719	12/725212.mp3	246.1	mood/theme---dream	mood/theme---meditative	mood/theme---relaxing	0.541333	-0.710667	-0.162000
track_0726601	artist_362679	album_084898	01/726601.mp3	217.1	mood/theme---action	0.520000	0.796000	0.604000
track_0726908	artist_366549	album_084946	08/726908.mp3	394.9	mood/theme---dream	0.688000	-0.686000	-0.344000
track_0727904	artist_002740	album_085078	04/727904.mp3	134.8	mood/theme---drama	mood/theme---emotional	0.209000	0.469000	0.007000
track_0727905	artist_002740	album_085078	05/727905.mp3	149.6	mood/theme---emotional	mood/theme---groovy	0.394000	0.252000	-0.010000
track_0727906	artist_002740	album_085078	06/727906.mp3	104.1	mood/theme---corporate	mood/theme---drama	mood/theme---emotional	mood/theme---groovy	0.208000	0.230500	0.108000
track_0727907	artist_002740	album_085078	07/727907.mp3	137.9	mood/theme---drama	mood/theme---emotional	0.209000	0.469000	0.007000
track_0727908	artist_002740	album_085078	08/727908.mp3	132.2	mood/theme---emotional	mood/theme---groovy	mood/theme---inspiring	mood/theme---positive	mood/theme---uplifting	0.558000	0.143200	0.222000
track_0727909	artist_002740	album_085078	09/727909.mp3	139.0	mood/theme---drama	mood/theme---groovy	0.045000	0.293000	-0.055000
track_0727910	artist_002740	album_085078	10/727910.mp3	192.3	mood/theme---groovy	mood/theme---inspiring	0.386000	0.086000	0.069000
track_0727911	artist_002740	album_085078	11/727911.mp3	147.2	mood/theme---relaxing	0.708000	-0.686000	-0.050000
track_0728111	artist_002740	album_085097	11/728111.mp3	145.0	mood/theme---drama	-0.140000	0.510000	-0.038000
track_0729300	artist_338447	album_085233	00/729300.mp3	323.9	mood/theme---film	0.646000	-0.018000	0.132000
track_0729301	artist_338447	album_085233	01/729301.mp3	204.7	mood/theme---film	0.646000	-0.018000	0.132000
track_0729302	artist_338447	album_085233	02/729302.mp3	233.7	mood/theme---film	0.646000	-0.018000	0.132000
track_0729303	artist_338447	album_085233	03/729303.mp3	316.2	mood/theme---film	0.646000	-0.018000	0.132000
track_0729304	artist_338447	album_085233	04/729304.mp3	399.8	mood/theme---film	0.646000	-0.018000	0.132000
track_0729305	artist_338447	album_085233	05/729305.mp3	279.9	mood/theme---film	0.646000	-0.018000	0.132000
track_0729306	artist_338447	album_085233	06/729306.mp3	282.0	mood/theme---film	0.646000	-0.018000	0.132000
track_0729307	artist_338447	album_085233	07/729307.mp3	269.8	mood/theme---film	0.646000	-0.018000	0.132000
track_0729308	artist_338447	album_085233	08/729308.mp3	208.7	mood/theme---film	0.646000	-0.018000	0.132000
track_0729309	artist_338447	album_085233	09/729309.mp3	329.3	mood/theme---film	0.646000	-0.018000	0.132000
track_0747506	artist_337741	album_087400	06/747506.mp3	330.1	mood/theme---soundscape	0.708000	-0.686000	-0.050000
track_0749611	artist_357317	album_087671	11/749611.mp3	297.6	mood/theme---melodic	0.933000	0.238000	0.148000
track_0749612	artist_357317	album_087671	12/749612.mp3	219.4	mood/theme---melodic	0.933000	0.238000	0.148000
track_0752300	artist_347673	album_088021	00/752300.mp3	121.7	mood/theme---background	-0.202000	-0.286000	-0.004000
track_0757500	artist_365142	album_088601	00/757500.mp3	107.0	mood/theme---adventure	mood/theme---dream	mood/theme---love	mood/theme---melodic	mood/theme---nature	0.833000	-0.006400	0.148800
track_0759300	artist_350333	album_088801	00/759300.mp3	198.6	mood/theme---game	0.470000	0.576000	-0.014000
track_0759301	artist_350333	album_088801	01/759301.mp3	154.1	mood/theme---game	0.470000	0.576000	-0.014000
track_0759302	artist_350333	album_088801	02/759302.mp3	227.7	mood/theme---game	0.470000	0.576000	-0.014000
track_0759303	artist_350333	album_088801	03/759303.mp3	60.8	mood/theme---game	0.470000	0.576000	-0.014000
track_0759304	artist_350333	album_088801	04/759304.mp3	188.2	mood/theme---game	0.470000	0.576000	-0.014000
track_0760009	artist_368019	album_088908	09/760009.mp3	112.4	mood/theme---dark	-0.604000	-0.204000	-0.148000
track_0765209	artist_352172	album_089629	09/765209.mp3	292.1	mood/theme---dream	mood/theme---romantic	0.780000	-0.312000	-0.074000
track_0768506	artist_337391	album_090035	06/768506.mp3	187.9	mood/theme---epic	0.714000	0.426000	0.660000
track_0768905	artist_347104	album_090076	05/768905.mp3	605.4	mood/theme---epic	0.714000	0.426000	0.660000
track_0768910	artist_347104	album_090076	10/768910.mp3	467.5	mood/theme---epic	0.714000	0.426000	0.660000
track_0779309	artist_341968	album_091315	09/779309.mp3	264.0	mood/theme---film	0.646000	-0.018000	0.132000
track_0783503	artist_369008	album_091891	03/783503.mp3	154.3	mood/theme---game	0.470000	0.576000	-0.014000
track_0783508	artist_369008	album_091891	08/783508.mp3	99.1	mood/theme---sad	-0.550000	-0.334000	-0.702000
track_0783509	artist_369008	album_091891	09/783509.mp3	128.2	mood/theme---relaxing	0.708000	-0.686000	-0.050000
track_0784902	artist_365142	album_092073	02/784902.mp3	202.3	mood/theme---action	mood/theme---sport	0.625000	0.598000	0.459000
track_0785607	artist_369094	album_092143	07/785607.mp3	114.2	mood/theme---romantic	0.872000	0.062000	0.196000
track_0786205	artist_002189	album_092202	05/786205.mp3	341.5	mood/theme---dream	0.688000	-0.686000	-0.344000
track_0786206	artist_002189	album_092202	06/786206.mp3	217.4	mood/theme---dream	0.688000	-0.686000	-0.344000
track_0794600	artist_369472	album_093251	00/794600.mp3	239.7	mood/theme---film	0.646000	-0.018000	0.132000
track_0794804	artist_369472	album_093251	04/794804.mp3	367.2	mood/theme---film	0.646000	-0.018000	0.132000
track_0795410	artist_340262	album_093346	10/795410.mp3	240.0	mood/theme---action	mood/theme---energetic	0.607000	0.766000	0.704000
track_0798200	artist_370191	album_094038	00/798200.mp3	58.1	mood/theme---epic	mood/theme---film	mood/theme---trailer	0.480667	0.129333	0.246000
track_0798201	artist_370191	album_094038	01/798201.mp3	257.9	mood/theme---epic	mood/theme---film	mood/theme---trailer	0.480667	0.129333	0.246000
track_0801407	artist_349009	album_093808	07/801407.mp3	372.8	mood/theme---dark	mood/theme---energetic	0.045000	0.266000	0.328000
track_0807111	artist_356511	album_094319	11/807111.mp3	345.2	mood/theme---film	0.646000	-0.018000	0.132000
track_0810100	artist_368880	album_094635	00/810100.mp3	313.9	mood/theme---relaxing	0.708000	-0.686000	-0.050000
track_0816200	artist_365142	album_095316	00/816200.mp3	182.4	mood/theme---children	mood/theme---documentary	mood/theme---emotional	mood/theme---love	mood/theme---soft	0.606400	-0.075600	-0.037600
track_0816201	artist_365142	album_095316	01/816201.mp3	138.5	mood/theme---documentary	mood/theme---dream	mood/theme---emotional	mood/theme---love	0.621500	-0.124500	0.033500
track_0816202	artist_365142	album_095316	02/816202.mp3	200.9	mood/theme---documentary	mood/theme---drama	mood/theme---emotional	mood/theme---love	mood/theme---soft	0.435600	0.011200	-0.019200
track_0818600	artist_002740	album_095667	00/818600.mp3	76.9	mood/theme---epic	mood/theme---powerful	0.640000	0.543000	0.825500
track_0818601	artist_002740	album_095667	01/818601.mp3	146.8	mood/theme---epic	mood/theme---film	0.680000	0.204000	0.396000
track_0818602	artist_002740	album_095667	02/818602.mp3	68.1	mood/theme---adventure	mood/theme---drama	mood/theme---film	0.446667	0.402000	0.171333
track_0818603	artist_002740	album_095667	03/818603.mp3	88.6	mood/theme---epic	mood/theme---film	0.680000	0.204000	0.396000
track_0818605	artist_002740	album_095667	05/818605.mp3	73.4	mood/theme---epic	0.714000	0.426000	0.660000
track_0818606	artist_002740	album_095667	06/818606.mp3	175.5	mood/theme---adventure	mood/theme---drama	mood/theme---epic	0.469333	0.550000	0.347333
track_0818607	artist_002740	album_095667	07/818607.mp3	55.2	mood/theme---epic	mood/theme---trailer	0.398000	0.203000	0.303000
track_0818608	artist_002740	album_095667	08/818608.mp3	90.3	mood/theme---epic	mood/theme---film	0.680000	0.204000	0.396000
track_0818610	artist_002740	album_095669	10/818610.mp3	66.9	mood/theme---adventure	mood/theme---emotional	0.696000	0.571000	0.236000
track_0818611	artist_002740	album_095669	11/818611.mp3	148.8	mood/theme---adventure	0.834000	0.714000	0.420000
track_0818612	artist_002740	album_095669	12/818612.mp3	30.8	mood/theme---adventure	mood/theme---epic	0.774000	0.570000	0.540000
track_0824300	artist_364644	album_096389	00/824300.mp3	162.3	mood/theme---dark	mood/theme---deep	mood/theme---epic	mood/theme---movie	0.168500	0.072000	0.192000
track_0824301	artist_364644	album_096389	01/824301.mp3	206.7	mood/theme---action	mood/theme---epic	mood/theme---powerful	0.600000	0.627333	0.751667
track_0824302	artist_364644	album_096389	02/824302.mp3	183.7	mood/theme---epic	mood/theme---hopeful	mood/theme---movie	mood/theme---powerful	0.689500	0.230000	0.461750
track_0824303	artist_364644	album_096389	03/824303.mp3	175.7	mood/theme---epic	mood/theme---movie	mood/theme---powerful	0.621333	0.402000	0.531000
track_0824304	artist_364644	album_096389	04/824304.mp3	144.6	mood/theme---action	mood/theme---epic	mood/theme---movie	0.606000	0.447333	0.402000
track_0824305	artist_364644	album_096389	05/824305.mp3	115.9	mood/theme---dark	mood/theme---epic	mood/theme---movie	0.231333	0.114000	0.151333
track_0824306	artist_364644	album_096389	06/824306.mp3	298.7	mood/theme---deep	mood/theme---hopeful	mood/theme---movie	0.486000	-0.073333	0.170000
track_0828909	artist_347891	album_098889	09/828909.mp3	272.0	mood/theme---dream	0.688000	-0.686000	-0.344000
track_0834109	artist_346131	album_097535	09/834109.mp3	363.0	mood/theme---space	0.600000	-0.366000	0.146000
track_0840600	artist_371725	album_098339	00/840600.mp3	184.1	mood/theme---happy	0.985000	0.470000	0.390000
track_0842401	artist_371757	album_098432	01/842401.mp3	266.6	mood/theme---epic	mood/theme---powerful	mood/theme---uplifting	0.607333	0.394000	0.620333
track_0842402	artist_371757	album_098432	02/842402.mp3	270.6	mood/theme---epic	mood/theme---powerful	mood/theme---uplifting	0.607333	0.394000	0.620333
track_0842403	artist_371757	album_098432	03/842403.mp3	231.6	mood/theme---epic	mood/theme---powerful	mood/theme---uplifting	0.607333	0.394000	0.620333
track_0843206	artist_363229	album_098556	06/843206.mp3	155.1	mood/theme---meditative	0.228000	-0.760000	-0.092000
track_0843207	artist_363229	album_098556	07/843207.mp3	174.0	mood/theme---meditative	0.228000	-0.760000	-0.092000
track_0843208	artist_363229	album_098556	08/843208.mp3	170.2	mood/theme---meditative	0.228000	-0.760000	-0.092000
track_0843211	artist_363229	album_098556	11/843211.mp3	168.0	mood/theme---meditative	0.228000	-0.760000	-0.092000
track_0843212	artist_363229	album_098556	12/843212.mp3	165.3	mood/theme---meditative	0.228000	-0.760000	-0.092000
track_0843404	artist_365142	album_098561	04/843404.mp3	233.7	mood/theme---drama	mood/theme---emotional	mood/theme---soft	mood/theme---travel	0.450000	0.168500	-0.113000
track_0843405	artist_365142	album_098561	05/843405.mp3	145.0	mood/theme---drama	mood/theme---emotional	mood/theme---soft	0.312667	0.098667	-0.174000
track_0843406	artist_365142	album_098561	06/843406.mp3	160.7	mood/theme---documentary	mood/theme---meditative	mood/theme---nature	0.395333	-0.655333	0.128667
track_0843407	artist_365142	album_098561	07/843407.mp3	226.3	mood/theme---action	mood/theme---drama	mood/theme---horror	-0.130000	0.668667	0.147333
track_0843408	artist_365142	album_098561	08/843408.mp3	203.7	mood/theme---drama	mood/theme---emotional	mood/theme---soft	0.312667	0.098667	-0.174000
track_0843409	artist_365142	album_098561	09/843409.mp3	146.9	mood/theme---christmas	mood/theme---emotional	mood/theme---nature	mood/theme---soft	0.677500	-0.201500	0.071000
track_0843410	artist_365142	album_098561	10/843410.mp3	227.1	mood/theme---documentary	mood/theme---drama	mood/theme---nature	mood/theme---soft	0.334500	-0.334500	-0.024000
track_0846405	artist_364878	album_098940	05/846405.mp3	214.3	mood/theme---dream	0.688000	-0.686000	-0.344000
track_0846501	artist_360462	album_098926	01/846501.mp3	102.0	mood/theme---nature	0.714000	-0.632000	0.286000
track_0847200	artist_347673	album_099004	00/847200.mp3	65.4	mood/theme---meditative	mood/theme---relaxing	0.468000	-0.723000	-0.071000
track_0858712	artist_366613	album_100495	12/858712.mp3	522.1	mood/theme---epic	mood/theme---film	mood/theme---game	0.610000	0.328000	0.259333
track_0860007	artist_337741	album_100668	07/860007.mp3	395.6	mood/theme---soundscape	0.708000	-0.686000	-0.050000
track_0865201	artist_361353	album_101367	01/865201.mp3	211.7	mood/theme---melancholic	-0.638000	-0.388000	-0.446000
track_0866705	artist_355362	album_101584	05/866705.mp3	194.5	mood/theme---epic	mood/theme---film	mood/theme---movie	0.648000	0.176000	0.244667
track_0866706	artist_355362	album_101584	06/866706.mp3	107.4	mood/theme---movie	0.584000	0.120000	-0.058000
track_0866707	artist_355362	album_101584	07/866707.mp3	137.6	mood/theme---dark	mood/theme---epic	mood/theme---trailer	0.064000	0.067333	0.152667
track_0866708	artist_355362	album_101584	08/866708.mp3	80.3	mood/theme---movie	0.584000	0.120000	-0.058000
track_0866709	artist_355362	album_101584	09/866709.mp3	98.7	mood/theme---dramatic	mood/theme---epic	mood/theme---movie	0.344000	0.368667	0.162667
track_0866710	artist_355362	album_101584	10/866710.mp3	143.1	mood/theme---dramatic	mood/theme---epic	mood/theme---film	mood/theme---movie	0.419500	0.272000	0.155000
track_0869207	artist_340676	album_101931	07/869207.mp3	257.6	mood/theme---melancholic	-0.638000	-0.388000	-0.446000
track_0872000	artist_362636	album_102312	00/872000.mp3	395.2	mood/theme---uplifting	0.542000	0.096000	0.210000
track_0872001	artist_362636	album_102312	01/872001.mp3	307.4	mood/theme---energetic	0.694000	0.736000	0.804000
track_0872003	artist_362636	album_102312	03/872003.mp3	294.3	mood/theme---energetic	0.694000	0.736000	0.804000
track_0873804	artist_007805	album_102547	04/873804.mp3	224.0	mood/theme---slow	-0.286000	-0.927000	-0.708000
track_0875306	artist_344764	album_102732	06/875306.mp3	184.0	mood/theme---calm	0.750000	-0.900000	-0.373000
track_0875308	artist_344764	album_102732	08/875308.mp3	217.4	mood/theme---background	-0.202000	-0.286000	-0.004000
track_0878306	artist_005721	album_103160	06/878306.mp3	459.2	mood/theme---dream	mood/theme---melancholic	mood/theme---uplifting	0.197333	-0.326000	-0.193333
track_0878307	artist_005721	album_103160	07/878307.mp3	457.6	mood/theme---dream	mood/theme---uplifting	0.615000	-0.295000	-0.067000
track_0878308	artist_005721	album_103160	08/878308.mp3	222.8	mood/theme---dream	0.688000	-0.686000	-0.344000
track_0878309	artist_005721	album_103160	09/878309.mp3	329.1	mood/theme---dream	mood/theme---melancholic	mood/theme---uplifting	0.197333	-0.326000	-0.193333
track_0878310	artist_005721	album_103160	10/878310.mp3	504.2	mood/theme---dream	mood/theme---uplifting	0.615000	-0.295000	-0.067000
track_0880702	artist_364882	album_103465	02/880702.mp3	703.9	mood/theme---christmas	0.918000	0.040000	0.482000
track_0887202	artist_376782	album_104336	02/887202.mp3	193.0	mood/theme---energetic	0.694000	0.736000	0.804000
track_0887203	artist_376782	album_104336	03/887203.mp3	338.9	mood/theme---energetic	0.694000	0.736000	0.804000
track_0887204	artist_376782	album_104336	04/887204.mp3	211.3	mood/theme---energetic	0.694000	0.736000	0.804000
track_0887205	artist_376782	album_104336	05/887205.mp3	99.7	mood/theme---energetic	0.694000	0.736000	0.804000
track_0887206	artist_376782	album_104336	06/887206.mp3	198.9	mood/theme---energetic	0.694000	0.736000	0.804000
track_0887207	artist_376782	album_104336	07/887207.mp3	198.9	mood/theme---energetic	0.694000	0.736000	0.804000
track_0887208	artist_376782	album_104336	08/887208.mp3	202.9	mood/theme---energetic	0.694000	0.736000	0.804000
track_0887209	artist_376782	album_104336	09/887209.mp3	325.1	mood/theme---energetic	0.694000	0.736000	0.804000
track_0887210	artist_376782	album_104336	10/887210.mp3	241.0	mood/theme---energetic	0.694000	0.736000	0.804000
track_0887211	artist_376782	album_104336	11/887211.mp3	197.4	mood/theme---energetic	0.694000	0.736000	0.804000
track_0889606	artist_374651	album_104616	06/889606.mp3	305.3	mood/theme---relaxing	mood/theme---slow	0.211000	-0.806500	-0.379000
track_0889610	artist_374651	album_104616	10/889610.mp3	446.1	mood/theme---relaxing	mood/theme---slow	0.211000	-0.806500	-0.379000
track_0890103	artist_362548	album_104694	03/890103.mp3	151.0	mood/theme---energetic	0.694000	0.736000	0.804000
track_0890610	artist_340121	album_104742	10/890610.mp3	568.7	mood/theme---love	0.996000	0.334000	0.234000
track_0891912	artist_352350	album_104906	12/891912.mp3	264.0	mood/theme---film	0.646000	-0.018000	0.132000
track_0892001	artist_352350	album_104914	01/892001.mp3	261.4	mood/theme---film	0.646000	-0.018000	0.132000
track_0892004	artist_352350	album_104914	04/892004.mp3	161.5	mood/theme---groovy	0.230000	0.076000	-0.072000
track_0893400	artist_356592	album_105098	00/893400.mp3	54.0	mood/theme---dark	-0.604000	-0.204000	-0.148000
track_0893401	artist_356592	album_105098	01/893401.mp3	42.0	mood/theme---dark	-0.604000	-0.204000	-0.148000
track_0893402	artist_356592	album_105098	02/893402.mp3	70.0	mood/theme---dark	-0.604000	-0.204000	-0.148000
track_0893403	artist_356592	album_105098	03/893403.mp3	40.0	mood/theme---energetic	mood/theme---film	0.670000	0.359000	0.468000
track_0893404	artist_356592	album_105098	04/893404.mp3	39.1	mood/theme---christmas	0.918000	0.040000	0.482000
track_0893409	artist_350284	album_105106	09/893409.mp3	164.0	mood/theme---epic	0.714000	0.426000	0.660000
track_0893501	artist_350284	album_105106	01/893501.mp3	252.0	mood/theme---epic	0.714000	0.426000	0.660000
track_0893810	artist_368880	album_105144	10/893810.mp3	261.0	mood/theme---nature	0.714000	-0.632000	0.286000
track_0896604	artist_341278	album_105490	04/896604.mp3	247.7	mood/theme---energetic	0.694000	0.736000	0.804000
track_0896606	artist_341278	album_105490	06/896606.mp3	238.4	mood/theme---energetic	0.694000	0.736000	0.804000
track_0896611	artist_341278	album_105490	11/896611.mp3	247.4	mood/theme---energetic	0.694000	0.736000	0.804000
track_0897105	artist_004812	album_105547	05/897105.mp3	425.0	mood/theme---calm	mood/theme---relaxing	0.729000	-0.793000	-0.211500
track_0902704	artist_001885	album_106292	04/902704.mp3	268.6	mood/theme---melodic	0.933000	0.238000	0.148000
track_0902705	artist_001885	album_106292	05/902705.mp3	317.7	mood/theme---melodic	0.933000	0.238000	0.148000
track_0902706	artist_001885	album_106292	06/902706.mp3	296.2	mood/theme---melodic	0.933000	0.238000	0.148000
track_0902707	artist_001885	album_106292	07/902707.mp3	282.5	mood/theme---melodic	0.933000	0.238000	0.148000
track_0902708	artist_001885	album_106292	08/902708.mp3	209.9	mood/theme---melodic	0.933000	0.238000	0.148000
track_0902710	artist_001885	album_106292	10/902710.mp3	351.1	mood/theme---melodic	0.933000	0.238000	0.148000
track_0902711	artist_001885	album_106292	11/902711.mp3	228.1	mood/theme---melodic	0.933000	0.238000	0.148000
track_0902712	artist_001885	album_106292	12/902712.mp3	183.6	mood/theme---melodic	0.933000	0.238000	0.148000
track_0903600	artist_347673	album_106400	00/903600.mp3	155.6	mood/theme---background	mood/theme---relaxing	0.253000	-0.486000	-0.027000
track_0903601	artist_347673	album_106400	01/903601.mp3	157.9	mood/theme---background	mood/theme---relaxing	0.253000	-0.486000	-0.027000
track_0903602	artist_347673	album_106400	02/903602.mp3	131.7	mood/theme---background	mood/theme---relaxing	0.253000	-0.486000	-0.027000
track_0903603	artist_347673	album_106400	03/903603.mp3	235.4	mood/theme---background	mood/theme---relaxing	0.253000	-0.486000	-0.027000
track_0903604	artist_347673	album_106400	04/903604.mp3	141.7	mood/theme---background	mood/theme---relaxing	0.253000	-0.486000	-0.027000
track_0903605	artist_347673	album_106400	05/903605.mp3	134.5	mood/theme---background	mood/theme---relaxing	0.253000	-0.486000	-0.027000
track_0905011	artist_337741	album_106581	11/905011.mp3	256.7	mood/theme---soundscape	0.708000	-0.686000	-0.050000
track_0905012	artist_337741	album_106581	12/905012.mp3	279.5	mood/theme---soundscape	0.708000	-0.686000	-0.050000
track_0907106	artist_348254	album_107229	06/907106.mp3	360.0	mood/theme---film	0.646000	-0.018000	0.132000
track_0907107	artist_348254	album_107229	07/907107.mp3	355.2	mood/theme---film	0.646000	-0.018000	0.132000
track_0907108	artist_348254	album_107229	08/907108.mp3	188.9	mood/theme---film	0.646000	-0.018000	0.132000
track_0910810	artist_375935	album_107762	10/910810.mp3	200.0	mood/theme---horror	-0.770000	0.700000	-0.124000
track_0912701	artist_384306	album_108011	01/912701.mp3	293.3	mood/theme---dark	-0.604000	-0.204000	-0.148000
track_0913700	artist_342174	album_108167	00/913700.mp3	269.3	mood/theme---retro	0.300000	-0.448000	-0.358000
track_0913701	artist_342174	album_108167	01/913701.mp3	298.0	mood/theme---retro	0.300000	-0.448000	-0.358000
track_0913702	artist_342174	album_108167	02/913702.mp3	318.0	mood/theme---retro	0.300000	-0.448000	-0.358000
track_0919605	artist_337741	album_108930	05/919605.mp3	316.2	mood/theme---melodic	mood/theme---soundscape	0.820500	-0.224000	0.049000
track_0919606	artist_337741	album_108930	06/919606.mp3	440.4	mood/theme---melodic	mood/theme---soundscape	0.820500	-0.224000	0.049000
track_0919607	artist_337741	album_108930	07/919607.mp3	393.3	mood/theme---melodic	mood/theme---soundscape	0.820500	-0.224000	0.049000
track_0920000	artist_365142	album_108992	00/920000.mp3	202.2	mood/theme---children	mood/theme---documentary	mood/theme---dream	0.548667	-0.394667	-0.094000
track_0920001	artist_365142	album_108992	01/920001.mp3	234.1	mood/theme---documentary	mood/theme---emotional	0.401000	-0.073000	0.122000
track_0925507	artist_347673	album_109448	07/925507.mp3	145.0	mood/theme---background	mood/theme---emotional	0.178000	0.071000	0.024000
track_0926201	artist_365914	album_109517	01/926201.mp3	198.1	mood/theme---ballad	mood/theme---slow	0.149000	-0.679500	-0.430000
track_0926202	artist_365914	album_109517	02/926202.mp3	134.0	mood/theme---ballad	0.584000	-0.432000	-0.152000
track_0926203	artist_365914	album_109517	03/926203.mp3	238.7	mood/theme---ballad	0.584000	-0.432000	-0.152000
track_0933502	artist_363229	album_109656	02/933502.mp3	259.1	mood/theme---love	mood/theme---meditative	0.612000	-0.213000	0.071000
track_0933505	artist_363229	album_109656	05/933505.mp3	285.3	mood/theme---love	mood/theme---meditative	0.612000	-0.213000	0.071000
track_0934508	artist_363229	album_109656	08/934508.mp3	310.6	mood/theme---love	mood/theme---meditative	0.612000	-0.213000	0.071000
track_0935511	artist_007584	album_109785	11/935511.mp3	244.8	mood/theme---space	0.600000	-0.366000	0.146000
track_0937102	artist_349503	album_110001	02/937102.mp3	1112.6	mood/theme---dream	mood/theme---melancholic	0.025000	-0.537000	-0.395000
track_0937106	artist_349503	album_110001	06/937106.mp3	356.2	mood/theme---dream	mood/theme---melancholic	mood/theme---romantic	0.307333	-0.337333	-0.198000
track_0939804	artist_002816	album_110362	04/939804.mp3	99.9	mood/theme---energetic	0.694000	0.736000	0.804000
track_0939810	artist_002816	album_110362	10/939810.mp3	127.2	mood/theme---energetic	0.694000	0.736000	0.804000
track_0941706	artist_007584	album_110623	06/941706.mp3	147.7	mood/theme---space	0.600000	-0.366000	0.146000
track_0941707	artist_007584	album_110623	07/941707.mp3	258.0	mood/theme---space	mood/theme---uplifting	0.571000	-0.135000	0.178000
track_0941708	artist_007584	album_110623	08/941708.mp3	454.2	mood/theme---space	0.600000	-0.366000	0.146000
track_0944111	artist_368582	album_110899	11/944111.mp3	260.9	mood/theme---melancholic	-0.638000	-0.388000	-0.446000
track_0945200	artist_421686	album_111017	00/945200.mp3	183.6	mood/theme---happy	mood/theme---summer	0.804500	0.108000	0.245000
track_0945201	artist_421686	album_111017	01/945201.mp3	196.6	mood/theme---happy	mood/theme---summer	0.804500	0.108000	0.245000
track_0945202	artist_421686	album_111017	02/945202.mp3	145.3	mood/theme---happy	mood/theme---summer	0.804500	0.108000	0.245000
track_0945203	artist_421686	album_111017	03/945203.mp3	272.5	mood/theme---happy	mood/theme---summer	0.804500	0.108000	0.245000
track_0945204	artist_421686	album_111017	04/945204.mp3	192.9	mood/theme---happy	mood/theme---summer	0.804500	0.108000	0.245000
track_0945205	artist_421686	album_111017	05/945205.mp3	234.8	mood/theme---happy	mood/theme---summer	0.804500	0.108000	0.245000
track_0945206	artist_421686	album_111017	06/945206.mp3	240.0	mood/theme---happy	mood/theme---summer	0.804500	0.108000	0.245000
track_0945207	artist_421686	album_111017	07/945207.mp3	165.1	mood/theme---happy	mood/theme---summer	0.804500	0.108000	0.245000
track_0948210	artist_340768	album_111444	10/948210.mp3	216.0	mood/theme---sexy	0.730000	0.890000	0.604000
track_0950100	artist_357317	album_111692	00/950100.mp3	295.5	mood/theme---melodic	0.933000	0.238000	0.148000
track_0950101	artist_357317	album_111692	01/950101.mp3	251.6	mood/theme---melodic	0.933000	0.238000	0.148000
track_0950102	artist_357317	album_111692	02/950102.mp3	256.4	mood/theme---energetic	mood/theme---melodic	0.813500	0.487000	0.476000
track_0950103	artist_357317	album_111692	03/950103.mp3	278.0	mood/theme---energetic	mood/theme---melodic	0.813500	0.487000	0.476000
track_0950104	artist_357317	album_111692	04/950104.mp3	308.9	mood/theme---energetic	mood/theme---melodic	0.813500	0.487000	0.476000
track_0950105	artist_357317	album_111692	05/950105.mp3	418.4	mood/theme---melodic	0.933000	0.238000	0.148000
track_0950106	artist_357317	album_111692	06/950106.mp3	321.0	mood/theme---energetic	mood/theme---melodic	0.813500	0.487000	0.476000
track_0950107	artist_357317	album_111692	07/950107.mp3	261.9	mood/theme---energetic	mood/theme---melodic	0.813500	0.487000	0.476000
track_0950302	artist_006278	album_111719	02/950302.mp3	150.9	mood/theme---slow	-0.286000	-0.927000	-0.708000
track_0952001	artist_368089	album_111938	01/952001.mp3	168.6	mood/theme---love	0.996000	0.334000	0.234000
track_0953706	artist_352865	album_112130	06/953706.mp3	1207.2	mood/theme---dark	-0.604000	-0.204000	-0.148000
track_0956102	artist_373067	album_112437	02/956102.mp3	324.0	mood/theme---soft	0.520000	-0.642000	-0.536000
track_0956103	artist_373067	album_112437	03/956103.mp3	240.2	mood/theme---soft	0.520000	-0.642000	-0.536000
track_0958805	artist_368880	album_112741	05/958805.mp3	276.8	mood/theme---deep	-0.020000	-0.054000	0.314000
track_0958808	artist_368880	album_112741	08/958808.mp3	236.9	mood/theme---deep	-0.020000	-0.054000	0.314000
track_0958809	artist_368880	album_112741	09/958809.mp3	222.6	mood/theme---deep	-0.020000	-0.054000	0.314000
track_0961605	artist_337939	album_113039	05/961605.mp3	144.7	mood/theme---meditative	mood/theme---relaxing	0.468000	-0.723000	-0.071000
track_0962910	artist_338522	album_113191	10/962910.mp3	222.1	mood/theme---energetic	0.694000	0.736000	0.804000
track_0963304	artist_375935	album_113226	04/963304.mp3	61.0	mood/theme---drama	mood/theme---film	0.253000	0.246000	0.047000
track_0963305	artist_375935	album_113226	05/963305.mp3	150.0	mood/theme---film	0.646000	-0.018000	0.132000
track_0963401	artist_365142	album_113239	01/963401.mp3	205.7	mood/theme---emotional	mood/theme---love	0.777000	0.381000	0.143000
track_0963810	artist_339603	album_113315	10/963810.mp3	226.0	mood/theme---space	0.600000	-0.366000	0.146000
track_0965303	artist_367887	album_113522	03/965303.mp3	199.3	mood/theme---christmas	0.918000	0.040000	0.482000
track_0965304	artist_367887	album_113522	04/965304.mp3	97.3	mood/theme---christmas	0.918000	0.040000	0.482000
track_0965305	artist_367887	album_113522	05/965305.mp3	129.8	mood/theme---christmas	0.918000	0.040000	0.482000
track_0965306	artist_367887	album_113522	06/965306.mp3	94.4	mood/theme---christmas	0.918000	0.040000	0.482000
track_0965307	artist_367887	album_113522	07/965307.mp3	135.4	mood/theme---christmas	0.918000	0.040000	0.482000
track_0965308	artist_367887	album_113522	08/965308.mp3	225.8	mood/theme---christmas	0.918000	0.040000	0.482000
track_0965309	artist_367887	album_113522	09/965309.mp3	344.8	mood/theme---christmas	0.918000	0.040000	0.482000
track_0965310	artist_367887	album_113522	10/965310.mp3	210.3	mood/theme---christmas	0.918000	0.040000	0.482000
track_0965311	artist_367887	album_113522	11/965311.mp3	174.6	mood/theme---christmas	0.918000	0.040000	0.482000
track_0965312	artist_367887	album_113522	12/965312.mp3	220.7	mood/theme---christmas	0.918000	0.040000	0.482000
track_0965601	artist_373214	album_113559	01/965601.mp3	185.5	mood/theme---drama	-0.140000	0.510000	-0.038000
track_0966110	artist_005801	album_113624	10/966110.mp3	244.6	mood/theme---hopeful	mood/theme---inspiring	mood/theme---meditative	0.554667	-0.316667	0.124000
track_0966300	artist_364644	album_113652	00/966300.mp3	49.4	mood/theme---movie	mood/theme---slow	0.149000	-0.403500	-0.383000
track_0966301	artist_364644	album_113652	01/966301.mp3	98.6	mood/theme---movie	mood/theme---slow	0.149000	-0.403500	-0.383000
track_0966302	artist_364644	album_113652	02/966302.mp3	113.3	mood/theme---movie	mood/theme---slow	0.149000	-0.403500	-0.383000
track_0966304	artist_364644	album_113652	04/966304.mp3	103.5	mood/theme---movie	0.584000	0.120000	-0.058000
track_0966305	artist_364644	album_113652	05/966305.mp3	54.9	mood/theme---movie	0.584000	0.120000	-0.058000
track_0966306	artist_364644	album_113652	06/966306.mp3	290.8	mood/theme---movie	0.584000	0.120000	-0.058000
track_0969703	artist_356176	album_114095	03/969703.mp3	186.2	mood/theme---fun	0.836000	0.686000	0.334000
track_0970600	artist_004729	album_114250	00/970600.mp3	199.8	mood/theme---meditative	mood/theme---relaxing	0.468000	-0.723000	-0.071000
track_0970601	artist_004729	album_114250	01/970601.mp3	221.4	mood/theme---meditative	mood/theme---relaxing	0.468000	-0.723000	-0.071000
track_0972906	artist_423882	album_114523	06/972906.mp3	378.0	mood/theme---relaxing	0.708000	-0.686000	-0.050000
track_0972907	artist_423882	album_114523	07/972907.mp3	279.0	mood/theme---relaxing	0.708000	-0.686000	-0.050000
track_0974304	artist_422812	album_114731	04/974304.mp3	64.7	mood/theme---melodic	0.933000	0.238000	0.148000
track_0974305	artist_422812	album_114731	05/974305.mp3	191.0	mood/theme---melodic	0.933000	0.238000	0.148000
track_0975402	artist_348254	album_114845	02/975402.mp3	198.2	mood/theme---emotional	0.558000	0.428000	0.052000
track_0976705	artist_347673	album_115007	05/976705.mp3	85.4	mood/theme---trailer	0.082000	-0.020000	-0.054000
track_0976706	artist_347673	album_115007	06/976706.mp3	76.8	mood/theme---trailer	0.082000	-0.020000	-0.054000
track_0976707	artist_347673	album_115007	07/976707.mp3	68.6	mood/theme---trailer	0.082000	-0.020000	-0.054000
track_0976708	artist_347673	album_115007	08/976708.mp3	123.3	mood/theme---trailer	0.082000	-0.020000	-0.054000
track_0976709	artist_347673	album_115007	09/976709.mp3	106.0	mood/theme---christmas	mood/theme---trailer	0.500000	0.010000	0.214000
track_0976710	artist_347673	album_115007	10/976710.mp3	123.4	mood/theme---trailer	0.082000	-0.020000	-0.054000
track_0976711	artist_347673	album_115007	11/976711.mp3	133.1	mood/theme---romantic	mood/theme---trailer	0.477000	0.021000	0.071000
track_0978707	artist_338998	album_115265	07/978707.mp3	178.2	mood/theme---christmas	0.918000	0.040000	0.482000
track_0979204	artist_362218	album_115317	04/979204.mp3	210.1	mood/theme---relaxing	0.708000	-0.686000	-0.050000
track_0981208	artist_347673	album_115550	08/981208.mp3	125.0	mood/theme---christmas	mood/theme---positive	0.918000	0.030000	0.596000
track_0981909	artist_007584	album_115647	09/981909.mp3	303.3	mood/theme---relaxing	mood/theme---space	mood/theme---summer	0.644000	-0.435333	0.065333
track_0981910	artist_007584	album_115647	10/981910.mp3	229.8	mood/theme---fun	0.836000	0.686000	0.334000
track_0981911	artist_007584	album_115647	11/981911.mp3	203.0	mood/theme---sad	-0.550000	-0.334000	-0.702000
track_0981912	artist_007584	album_115647	12/981912.mp3	460.0	mood/theme---sad	mood/theme---space	0.025000	-0.350000	-0.278000
track_0982406	artist_375935	album_115711	06/982406.mp3	165.0	mood/theme---commercial	0.612000	-0.020000	0.056000
track_0982407	artist_375935	album_115711	07/982407.mp3	165.0	mood/theme---documentary	mood/theme---happy	0.614500	-0.052000	0.291000
track_0982408	artist_375935	album_115711	08/982408.mp3	165.0	mood/theme---film	0.646000	-0.018000	0.132000
track_0984510	artist_368880	album_115888	10/984510.mp3	321.6	mood/theme---retro	0.300000	-0.448000	-0.358000
track_0985000	artist_428049	album_115967	00/985000.mp3	256.1	mood/theme---melodic	mood/theme---travel	0.897500	0.308000	0.109000
track_0986601	artist_362433	album_116123	01/986601.mp3	267.8	mood/theme---game	mood/theme---movie	0.527000	0.348000	-0.036000
track_0988503	artist_005240	album_116314	03/988503.mp3	75.2	mood/theme---adventure	mood/theme---drama	mood/theme---emotional	0.417333	0.550667	0.144667
track_0988504	artist_005240	album_116314	04/988504.mp3	232.9	mood/theme---adventure	mood/theme---drama	mood/theme---emotional	0.417333	0.550667	0.144667
track_0988505	artist_005240	album_116314	05/988505.mp3	308.6	mood/theme---adventure	mood/theme---drama	mood/theme---emotional	0.417333	0.550667	0.144667
track_0988506	artist_005240	album_116314	06/988506.mp3	960.0	mood/theme---adventure	mood/theme---drama	mood/theme---emotional	0.417333	0.550667	0.144667
track_0988508	artist_005240	album_116314	08/988508.mp3	135.8	mood/theme---adventure	mood/theme---drama	mood/theme---emotional	0.417333	0.550667	0.144667
track_0988509	artist_005240	album_116314	09/988509.mp3	189.8	mood/theme---adventure	mood/theme---drama	mood/theme---emotional	0.417333	0.550667	0.144667
track_0988511	artist_005240	album_116314	11/988511.mp3	180.0	mood/theme---adventure	mood/theme---drama	mood/theme---emotional	0.417333	0.550667	0.144667
track_0989712	artist_347673	album_116437	12/989712.mp3	140.0	mood/theme---background	mood/theme---inspiring	mood/theme---soft	0.286667	-0.277333	-0.110000
track_0991710	artist_428829	album_116662	10/991710.mp3	115.2	mood/theme---christmas	mood/theme---happy	0.951500	0.255000	0.436000
track_0993603	artist_362433	album_116869	03/993603.mp3	190.5	mood/theme---movie	0.584000	0.120000	-0.058000
track_0993605	artist_362433	album_116869	05/993605.mp3	258.0	mood/theme---happy	mood/theme---movie	mood/theme---retro	0.623000	0.047333	-0.008667
track_0993607	artist_362433	album_116869	07/993607.mp3	236.2	mood/theme---game	mood/theme---movie	0.527000	0.348000	-0.036000
track_0995906	artist_420796	album_117121	06/995906.mp3	215.4	mood/theme---relaxing	0.708000	-0.686000	-0.050000
track_0995907	artist_420796	album_117121	07/995907.mp3	345.4	mood/theme---relaxing	0.708000	-0.686000	-0.050000
track_0995908	artist_420796	album_117121	08/995908.mp3	345.1	mood/theme---relaxing	0.708000	-0.686000	-0.050000
track_0995909	artist_420796	album_117121	09/995909.mp3	401.3	mood/theme---relaxing	0.708000	-0.686000	-0.050000
track_0995910	artist_420796	album_117121	10/995910.mp3	281.0	mood/theme---relaxing	0.708000	-0.686000	-0.050000
track_0995911	artist_420796	album_117121	11/995911.mp3	406.2	mood/theme---relaxing	0.708000	-0.686000	-0.050000
track_0998102	artist_375935	album_117411	02/998102.mp3	205.0	mood/theme---energetic	0.694000	0.736000	0.804000
track_1001307	artist_429975	album_117834	07/1001307.mp3	255.5	mood/theme---corporate	mood/theme---dramatic	mood/theme---inspiring	0.153333	0.188000	0.195333
track_1001308	artist_429975	album_117834	08/1001308.mp3	192.3	mood/theme---action	mood/theme---dramatic	0.127000	0.678000	0.245000
track_1001311	artist_429975	album_117834	11/1001311.mp3	188.6	mood/theme---corporate	mood/theme---dramatic	mood/theme---trailer	-0.000000	0.149333	0.107333
track_1001312	artist_429975	album_117834	12/1001312.mp3	281.3	mood/theme---epic	mood/theme---film	mood/theme---inspiring	mood/theme---soft	0.605500	-0.034500	0.116500
track_1009600	artist_431065	album_118866	00/1009600.mp3	93.7	mood/theme---romantic	0.872000	0.062000	0.196000
track_1009601	artist_431065	album_118866	01/1009601.mp3	33.5	mood/theme---energetic	0.694000	0.736000	0.804000
track_1009604	artist_431065	album_118866	04/1009604.mp3	173.9	mood/theme---film	0.646000	-0.018000	0.132000
track_1009701	artist_352184	album_118897	01/1009701.mp3	196.9	mood/theme---retro	0.300000	-0.448000	-0.358000
track_1010008	artist_352184	album_118897	08/1010008.mp3	165.0	mood/theme---retro	0.300000	-0.448000	-0.358000
track_1012000	artist_431465	album_119184	00/1012000.mp3	147.0	mood/theme---emotional	mood/theme---epic	mood/theme---film	0.639333	0.278667	0.281333
track_1012001	artist_431465	album_119184	01/1012001.mp3	209.6	mood/theme---emotional	mood/theme---epic	mood/theme---film	0.639333	0.278667	0.281333
track_1012002	artist_431465	album_119184	02/1012002.mp3	121.4	mood/theme---emotional	mood/theme---epic	mood/theme---film	0.639333	0.278667	0.281333
track_1012003	artist_431465	album_119184	03/1012003.mp3	206.0	mood/theme---emotional	mood/theme---epic	mood/theme---film	0.639333	0.278667	0.281333
track_1012004	artist_431465	album_119184	04/1012004.mp3	101.2	mood/theme---emotional	mood/theme---epic	mood/theme---film	0.639333	0.278667	0.281333
track_1012005	artist_431465	album_119184	05/1012005.mp3	131.9	mood/theme---emotional	mood/theme---epic	mood/theme---film	0.639333	0.278667	0.281333
track_1012007	artist_431465	album_119184	07/1012007.mp3	150.0	mood/theme---emotional	mood/theme---epic	mood/theme---film	0.639333	0.278667	0.281333
track_1014400	artist_007584	album_119428	00/1014400.mp3	163.8	mood/theme---sad	mood/theme---space	0.025000	-0.350000	-0.278000
track_1018801	artist_378747	album_119982	01/1018801.mp3	212.1	mood/theme---hopeful	0.894000	-0.286000	0.254000
track_1023305	artist_432273	album_120335	05/1023305.mp3	115.3	mood/theme---documentary	mood/theme---dream	0.466000	-0.630000	-0.076000
track_1023306	artist_432273	album_120335	06/1023306.mp3	133.6	mood/theme---documentary	0.244000	-0.574000	0.192000
track_1024405	artist_365142	album_120421	05/1024405.mp3	211.8	mood/theme---emotional	mood/theme---hopeful	mood/theme---love	0.816000	0.158667	0.180000
track_1026811	artist_370789	album_120715	11/1026811.mp3	215.3	mood/theme---sad	mood/theme---slow	-0.418000	-0.630500	-0.705000
track_1027507	artist_432967	album_120820	07/1027507.mp3	448.1	mood/theme---relaxing	0.708000	-0.686000	-0.050000
track_1027508	artist_432967	album_120820	08/1027508.mp3	450.6	mood/theme---relaxing	0.708000	-0.686000	-0.050000
track_1027705	artist_432967	album_120854	05/1027705.mp3	395.1	mood/theme---relaxing	0.708000	-0.686000	-0.050000
track_1027906	artist_348448	album_120865	06/1027906.mp3	228.6	mood/theme---positive	0.918000	0.020000	0.710000
track_1027907	artist_348448	album_120865	07/1027907.mp3	190.9	mood/theme---positive	0.918000	0.020000	0.710000
track_1027909	artist_348448	album_120865	09/1027909.mp3	159.8	mood/theme---motivational	0.812000	0.292000	0.716000
track_1028503	artist_433123	album_120924	03/1028503.mp3	741.2	mood/theme---meditative	mood/theme---relaxing	0.468000	-0.723000	-0.071000
track_1028504	artist_433123	album_120924	04/1028504.mp3	477.1	mood/theme---meditative	mood/theme---relaxing	0.468000	-0.723000	-0.071000
track_1028505	artist_433123	album_120924	05/1028505.mp3	567.0	mood/theme---meditative	mood/theme---relaxing	0.468000	-0.723000	-0.071000
track_1028506	artist_433123	album_120924	06/1028506.mp3	510.0	mood/theme---meditative	mood/theme---relaxing	0.468000	-0.723000	-0.071000
track_1028507	artist_433123	album_120924	07/1028507.mp3	605.0	mood/theme---meditative	mood/theme---relaxing	0.468000	-0.723000	-0.071000
track_1028508	artist_433123	album_120924	08/1028508.mp3	602.8	mood/theme---meditative	mood/theme---relaxing	0.468000	-0.723000	-0.071000
track_1028900	artist_366613	album_120946	00/1028900.mp3	152.0	mood/theme---sad	-0.550000	-0.334000	-0.702000
track_1028901	artist_366613	album_120946	01/1028901.mp3	131.6	mood/theme---sad	-0.550000	-0.334000	-0.702000
track_1028902	artist_366613	album_120946	02/1028902.mp3	239.3	mood/theme---sad	-0.550000	-0.334000	-0.702000
track_1028903	artist_366613	album_120946	03/1028903.mp3	124.5	mood/theme---sad	-0.550000	-0.334000	-0.702000
track_1028904	artist_366613	album_120946	04/1028904.mp3	164.3	mood/theme---sad	-0.550000	-0.334000	-0.702000
track_1028905	artist_366613	album_120946	05/1028905.mp3	138.7	mood/theme---sad	-0.550000	-0.334000	-0.702000
track_1028906	artist_366613	album_120946	06/1028906.mp3	138.0	mood/theme---sad	-0.550000	-0.334000	-0.702000
track_1028908	artist_366613	album_120946	08/1028908.mp3	157.7	mood/theme---sad	-0.550000	-0.334000	-0.702000
track_1028910	artist_366613	album_120946	10/1028910.mp3	141.6	mood/theme---sad	-0.550000	-0.334000	-0.702000
track_1028911	artist_366613	album_120946	11/1028911.mp3	221.9	mood/theme---sad	-0.550000	-0.334000	-0.702000
track_1028912	artist_366613	album_120946	12/1028912.mp3	243.1	mood/theme---sad	-0.550000	-0.334000	-0.702000
track_1029002	artist_339574	album_120961	02/1029002.mp3	251.1	mood/theme---epic	mood/theme---powerful	0.640000	0.543000	0.825500
track_1029507	artist_433352	album_121048	07/1029507.mp3	197.0	mood/theme---ambiental	0.708000	-0.686000	-0.050000
track_1029508	artist_433352	album_121048	08/1029508.mp3	207.6	mood/theme---ambiental	0.708000	-0.686000	-0.050000
track_1029509	artist_433352	album_121048	09/1029509.mp3	219.6	mood/theme---ambiental	0.708000	-0.686000	-0.050000
track_1029510	artist_433352	album_121048	10/1029510.mp3	197.5	mood/theme---ambiental	0.708000	-0.686000	-0.050000
track_1029512	artist_433352	album_121048	12/1029512.mp3	180.3	mood/theme---ambiental	0.708000	-0.686000	-0.050000
track_1029909	artist_423996	album_121099	09/1029909.mp3	2642.7	mood/theme---dark	-0.604000	-0.204000	-0.148000
track_1030101	artist_431422	album_121126	01/1030101.mp3	166.3	mood/theme---deep	mood/theme---melodic	0.456500	0.092000	0.231000
track_1030102	artist_431422	album_121126	02/1030102.mp3	358.0	mood/theme---deep	mood/theme---melodic	0.456500	0.092000	0.231000
track_1031105	artist_375935	album_121299	05/1031105.mp3	130.0	mood/theme---commercial	mood/theme---corporate	mood/theme---energetic	mood/theme---motivational	mood/theme---uplifting	0.568800	0.202400	0.455200
track_1031106	artist_370893	album_121305	06/1031106.mp3	312.0	mood/theme---slow	-0.286000	-0.927000	-0.708000
track_1031108	artist_370893	album_121305	08/1031108.mp3	450.5	mood/theme---slow	-0.286000	-0.927000	-0.708000
track_1032700	artist_007584	album_121538	00/1032700.mp3	245.5	mood/theme---fun	mood/theme---space	0.718000	0.160000	0.240000
track_1032701	artist_007584	album_121538	01/1032701.mp3	177.7	mood/theme---fun	mood/theme---space	mood/theme---uplifting	0.659333	0.138667	0.230000
track_1032702	artist_007584	album_121538	02/1032702.mp3	236.6	mood/theme---space	0.600000	-0.366000	0.146000
track_1032802	artist_432148	album_121545	02/1032802.mp3	198.5	mood/theme---cool	0.770000	0.080000	0.562000
track_1032908	artist_433686	album_121570	08/1032908.mp3	251.2	mood/theme---love	0.996000	0.334000	0.234000
track_1032911	artist_433686	album_121570	11/1032911.mp3	234.8	mood/theme---melancholic	-0.638000	-0.388000	-0.446000
track_1032912	artist_433686	album_121570	12/1032912.mp3	237.9	mood/theme---melancholic	mood/theme---sad	-0.594000	-0.361000	-0.574000
track_1033908	artist_422519	album_121726	08/1033908.mp3	261.4	mood/theme---emotional	0.558000	0.428000	0.052000
track_1033909	artist_422519	album_121726	09/1033909.mp3	168.5	mood/theme---emotional	0.558000	0.428000	0.052000
track_1033910	artist_422519	album_121726	10/1033910.mp3	144.3	mood/theme---emotional	0.558000	0.428000	0.052000
track_1033911	artist_422519	album_121726	11/1033911.mp3	118.2	mood/theme---emotional	0.558000	0.428000	0.052000
track_1033912	artist_422519	album_121726	12/1033912.mp3	188.3	mood/theme---emotional	0.558000	0.428000	0.052000
track_1034807	artist_367193	album_121808	07/1034807.mp3	268.2	mood/theme---party	0.896000	0.680000	0.094000
track_1036003	artist_420821	album_121960	03/1036003.mp3	202.0	mood/theme---romantic	0.872000	0.062000	0.196000
track_1036105	artist_369180	album_121991	05/1036105.mp3	290.4	mood/theme---inspiring	0.542000	0.096000	0.210000
track_1036106	artist_369180	album_121991	06/1036106.mp3	311.3	mood/theme---emotional	0.558000	0.428000	0.052000
track_1036107	artist_369180	album_121991	07/1036107.mp3	405.0	mood/theme---inspiring	0.542000	0.096000	0.210000
track_1036108	artist_369180	album_121991	08/1036108.mp3	341.0	mood/theme---dream	mood/theme---emotional	mood/theme---inspiring	0.596000	-0.054000	-0.027333
track_1036110	artist_369180	album_121991	10/1036110.mp3	210.1	mood/theme---emotional	mood/theme---inspiring	0.550000	0.262000	0.131000
track_1036802	artist_434427	album_122056	02/1036802.mp3	261.8	mood/theme---ballad	0.584000	-0.432000	-0.152000
track_1037711	artist_369529	album_122188	11/1037711.mp3	264.7	mood/theme---emotional	mood/theme---film	0.602000	0.205000	0.092000
track_1037900	artist_347673	album_122208	00/1037900.mp3	174.0	mood/theme---ambiental	mood/theme---background	0.253000	-0.486000	-0.027000
track_1037901	artist_347673	album_122208	01/1037901.mp3	200.0	mood/theme---ambiental	mood/theme---background	0.253000	-0.486000	-0.027000
track_1038507	artist_434449	album_122310	07/1038507.mp3	183.7	mood/theme---groovy	0.230000	0.076000	-0.072000
track_1038508	artist_361044	album_122311	08/1038508.mp3	281.7	mood/theme---action	0.520000	0.796000	0.604000
track_1038509	artist_361044	album_122311	09/1038509.mp3	172.0	mood/theme---action	0.520000	0.796000	0.604000
track_1038510	artist_361044	album_122311	10/1038510.mp3	179.1	mood/theme---action	mood/theme---adventure	0.677000	0.755000	0.512000
track_1038511	artist_361044	album_122311	11/1038511.mp3	221.8	mood/theme---action	mood/theme---adventure	0.677000	0.755000	0.512000
track_1038512	artist_361044	album_122311	12/1038512.mp3	359.9	mood/theme---action	mood/theme---adventure	0.677000	0.755000	0.512000
track_1041104	artist_434893	album_122878	04/1041104.mp3	158.7	mood/theme---energetic	0.694000	0.736000	0.804000
track_1041500	artist_435024	album_122690	00/1041500.mp3	232.1	mood/theme---melodic	0.933000	0.238000	0.148000
track_1042000	artist_434945	album_122750	00/1042000.mp3	70.0	mood/theme---drama	mood/theme---film	0.253000	0.246000	0.047000
track_1042001	artist_434945	album_122750	01/1042001.mp3	54.1	mood/theme---drama	mood/theme---film	0.253000	0.246000	0.047000
track_1042002	artist_434945	album_122750	02/1042002.mp3	64.7	mood/theme---drama	mood/theme---film	0.253000	0.246000	0.047000
track_1042003	artist_434945	album_122750	03/1042003.mp3	118.0	mood/theme---drama	mood/theme---film	0.253000	0.246000	0.047000
track_1042004	artist_434945	album_122750	04/1042004.mp3	73.1	mood/theme---drama	mood/theme---film	0.253000	0.246000	0.047000
track_1042006	artist_434945	album_122750	06/1042006.mp3	80.5	mood/theme---drama	mood/theme---film	0.253000	0.246000	0.047000
track_1042007	artist_434945	album_122750	07/1042007.mp3	52.1	mood/theme---drama	mood/theme---film	0.253000	0.246000	0.047000
track_1042008	artist_434945	album_122750	08/1042008.mp3	96.8	mood/theme---drama	mood/theme---film	0.253000	0.246000	0.047000
track_1042009	artist_434945	album_122750	09/1042009.mp3	48.1	mood/theme---drama	mood/theme---film	0.253000	0.246000	0.047000
track_1042010	artist_434945	album_122750	10/1042010.mp3	68.0	mood/theme---drama	mood/theme---film	0.253000	0.246000	0.047000
track_1042011	artist_434945	album_122750	11/1042011.mp3	52.0	mood/theme---drama	mood/theme---film	0.253000	0.246000	0.047000
track_1042012	artist_434945	album_122750	12/1042012.mp3	50.1	mood/theme---drama	mood/theme---film	0.253000	0.246000	0.047000
track_1044810	artist_362473	album_123046	10/1044810.mp3	127.3	mood/theme---dream	mood/theme---emotional	0.623000	-0.129000	-0.146000
track_1044811	artist_362473	album_123046	11/1044811.mp3	329.6	mood/theme---dream	mood/theme---emotional	0.623000	-0.129000	-0.146000
track_1044812	artist_362473	album_123046	12/1044812.mp3	178.7	mood/theme---dream	mood/theme---emotional	0.623000	-0.129000	-0.146000
track_1048300	artist_435725	album_123543	00/1048300.mp3	108.0	mood/theme---film	0.646000	-0.018000	0.132000
track_1048301	artist_435725	album_123543	01/1048301.mp3	105.0	mood/theme---film	0.646000	-0.018000	0.132000
track_1048302	artist_008094	album_123550	02/1048302.mp3	215.9	mood/theme---emotional	mood/theme---film	0.602000	0.205000	0.092000
track_1048303	artist_008094	album_123550	03/1048303.mp3	292.0	mood/theme---emotional	mood/theme---film	0.602000	0.205000	0.092000
track_1048304	artist_008094	album_123550	04/1048304.mp3	224.0	mood/theme---emotional	mood/theme---film	0.602000	0.205000	0.092000
track_1048305	artist_008094	album_123550	05/1048305.mp3	288.3	mood/theme---emotional	mood/theme---film	0.602000	0.205000	0.092000
track_1049512	artist_008094	album_123610	12/1049512.mp3	225.6	mood/theme---emotional	mood/theme---film	0.602000	0.205000	0.092000
track_1049702	artist_008094	album_123636	02/1049702.mp3	224.0	mood/theme---emotional	mood/theme---film	0.602000	0.205000	0.092000
track_1049703	artist_008094	album_123636	03/1049703.mp3	247.3	mood/theme---emotional	mood/theme---film	0.602000	0.205000	0.092000
track_1049704	artist_008094	album_123636	04/1049704.mp3	280.9	mood/theme---emotional	mood/theme---film	0.602000	0.205000	0.092000
track_1049705	artist_008094	album_123636	05/1049705.mp3	262.6	mood/theme---emotional	mood/theme---film	0.602000	0.205000	0.092000
track_1049706	artist_008094	album_123636	06/1049706.mp3	269.6	mood/theme---emotional	mood/theme---film	0.602000	0.205000	0.092000
track_1049707	artist_008094	album_123636	07/1049707.mp3	259.5	mood/theme---emotional	mood/theme---film	0.602000	0.205000	0.092000
track_1049708	artist_008094	album_123636	08/1049708.mp3	251.0	mood/theme---emotional	mood/theme---film	0.602000	0.205000	0.092000
track_1049709	artist_008094	album_123636	09/1049709.mp3	210.2	mood/theme---emotional	mood/theme---film	0.602000	0.205000	0.092000
track_1049710	artist_008094	album_123636	10/1049710.mp3	221.4	mood/theme---emotional	mood/theme---film	0.602000	0.205000	0.092000
track_1049711	artist_008094	album_123636	11/1049711.mp3	278.1	mood/theme---emotional	mood/theme---film	0.602000	0.205000	0.092000
track_1049712	artist_008094	album_123636	12/1049712.mp3	280.0	mood/theme---emotional	mood/theme---film	0.602000	0.205000	0.092000
track_1051204	artist_436034	album_123815	04/1051204.mp3	263.1	mood/theme---love	0.996000	0.334000	0.234000
track_1051207	artist_436034	album_123815	07/1051207.mp3	168.6	mood/theme---happy	mood/theme---hopeful	0.939500	0.092000	0.322000
track_1052307	artist_432545	album_123927	07/1052307.mp3	64.0	mood/theme---advertising	mood/theme---documentary	mood/theme---film	0.378000	-0.125333	0.196000
track_1052308	artist_432545	album_123927	08/1052308.mp3	80.0	mood/theme---advertising	mood/theme---documentary	mood/theme---film	0.378000	-0.125333	0.196000
track_1052309	artist_432545	album_123927	09/1052309.mp3	104.0	mood/theme---advertising	mood/theme---documentary	mood/theme---film	0.378000	-0.125333	0.196000
track_1052310	artist_432545	album_123927	10/1052310.mp3	123.1	mood/theme---advertising	mood/theme---documentary	mood/theme---film	0.378000	-0.125333	0.196000
track_1052311	artist_432545	album_123927	11/1052311.mp3	65.8	mood/theme---advertising	mood/theme---documentary	mood/theme---film	0.378000	-0.125333	0.196000
track_1052312	artist_432545	album_123927	12/1052312.mp3	62.0	mood/theme---advertising	mood/theme---documentary	mood/theme---film	0.378000	-0.125333	0.196000
track_1052800	artist_368389	album_124010	00/1052800.mp3	137.4	mood/theme---hopeful	0.894000	-0.286000	0.254000
track_1052801	artist_368389	album_124010	01/1052801.mp3	234.0	mood/theme---hopeful	0.894000	-0.286000	0.254000
track_1053502	artist_435992	album_124137	02/1053502.mp3	254.5	mood/theme---energetic	0.694000	0.736000	0.804000
track_1053503	artist_435992	album_124137	03/1053503.mp3	369.0	mood/theme---energetic	0.694000	0.736000	0.804000
track_1053504	artist_435992	album_124137	04/1053504.mp3	328.5	mood/theme---energetic	0.694000	0.736000	0.804000
track_1053505	artist_435992	album_124137	05/1053505.mp3	265.0	mood/theme---energetic	0.694000	0.736000	0.804000
track_1053506	artist_435992	album_124137	06/1053506.mp3	278.5	mood/theme---energetic	0.694000	0.736000	0.804000
track_1053507	artist_435992	album_124137	07/1053507.mp3	353.5	mood/theme---energetic	0.694000	0.736000	0.804000
track_1053508	artist_435992	album_124137	08/1053508.mp3	314.5	mood/theme---energetic	0.694000	0.736000	0.804000
track_1053509	artist_435992	album_124137	09/1053509.mp3	264.0	mood/theme---energetic	0.694000	0.736000	0.804000
track_1053510	artist_435992	album_124137	10/1053510.mp3	286.0	mood/theme---energetic	0.694000	0.736000	0.804000
track_1053511	artist_435992	album_124137	11/1053511.mp3	287.6	mood/theme---energetic	0.694000	0.736000	0.804000
track_1053609	artist_431108	album_124153	09/1053609.mp3	150.9	mood/theme---meditative	0.228000	-0.760000	-0.092000
track_1053610	artist_431108	album_124153	10/1053610.mp3	108.3	mood/theme---meditative	0.228000	-0.760000	-0.092000
track_1055908	artist_004854	album_124487	08/1055908.mp3	309.4	mood/theme---energetic	0.694000	0.736000	0.804000
track_1055911	artist_007051	album_124488	11/1055911.mp3	335.5	mood/theme---meditative	0.228000	-0.760000	-0.092000
track_1056400	artist_375104	album_124594	00/1056400.mp3	30.0	mood/theme---dream	0.688000	-0.686000	-0.344000
track_1056402	artist_375104	album_124594	02/1056402.mp3	253.2	mood/theme---dream	0.688000	-0.686000	-0.344000
track_1056405	artist_375104	album_124594	05/1056405.mp3	110.3	mood/theme---dream	0.688000	-0.686000	-0.344000
track_1056406	artist_375104	album_124594	06/1056406.mp3	30.3	mood/theme---dream	0.688000	-0.686000	-0.344000
track_1056407	artist_375104	album_124594	07/1056407.mp3	127.1	mood/theme---dream	0.688000	-0.686000	-0.344000
track_1056409	artist_375104	album_124594	09/1056409.mp3	216.9	mood/theme---dream	0.688000	-0.686000	-0.344000
track_1056411	artist_375104	album_124594	11/1056411.mp3	30.9	mood/theme---dream	0.688000	-0.686000	-0.344000
track_1057311	artist_436816	album_124681	11/1057311.mp3	192.1	mood/theme---relaxing	0.708000	-0.686000	-0.050000
track_1057312	artist_436816	album_124681	12/1057312.mp3	224.1	mood/theme---relaxing	0.708000	-0.686000	-0.050000
track_1057411	artist_007872	album_124697	11/1057411.mp3	216.9	mood/theme---energetic	mood/theme---upbeat	0.725000	0.399000	0.704000
track_1057412	artist_007872	album_124697	12/1057412.mp3	216.9	mood/theme---energetic	mood/theme---upbeat	0.725000	0.399000	0.704000
track_1057709	artist_348759	album_124741	09/1057709.mp3	289.0	mood/theme---emotional	0.558000	0.428000	0.052000
track_1057808	artist_373214	album_124755	08/1057808.mp3	41.9	mood/theme---drama	-0.140000	0.510000	-0.038000
track_1061405	artist_007063	album_125285	05/1061405.mp3	185.7	mood/theme---commercial	0.612000	-0.020000	0.056000
track_1061406	artist_007063	album_125285	06/1061406.mp3	153.2	mood/theme---emotional	0.558000	0.428000	0.052000
track_1061407	artist_007063	album_125285	07/1061407.mp3	151.8	mood/theme---sport	0.730000	0.400000	0.314000
track_1061409	artist_007063	album_125285	09/1061409.mp3	208.0	mood/theme---drama	mood/theme---emotional	0.209000	0.469000	0.007000
track_1061410	artist_007063	album_125285	10/1061410.mp3	185.5	mood/theme---commercial	0.612000	-0.020000	0.056000
track_1061412	artist_007063	album_125285	12/1061412.mp3	166.1	mood/theme---commercial	0.612000	-0.020000	0.056000
track_1061502	artist_007063	album_125285	02/1061502.mp3	124.1	mood/theme---commercial	0.612000	-0.020000	0.056000
track_1062500	artist_435992	album_125436	00/1062500.mp3	225.5	mood/theme---calm	mood/theme---christmas	mood/theme---holiday	mood/theme---relaxing	0.818000	-0.421000	0.061250
track_1062501	artist_435992	album_125436	01/1062501.mp3	328.0	mood/theme---calm	mood/theme---christmas	mood/theme---holiday	mood/theme---relaxing	0.818000	-0.421000	0.061250
track_1062502	artist_435992	album_125436	02/1062502.mp3	211.3	mood/theme---calm	mood/theme---christmas	mood/theme---holiday	mood/theme---relaxing	0.818000	-0.421000	0.061250
track_1062503	artist_435992	album_125436	03/1062503.mp3	228.0	mood/theme---calm	mood/theme---christmas	mood/theme---holiday	mood/theme---relaxing	0.818000	-0.421000	0.061250
track_1062504	artist_435992	album_125436	04/1062504.mp3	230.0	mood/theme---calm	mood/theme---christmas	mood/theme---holiday	mood/theme---relaxing	0.818000	-0.421000	0.061250
track_1062505	artist_435992	album_125436	05/1062505.mp3	187.5	mood/theme---calm	mood/theme---christmas	mood/theme---holiday	mood/theme---relaxing	0.818000	-0.421000	0.061250
track_1062506	artist_435992	album_125436	06/1062506.mp3	522.5	mood/theme---calm	mood/theme---christmas	mood/theme---holiday	mood/theme---relaxing	0.818000	-0.421000	0.061250
track_1062600	artist_428449	album_125456	00/1062600.mp3	183.8	mood/theme---advertising	mood/theme---motivational	0.528000	0.254000	0.490000
track_1065111	artist_431036	album_125806	11/1065111.mp3	128.0	mood/theme---background	-0.202000	-0.286000	-0.004000
track_1066200	artist_437998	album_126023	00/1066200.mp3	324.3	mood/theme---relaxing	0.708000	-0.686000	-0.050000
track_1066201	artist_437998	album_126023	01/1066201.mp3	358.5	mood/theme---film	0.646000	-0.018000	0.132000
track_1066202	artist_437998	album_126023	02/1066202.mp3	407.6	mood/theme---relaxing	0.708000	-0.686000	-0.050000
track_1066203	artist_437998	album_126023	03/1066203.mp3	470.3	mood/theme---adventure	mood/theme---film	0.740000	0.348000	0.276000
track_1066204	artist_437998	album_126023	04/1066204.mp3	280.6	mood/theme---film	mood/theme---nature	mood/theme---sad	0.270000	-0.328000	-0.094667
track_1066205	artist_437998	album_126023	05/1066205.mp3	427.3	mood/theme---relaxing	0.708000	-0.686000	-0.050000
track_1066206	artist_437998	album_126023	06/1066206.mp3	291.1	mood/theme---film	mood/theme---love	mood/theme---sad	0.364000	-0.006000	-0.112000
track_1066302	artist_361634	album_126002	02/1066302.mp3	359.0	mood/theme---energetic	mood/theme---love	mood/theme---retro	0.663333	0.207333	0.226667
track_1066500	artist_437980	album_126061	00/1066500.mp3	160.2	mood/theme---advertising	mood/theme---happy	mood/theme---positive	mood/theme---uplifting	0.672250	0.200500	0.393500
track_1066503	artist_437980	album_126061	03/1066503.mp3	164.1	mood/theme---advertising	mood/theme---happy	mood/theme---positive	mood/theme---uplifting	0.672250	0.200500	0.393500
track_1066505	artist_437980	album_126061	05/1066505.mp3	192.0	mood/theme---advertising	mood/theme---happy	mood/theme---positive	mood/theme---uplifting	0.672250	0.200500	0.393500
track_1066506	artist_437980	album_126061	06/1066506.mp3	151.7	mood/theme---advertising	mood/theme---happy	mood/theme---positive	mood/theme---uplifting	0.672250	0.200500	0.393500
track_1066511	artist_437980	album_126061	11/1066511.mp3	173.8	mood/theme---advertising	mood/theme---emotional	mood/theme---inspiring	mood/theme---positive	mood/theme---uplifting	0.560800	0.171200	0.289200
track_1066801	artist_437571	album_126092	01/1066801.mp3	217.4	mood/theme---energetic	0.694000	0.736000	0.804000
track_1066803	artist_437571	album_126092	03/1066803.mp3	238.4	mood/theme---energetic	0.694000	0.736000	0.804000
track_1066804	artist_437571	album_126092	04/1066804.mp3	251.3	mood/theme---energetic	0.694000	0.736000	0.804000
track_1066805	artist_437571	album_126092	05/1066805.mp3	240.0	mood/theme---energetic	0.694000	0.736000	0.804000
track_1066806	artist_437571	album_126092	06/1066806.mp3	228.0	mood/theme---energetic	0.694000	0.736000	0.804000
track_1066807	artist_437571	album_126092	07/1066807.mp3	248.0	mood/theme---energetic	0.694000	0.736000	0.804000
track_1068405	artist_367264	album_126290	05/1068405.mp3	216.0	mood/theme---ambiental	mood/theme---relaxing	0.708000	-0.686000	-0.050000
track_1068406	artist_367264	album_126290	06/1068406.mp3	219.5	mood/theme---ambiental	mood/theme---relaxing	0.708000	-0.686000	-0.050000
track_1069008	artist_007872	album_126405	08/1069008.mp3	218.8	mood/theme---ballad	0.584000	-0.432000	-0.152000
track_1069009	artist_007872	album_126405	09/1069009.mp3	218.8	mood/theme---ballad	0.584000	-0.432000	-0.152000
track_1069400	artist_349425	album_126603	00/1069400.mp3	357.4	mood/theme---hopeful	mood/theme---melodic	0.913500	-0.024000	0.201000
track_1070602	artist_341278	album_126794	02/1070602.mp3	92.0	mood/theme---energetic	0.694000	0.736000	0.804000
track_1070604	artist_341278	album_126794	04/1070604.mp3	193.8	mood/theme---energetic	0.694000	0.736000	0.804000
track_1070605	artist_341278	album_126794	05/1070605.mp3	287.5	mood/theme---energetic	0.694000	0.736000	0.804000
track_1070701	artist_420821	album_126851	01/1070701.mp3	169.0	mood/theme---melodic	0.933000	0.238000	0.148000
track_1070703	artist_435725	album_126850	03/1070703.mp3	85.0	mood/theme---film	0.646000	-0.018000	0.132000
track_1070704	artist_435725	album_126850	04/1070704.mp3	123.2	mood/theme---film	0.646000	-0.018000	0.132000
track_1072505	artist_359452	album_127256	05/1072505.mp3	297.2	mood/theme---dream	mood/theme---love	0.842000	-0.176000	-0.055000
track_1072902	artist_354832	album_127466	02/1072902.mp3	336.9	mood/theme---party	0.896000	0.680000	0.094000
track_1072903	artist_354832	album_127466	03/1072903.mp3	244.3	mood/theme---love	0.996000	0.334000	0.234000
track_1072904	artist_354832	album_127466	04/1072904.mp3	229.0	mood/theme---party	0.896000	0.680000	0.094000
track_1072906	artist_354832	album_127466	06/1072906.mp3	287.5	mood/theme---fun	mood/theme---retro	0.568000	0.119000	-0.012000
track_1072907	artist_354832	album_127466	07/1072907.mp3	208.9	mood/theme---romantic	0.872000	0.062000	0.196000
track_1072909	artist_354832	album_127466	09/1072909.mp3	222.6	mood/theme---fun	mood/theme---game	0.653000	0.631000	0.160000
track_1072911	artist_354832	album_127466	11/1072911.mp3	247.2	mood/theme---melodic	0.933000	0.238000	0.148000
track_1072912	artist_354832	album_127466	12/1072912.mp3	148.6	mood/theme---fun	0.836000	0.686000	0.334000
track_1073211	artist_428449	album_127485	11/1073211.mp3	362.8	mood/theme---advertising	mood/theme---motivational	0.528000	0.254000	0.490000
track_1073212	artist_428449	album_127485	12/1073212.mp3	314.7	mood/theme---advertising	mood/theme---motivational	0.528000	0.254000	0.490000
track_1073700	artist_337741	album_127510	00/1073700.mp3	215.3	mood/theme---soundscape	0.708000	-0.686000	-0.050000
track_1073701	artist_337741	album_127510	01/1073701.mp3	295.4	mood/theme---soundscape	0.708000	-0.686000	-0.050000
track_1073702	artist_337741	album_127510	02/1073702.mp3	288.0	mood/theme---soundscape	0.708000	-0.686000	-0.050000
track_1073705	artist_369472	album_127513	05/1073705.mp3	109.2	mood/theme---emotional	0.558000	0.428000	0.052000
track_1073708	artist_369472	album_127513	08/1073708.mp3	84.3	mood/theme---emotional	0.558000	0.428000	0.052000
track_1074904	artist_428489	album_128059	04/1074904.mp3	109.1	mood/theme---children	0.714000	0.076000	-0.130000
track_1075402	artist_438714	album_128091	02/1075402.mp3	222.4	mood/theme---relaxing	0.708000	-0.686000	-0.050000
track_1075802	artist_340438	album_128130	02/1075802.mp3	392.3	mood/theme---emotional	0.558000	0.428000	0.052000
track_1075906	artist_370489	album_128155	06/1075906.mp3	265.0	mood/theme---energetic	0.694000	0.736000	0.804000
track_1076600	artist_336640	album_128234	00/1076600.mp3	180.8	mood/theme---movie	0.584000	0.120000	-0.058000
track_1076601	artist_336640	album_128234	01/1076601.mp3	296.2	mood/theme---movie	0.584000	0.120000	-0.058000
track_1076602	artist_336640	album_128234	02/1076602.mp3	256.8	mood/theme---movie	0.584000	0.120000	-0.058000
track_1076603	artist_336640	album_128234	03/1076603.mp3	289.8	mood/theme---movie	0.584000	0.120000	-0.058000
track_1077911	artist_430529	album_128382	11/1077911.mp3	263.3	mood/theme---energetic	0.694000	0.736000	0.804000
track_1078606	artist_007805	album_128459	06/1078606.mp3	177.2	mood/theme---film	0.646000	-0.018000	0.132000
track_1078607	artist_007805	album_128459	07/1078607.mp3	69.2	mood/theme---film	0.646000	-0.018000	0.132000
track_1078608	artist_007805	album_128459	08/1078608.mp3	50.6	mood/theme---film	0.646000	-0.018000	0.132000
track_1078609	artist_007805	album_128459	09/1078609.mp3	50.4	mood/theme---film	0.646000	-0.018000	0.132000
track_1078610	artist_007805	album_128459	10/1078610.mp3	45.5	mood/theme---film	0.646000	-0.018000	0.132000
track_1078611	artist_007805	album_128459	11/1078611.mp3	489.1	mood/theme---film	0.646000	-0.018000	0.132000
track_1078705	artist_439140	album_128469	05/1078705.mp3	326.4	mood/theme---energetic	0.694000	0.736000	0.804000
track_1078706	artist_439140	album_128469	06/1078706.mp3	230.0	mood/theme---energetic	0.694000	0.736000	0.804000
track_1078707	artist_439140	album_128469	07/1078707.mp3	102.5	mood/theme---energetic	0.694000	0.736000	0.804000
track_1078708	artist_439140	album_128469	08/1078708.mp3	128.0	mood/theme---energetic	0.694000	0.736000	0.804000
track_1078709	artist_439140	album_128469	09/1078709.mp3	210.1	mood/theme---energetic	0.694000	0.736000	0.804000
track_1078710	artist_439140	album_128469	10/1078710.mp3	111.6	mood/theme---energetic	0.694000	0.736000	0.804000
track_1078711	artist_439140	album_128469	11/1078711.mp3	303.3	mood/theme---energetic	0.694000	0.736000	0.804000
track_1078712	artist_439140	album_128469	12/1078712.mp3	186.8	mood/theme---energetic	0.694000	0.736000	0.804000
track_1079400	artist_005240	album_128551	00/1079400.mp3	192.0	mood/theme---adventure	mood/theme---children	mood/theme---corporate	mood/theme---documentary	mood/theme---drama	mood/theme---film	mood/theme---funny	0.474000	0.119429	0.171143
track_1079401	artist_005240	album_128551	01/1079401.mp3	140.0	mood/theme---action	mood/theme---adventure	mood/theme---documentary	mood/theme---drama	mood/theme---film	0.420800	0.285600	0.262000
track_1079805	artist_361785	album_128620	05/1079805.mp3	219.0	mood/theme---energetic	0.694000	0.736000	0.804000
track_1079809	artist_355942	album_128617	09/1079809.mp3	246.1	mood/theme---film	0.646000	-0.018000	0.132000
track_1079811	artist_355942	album_128617	11/1079811.mp3	240.8	mood/theme---film	0.646000	-0.018000	0.132000
track_1080210	artist_351616	album_128678	10/1080210.mp3	259.6	mood/theme---love	0.996000	0.334000	0.234000
track_1080900	artist_350452	album_128746	00/1080900.mp3	270.0	mood/theme---film	0.646000	-0.018000	0.132000
track_1081000	artist_370789	album_128761	00/1081000.mp3	382.5	mood/theme---happy	mood/theme---love	0.990500	0.402000	0.312000
track_1081002	artist_370789	album_128761	02/1081002.mp3	300.0	mood/theme---happy	mood/theme---love	0.990500	0.402000	0.312000
track_1081003	artist_370789	album_128761	03/1081003.mp3	560.5	mood/theme---happy	mood/theme---love	0.990500	0.402000	0.312000
track_1081004	artist_370789	album_128761	04/1081004.mp3	249.1	mood/theme---happy	mood/theme---love	0.990500	0.402000	0.312000
track_1081703	artist_352416	album_128867	03/1081703.mp3	250.9	mood/theme---relaxing	0.708000	-0.686000	-0.050000
track_1081704	artist_352416	album_128867	04/1081704.mp3	339.7	mood/theme---relaxing	0.708000	-0.686000	-0.050000
track_1081705	artist_352416	album_128867	05/1081705.mp3	252.0	mood/theme---relaxing	0.708000	-0.686000	-0.050000
track_1081706	artist_352416	album_128867	06/1081706.mp3	212.3	mood/theme---relaxing	0.708000	-0.686000	-0.050000
track_1081707	artist_352416	album_128867	07/1081707.mp3	216.0	mood/theme---relaxing	0.708000	-0.686000	-0.050000
track_1081708	artist_352416	album_128867	08/1081708.mp3	260.1	mood/theme---relaxing	0.708000	-0.686000	-0.050000
track_1081709	artist_352416	album_128867	09/1081709.mp3	263.9	mood/theme---relaxing	0.708000	-0.686000	-0.050000
track_1081710	artist_352416	album_128867	10/1081710.mp3	268.2	mood/theme---relaxing	0.708000	-0.686000	-0.050000
track_1081711	artist_352416	album_128867	11/1081711.mp3	258.5	mood/theme---relaxing	0.708000	-0.686000	-0.050000
track_1081712	artist_352416	album_128867	12/1081712.mp3	251.1	mood/theme---relaxing	0.708000	-0.686000	-0.050000
track_1081801	artist_001365	album_128882	01/1081801.mp3	137.2	mood/theme---happy	0.985000	0.470000	0.390000
track_1082100	artist_439398	album_128916	00/1082100.mp3	118.3	mood/theme---love	mood/theme---movie	mood/theme---romantic	mood/theme---trailer	0.633500	0.124000	0.079500
track_1082101	artist_439398	album_128916	01/1082101.mp3	117.6	mood/theme---epic	mood/theme---movie	mood/theme---trailer	0.460000	0.175333	0.182667
track_1082102	artist_439398	album_128916	02/1082102.mp3	106.9	mood/theme---epic	mood/theme---trailer	0.398000	0.203000	0.303000
track_1082103	artist_439398	album_128916	03/1082103.mp3	116.0	mood/theme---movie	mood/theme---trailer	0.333000	0.050000	-0.056000
track_1082105	artist_439398	album_128916	05/1082105.mp3	62.9	mood/theme---movie	mood/theme---trailer	0.333000	0.050000	-0.056000
track_1082112	artist_368142	album_128915	12/1082112.mp3	264.0	mood/theme---energetic	0.694000	0.736000	0.804000
track_1083302	artist_437980	album_129027	02/1083302.mp3	165.5	mood/theme---energetic	mood/theme---happy	mood/theme---uplifting	0.740333	0.434000	0.468000
track_1083303	artist_437980	album_129027	03/1083303.mp3	155.0	mood/theme---energetic	mood/theme---happy	mood/theme---uplifting	0.740333	0.434000	0.468000
track_1083305	artist_437980	album_129027	05/1083305.mp3	73.4	mood/theme---energetic	mood/theme---happy	mood/theme---uplifting	0.740333	0.434000	0.468000
track_1083409	artist_439604	album_129035	09/1083409.mp3	242.9	mood/theme---film	0.646000	-0.018000	0.132000
track_1083411	artist_439604	album_129037	11/1083411.mp3	63.3	mood/theme---film	0.646000	-0.018000	0.132000
track_1083412	artist_439604	album_129037	12/1083412.mp3	70.8	mood/theme---film	0.646000	-0.018000	0.132000
track_1083509	artist_352428	album_129055	09/1083509.mp3	192.8	mood/theme---christmas	mood/theme---soft	0.719000	-0.301000	-0.027000
track_1083510	artist_352428	album_129055	10/1083510.mp3	183.9	mood/theme---christmas	mood/theme---soft	0.719000	-0.301000	-0.027000
track_1083511	artist_352428	album_129055	11/1083511.mp3	180.6	mood/theme---christmas	mood/theme---soft	0.719000	-0.301000	-0.027000
track_1083512	artist_352428	album_129055	12/1083512.mp3	150.3	mood/theme---christmas	mood/theme---soft	0.719000	-0.301000	-0.027000
track_1084200	artist_439398	album_129138	00/1084200.mp3	134.7	mood/theme---trailer	0.082000	-0.020000	-0.054000
track_1084201	artist_439398	album_129138	01/1084201.mp3	78.0	mood/theme---trailer	0.082000	-0.020000	-0.054000
track_1084710	artist_439604	album_129220	10/1084710.mp3	261.5	mood/theme---film	0.646000	-0.018000	0.132000
track_1084910	artist_435725	album_129252	10/1084910.mp3	41.0	mood/theme---film	0.646000	-0.018000	0.132000
track_1084911	artist_435725	album_129252	11/1084911.mp3	33.2	mood/theme---film	0.646000	-0.018000	0.132000
track_1084912	artist_435725	album_129252	12/1084912.mp3	90.5	mood/theme---film	0.646000	-0.018000	0.132000
track_1085610	artist_006845	album_129375	10/1085610.mp3	555.9	mood/theme---melodic	0.933000	0.238000	0.148000
track_1086300	artist_360077	album_129476	00/1086300.mp3	58.5	mood/theme---soft	0.520000	-0.642000	-0.536000
track_1086307	artist_350876	album_129480	07/1086307.mp3	223.2	mood/theme---melodic	0.933000	0.238000	0.148000
track_1086601	artist_375935	album_129525	01/1086601.mp3	125.0	mood/theme---documentary	mood/theme---travel	0.553000	-0.098000	0.131000
track_1087100	artist_419438	album_129599	00/1087100.mp3	126.6	mood/theme---happy	mood/theme---inspiring	mood/theme---motivational	mood/theme---positive	0.814250	0.219500	0.506500
track_1087101	artist_419438	album_129599	01/1087101.mp3	151.8	mood/theme---happy	mood/theme---inspiring	mood/theme---positive	0.815000	0.195333	0.436667
track_1087102	artist_419438	album_129599	02/1087102.mp3	126.6	mood/theme---happy	mood/theme---inspiring	mood/theme---motivational	mood/theme---positive	0.814250	0.219500	0.506500
track_1087103	artist_419438	album_129599	03/1087103.mp3	93.9	mood/theme---happy	mood/theme---inspiring	mood/theme---motivational	mood/theme---positive	0.814250	0.219500	0.506500
track_1087104	artist_419438	album_129599	04/1087104.mp3	132.6	mood/theme---happy	mood/theme---inspiring	mood/theme---motivational	mood/theme---positive	0.814250	0.219500	0.506500
track_1087105	artist_419438	album_129599	05/1087105.mp3	127.3	mood/theme---happy	mood/theme---inspiring	mood/theme---motivational	mood/theme---positive	0.814250	0.219500	0.506500
track_1087106	artist_419438	album_129599	06/1087106.mp3	100.7	mood/theme---happy	mood/theme---inspiring	mood/theme---motivational	mood/theme---positive	0.814250	0.219500	0.506500
track_1087107	artist_419438	album_129599	07/1087107.mp3	129.4	mood/theme---happy	mood/theme---positive	0.951500	0.245000	0.550000
track_1087108	artist_419438	album_129599	08/1087108.mp3	163.5	mood/theme---happy	mood/theme---inspiring	mood/theme---motivational	mood/theme---positive	0.814250	0.219500	0.506500
track_1087109	artist_419438	album_129599	09/1087109.mp3	145.0	mood/theme---happy	mood/theme---inspiring	mood/theme---motivational	mood/theme---positive	0.814250	0.219500	0.506500
track_1087110	artist_419438	album_129599	10/1087110.mp3	116.2	mood/theme---happy	mood/theme---inspiring	mood/theme---motivational	mood/theme---positive	0.814250	0.219500	0.506500
track_1087111	artist_419438	album_129599	11/1087111.mp3	111.5	mood/theme---happy	mood/theme---inspiring	mood/theme---positive	0.815000	0.195333	0.436667
track_1087112	artist_419438	album_129599	12/1087112.mp3	127.5	mood/theme---happy	mood/theme---inspiring	mood/theme---motivational	mood/theme---positive	0.814250	0.219500	0.506500
track_1088000	artist_361454	album_129710	00/1088000.mp3	165.5	mood/theme---sport	0.730000	0.400000	0.314000
track_1088002	artist_361454	album_129710	02/1088002.mp3	92.8	mood/theme---romantic	mood/theme---sad	0.161000	-0.136000	-0.253000
track_1088603	artist_375104	album_129792	03/1088603.mp3	30.6	mood/theme---fun	mood/theme---game	mood/theme---happy	0.763667	0.577333	0.236667
track_1088807	artist_370218	album_129812	07/1088807.mp3	336.0	mood/theme---meditative	0.228000	-0.760000	-0.092000
track_1089300	artist_420796	album_129862	00/1089300.mp3	203.7	mood/theme---meditative	mood/theme---soundscape	0.468000	-0.723000	-0.071000
track_1089301	artist_420796	album_129862	01/1089301.mp3	578.7	mood/theme---meditative	mood/theme---soundscape	0.468000	-0.723000	-0.071000
track_1089302	artist_420796	album_129862	02/1089302.mp3	793.4	mood/theme---meditative	mood/theme---soundscape	0.468000	-0.723000	-0.071000
track_1089303	artist_420796	album_129862	03/1089303.mp3	756.2	mood/theme---meditative	mood/theme---soundscape	0.468000	-0.723000	-0.071000
track_1090700	artist_423996	album_130006	00/1090700.mp3	197.7	mood/theme---dark	-0.604000	-0.204000	-0.148000
track_1090701	artist_423996	album_130006	01/1090701.mp3	175.9	mood/theme---dark	-0.604000	-0.204000	-0.148000
track_1092901	artist_425618	album_130262	01/1092901.mp3	175.5	mood/theme---film	0.646000	-0.018000	0.132000
track_1093009	artist_351084	album_130268	09/1093009.mp3	344.8	mood/theme---soundscape	0.708000	-0.686000	-0.050000
track_1093606	artist_378695	album_130347	06/1093606.mp3	218.2	mood/theme---energetic	mood/theme---upbeat	0.725000	0.399000	0.704000
track_1093607	artist_378695	album_130347	07/1093607.mp3	270.7	mood/theme---energetic	mood/theme---upbeat	0.725000	0.399000	0.704000
track_1093608	artist_378695	album_130347	08/1093608.mp3	268.6	mood/theme---energetic	mood/theme---upbeat	0.725000	0.399000	0.704000
track_1093609	artist_378695	album_130347	09/1093609.mp3	222.0	mood/theme---energetic	mood/theme---upbeat	0.725000	0.399000	0.704000
track_1093610	artist_378695	album_130347	10/1093610.mp3	241.9	mood/theme---energetic	mood/theme---upbeat	0.725000	0.399000	0.704000
track_1093612	artist_375935	album_130346	12/1093612.mp3	157.8	mood/theme---happy	mood/theme---motivational	0.898500	0.381000	0.553000
track_1095102	artist_428449	album_130556	02/1095102.mp3	390.3	mood/theme---advertising	mood/theme---hopeful	mood/theme---motivational	mood/theme---nature	mood/theme---relaxing	0.674400	-0.219200	0.294000
track_1095103	artist_428449	album_130556	03/1095103.mp3	266.8	mood/theme---advertising	mood/theme---motivational	0.528000	0.254000	0.490000
track_1095104	artist_428449	album_130556	04/1095104.mp3	193.9	mood/theme---advertising	mood/theme---motivational	0.528000	0.254000	0.490000
track_1095105	artist_428449	album_130556	05/1095105.mp3	255.4	mood/theme---advertising	mood/theme---motivational	0.528000	0.254000	0.490000
track_1095106	artist_428449	album_130556	06/1095106.mp3	298.2	mood/theme---adventure	mood/theme---advertising	mood/theme---dramatic	mood/theme---motivational	mood/theme---romantic	0.499200	0.368800	0.296400
track_1095107	artist_428449	album_130556	07/1095107.mp3	266.8	mood/theme---advertising	mood/theme---motivational	0.528000	0.254000	0.490000
track_1095108	artist_428449	album_130556	08/1095108.mp3	273.7	mood/theme---advertising	mood/theme---motivational	0.528000	0.254000	0.490000
track_1095109	artist_428449	album_130556	09/1095109.mp3	319.2	mood/theme---advertising	mood/theme---motivational	0.528000	0.254000	0.490000
track_1095110	artist_428449	album_130556	10/1095110.mp3	399.6	mood/theme---advertising	mood/theme---motivational	0.528000	0.254000	0.490000
track_1095111	artist_428449	album_130556	11/1095111.mp3	362.0	mood/theme---advertising	mood/theme---epic	mood/theme---motivational	mood/theme---nature	0.621000	0.075500	0.481500
track_1095112	artist_428449	album_130556	12/1095112.mp3	288.2	mood/theme---advertising	mood/theme---dramatic	mood/theme---motivational	mood/theme---romantic	0.415500	0.282500	0.265500
track_1096306	artist_377939	album_130715	06/1096306.mp3	338.2	mood/theme---dark	mood/theme---energetic	0.045000	0.266000	0.328000
track_1096307	artist_377939	album_130715	07/1096307.mp3	279.4	mood/theme---dark	mood/theme---energetic	0.045000	0.266000	0.328000
track_1096308	artist_377939	album_130715	08/1096308.mp3	176.2	mood/theme---dark	mood/theme---energetic	0.045000	0.266000	0.328000
track_1096511	artist_357317	album_130748	11/1096511.mp3	295.7	mood/theme---energetic	mood/theme---happy	mood/theme---melodic	0.870667	0.481333	0.447333
track_1096800	artist_376671	album_130817	00/1096800.mp3	275.0	mood/theme---sad	-0.550000	-0.334000	-0.702000
track_1097804	artist_337328	album_130917	04/1097804.mp3	406.3	mood/theme---film	0.646000	-0.018000	0.132000
track_1098504	artist_432966	album_131024	04/1098504.mp3	254.0	mood/theme---relaxing	0.708000	-0.686000	-0.050000
track_1100002	artist_004488	album_131255	02/1100002.mp3	224.4	mood/theme---children	0.714000	0.076000	-0.130000
track_1101300	artist_366162	album_131416	00/1101300.mp3	198.8	mood/theme---meditative	0.228000	-0.760000	-0.092000
track_1101810	artist_428449	album_131494	10/1101810.mp3	292.2	mood/theme---advertising	mood/theme---motivational	0.528000	0.254000	0.490000
track_1102300	artist_420821	album_131556	00/1102300.mp3	291.6	mood/theme---melodic	0.933000	0.238000	0.148000
track_1102806	artist_005373	album_131628	06/1102806.mp3	293.1	mood/theme---epic	0.714000	0.426000	0.660000
track_1102807	artist_005373	album_131628	07/1102807.mp3	170.3	mood/theme---commercial	0.612000	-0.020000	0.056000
track_1102808	artist_005373	album_131628	08/1102808.mp3	137.6	mood/theme---commercial	0.612000	-0.020000	0.056000
track_1102809	artist_005373	album_131628	09/1102809.mp3	197.6	mood/theme---commercial	0.612000	-0.020000	0.056000
track_1103000	artist_368292	album_131648	00/1103000.mp3	208.1	mood/theme---sexy	0.730000	0.890000	0.604000
track_1103300	artist_000560	album_131693	00/1103300.mp3	263.8	mood/theme---action	0.520000	0.796000	0.604000
track_1103301	artist_000560	album_131693	01/1103301.mp3	210.1	mood/theme---action	0.520000	0.796000	0.604000
track_1103302	artist_000560	album_131693	02/1103302.mp3	213.9	mood/theme---action	0.520000	0.796000	0.604000
track_1103303	artist_000560	album_131693	03/1103303.mp3	160.4	mood/theme---action	0.520000	0.796000	0.604000
track_1103304	artist_000560	album_131693	04/1103304.mp3	98.3	mood/theme---action	0.520000	0.796000	0.604000
track_1103308	artist_415317	album_131700	08/1103308.mp3	266.0	mood/theme---advertising	mood/theme---corporate	mood/theme---happy	0.471000	0.198000	0.381333
track_1103309	artist_415317	album_131700	09/1103309.mp3	388.6	mood/theme---advertising	mood/theme---corporate	mood/theme---motivational	0.413333	0.138667	0.490000
track_1105300	artist_440884	album_131977	00/1105300.mp3	256.0	mood/theme---meditative	mood/theme---movie	0.406000	-0.320000	-0.075000
track_1105508	artist_370789	album_131999	08/1105508.mp3	666.5	mood/theme---children	0.714000	0.076000	-0.130000
track_1105603	artist_361297	album_132012	03/1105603.mp3	90.5	mood/theme---ballad	0.584000	-0.432000	-0.152000
track_1108005	artist_339449	album_132337	05/1108005.mp3	289.6	mood/theme---dark	mood/theme---love	mood/theme---romantic	0.421333	0.064000	0.094000
track_1108208	artist_437812	album_132359	08/1108208.mp3	186.6	mood/theme---advertising	0.244000	0.216000	0.264000
track_1108302	artist_339574	album_132369	02/1108302.mp3	237.9	mood/theme---energetic	mood/theme---happy	mood/theme---positive	0.865667	0.408667	0.634667
track_1108512	artist_347673	album_132396	12/1108512.mp3	188.0	mood/theme---background	-0.202000	-0.286000	-0.004000
track_1109811	artist_437998	album_132617	11/1109811.mp3	147.6	mood/theme---dream	mood/theme---relaxing	mood/theme---soft	0.638667	-0.671333	-0.310000
track_1109812	artist_437998	album_132617	12/1109812.mp3	142.0	mood/theme---dream	mood/theme---relaxing	mood/theme---soft	0.638667	-0.671333	-0.310000
track_1109900	artist_441505	album_132604	00/1109900.mp3	129.8	mood/theme---advertising	0.244000	0.216000	0.264000
track_1109901	artist_441505	album_132604	01/1109901.mp3	184.7	mood/theme---advertising	0.244000	0.216000	0.264000
track_1109902	artist_441505	album_132604	02/1109902.mp3	60.1	mood/theme---advertising	0.244000	0.216000	0.264000
track_1109903	artist_441505	album_132604	03/1109903.mp3	178.4	mood/theme---advertising	0.244000	0.216000	0.264000
track_1109904	artist_441505	album_132604	04/1109904.mp3	101.6	mood/theme---advertising	0.244000	0.216000	0.264000
track_1109905	artist_441505	album_132604	05/1109905.mp3	154.1	mood/theme---advertising	0.244000	0.216000	0.264000
track_1109906	artist_441505	album_132604	06/1109906.mp3	184.9	mood/theme---advertising	0.244000	0.216000	0.264000
track_1109907	artist_441505	album_132604	07/1109907.mp3	69.7	mood/theme---advertising	0.244000	0.216000	0.264000
track_1109908	artist_441505	album_132604	08/1109908.mp3	130.0	mood/theme---advertising	0.244000	0.216000	0.264000
track_1109909	artist_441505	album_132604	09/1109909.mp3	199.5	mood/theme---advertising	0.244000	0.216000	0.264000
track_1109910	artist_441505	album_132604	10/1109910.mp3	234.0	mood/theme---advertising	0.244000	0.216000	0.264000
track_1109911	artist_441505	album_132604	11/1109911.mp3	152.0	mood/theme---advertising	0.244000	0.216000	0.264000
track_1110000	artist_441505	album_132615	00/1110000.mp3	89.1	mood/theme---fun	mood/theme---happy	0.910500	0.578000	0.362000
track_1110001	artist_441505	album_132615	01/1110001.mp3	70.6	mood/theme---fun	mood/theme---happy	0.910500	0.578000	0.362000
track_1110002	artist_441505	album_132615	02/1110002.mp3	38.5	mood/theme---fun	mood/theme---happy	0.910500	0.578000	0.362000
track_1110004	artist_441505	album_132615	04/1110004.mp3	89.1	mood/theme---fun	mood/theme---happy	0.910500	0.578000	0.362000
track_1110005	artist_441505	album_132615	05/1110005.mp3	76.9	mood/theme---fun	mood/theme---happy	0.910500	0.578000	0.362000
track_1110006	artist_441505	album_132615	06/1110006.mp3	179.2	mood/theme---fun	mood/theme---happy	0.910500	0.578000	0.362000
track_1110007	artist_441505	album_132615	07/1110007.mp3	72.2	mood/theme---fun	mood/theme---happy	0.910500	0.578000	0.362000
track_1110008	artist_441505	album_132615	08/1110008.mp3	86.4	mood/theme---fun	mood/theme---happy	0.910500	0.578000	0.362000
track_1110009	artist_441505	album_132615	09/1110009.mp3	42.4	mood/theme---fun	mood/theme---happy	0.910500	0.578000	0.362000
track_1110010	artist_441505	album_132615	10/1110010.mp3	153.6	mood/theme---fun	mood/theme---happy	0.910500	0.578000	0.362000
track_1110011	artist_441505	album_132615	11/1110011.mp3	49.6	mood/theme---fun	mood/theme---happy	0.910500	0.578000	0.362000
track_1110012	artist_441505	album_132615	12/1110012.mp3	53.4	mood/theme---fun	mood/theme---happy	0.910500	0.578000	0.362000
track_1110302	artist_438392	album_132642	02/1110302.mp3	147.8	mood/theme---love	mood/theme---slow	0.355000	-0.296500	-0.237000
track_1110500	artist_441505	album_132664	00/1110500.mp3	178.7	mood/theme---uplifting	0.542000	0.096000	0.210000
track_1110501	artist_441505	album_132664	01/1110501.mp3	140.0	mood/theme---uplifting	0.542000	0.096000	0.210000
track_1110502	artist_441505	album_132664	02/1110502.mp3	84.9	mood/theme---uplifting	0.542000	0.096000	0.210000
track_1110503	artist_441505	album_132664	03/1110503.mp3	240.0	mood/theme---uplifting	0.542000	0.096000	0.210000
track_1110504	artist_441505	album_132664	04/1110504.mp3	131.1	mood/theme---uplifting	0.542000	0.096000	0.210000
track_1110505	artist_441505	album_132664	05/1110505.mp3	98.6	mood/theme---uplifting	0.542000	0.096000	0.210000
track_1110506	artist_441505	album_132664	06/1110506.mp3	89.3	mood/theme---uplifting	0.542000	0.096000	0.210000
track_1110507	artist_441505	album_132664	07/1110507.mp3	320.1	mood/theme---uplifting	0.542000	0.096000	0.210000
track_1110508	artist_441505	album_132664	08/1110508.mp3	197.8	mood/theme---uplifting	0.542000	0.096000	0.210000
track_1110509	artist_441505	album_132664	09/1110509.mp3	52.8	mood/theme---uplifting	0.542000	0.096000	0.210000
track_1110510	artist_441505	album_132664	10/1110510.mp3	118.2	mood/theme---uplifting	0.542000	0.096000	0.210000
track_1110511	artist_441505	album_132664	11/1110511.mp3	67.6	mood/theme---uplifting	0.542000	0.096000	0.210000
track_1110512	artist_441505	album_132664	12/1110512.mp3	47.6	mood/theme---uplifting	0.542000	0.096000	0.210000
track_1110802	artist_434337	album_132696	02/1110802.mp3	195.1	mood/theme---party	0.896000	0.680000	0.094000
track_1111209	artist_441157	album_132711	09/1111209.mp3	290.4	mood/theme---energetic	0.694000	0.736000	0.804000
track_1112000	artist_441505	album_132807	00/1112000.mp3	88.8	mood/theme---happy	mood/theme---melodic	0.959000	0.354000	0.269000
track_1112001	artist_441505	album_132807	01/1112001.mp3	165.6	mood/theme---happy	mood/theme---melodic	0.959000	0.354000	0.269000
track_1112002	artist_441505	album_132807	02/1112002.mp3	96.0	mood/theme---happy	mood/theme---melodic	0.959000	0.354000	0.269000
track_1112003	artist_441505	album_132807	03/1112003.mp3	146.6	mood/theme---happy	mood/theme---melodic	0.959000	0.354000	0.269000
track_1112004	artist_441505	album_132807	04/1112004.mp3	121.4	mood/theme---happy	mood/theme---melodic	0.959000	0.354000	0.269000
track_1112005	artist_441505	album_132807	05/1112005.mp3	234.9	mood/theme---happy	mood/theme---melodic	0.959000	0.354000	0.269000
track_1112006	artist_441505	album_132808	06/1112006.mp3	53.6	mood/theme---melodic	0.933000	0.238000	0.148000
track_1112007	artist_441505	album_132808	07/1112007.mp3	113.2	mood/theme---melodic	0.933000	0.238000	0.148000
track_1112008	artist_441505	album_132808	08/1112008.mp3	195.7	mood/theme---melodic	0.933000	0.238000	0.148000
track_1112009	artist_441505	album_132808	09/1112009.mp3	81.0	mood/theme---melodic	0.933000	0.238000	0.148000
track_1112010	artist_441505	album_132808	10/1112010.mp3	59.8	mood/theme---melodic	0.933000	0.238000	0.148000
track_1112011	artist_441505	album_132808	11/1112011.mp3	125.5	mood/theme---melodic	0.933000	0.238000	0.148000
track_1112012	artist_441505	album_132808	12/1112012.mp3	105.4	mood/theme---melodic	0.933000	0.238000	0.148000
track_1113505	artist_363557	album_132973	05/1113505.mp3	268.9	mood/theme---slow	-0.286000	-0.927000	-0.708000
track_1114210	artist_440884	album_133095	10/1114210.mp3	248.0	mood/theme---melodic	mood/theme---movie	0.758500	0.179000	0.045000
track_1115302	artist_433825	album_133252	02/1115302.mp3	231.1	mood/theme---film	0.646000	-0.018000	0.132000
track_1115604	artist_441505	album_133290	04/1115604.mp3	92.6	mood/theme---melodic	0.933000	0.238000	0.148000
track_1115605	artist_441505	album_133290	05/1115605.mp3	153.5	mood/theme---melodic	0.933000	0.238000	0.148000
track_1115606	artist_441505	album_133290	06/1115606.mp3	105.8	mood/theme---melodic	0.933000	0.238000	0.148000
track_1115607	artist_441505	album_133290	07/1115607.mp3	105.9	mood/theme---melodic	0.933000	0.238000	0.148000
track_1115608	artist_441505	album_133290	08/1115608.mp3	115.7	mood/theme---melodic	0.933000	0.238000	0.148000
track_1115609	artist_441505	album_133290	09/1115609.mp3	95.2	mood/theme---melodic	0.933000	0.238000	0.148000
track_1115610	artist_441505	album_133290	10/1115610.mp3	178.7	mood/theme---melodic	0.933000	0.238000	0.148000
track_1115611	artist_441505	album_133290	11/1115611.mp3	128.8	mood/theme---melodic	0.933000	0.238000	0.148000
track_1115612	artist_441505	album_133290	12/1115612.mp3	51.0	mood/theme---melodic	0.933000	0.238000	0.148000
track_1115700	artist_441505	album_133294	00/1115700.mp3	266.7	mood/theme---melodic	0.933000	0.238000	0.148000
track_1115701	artist_441505	album_133294	01/1115701.mp3	183.2	mood/theme---melodic	0.933000	0.238000	0.148000
track_1115702	artist_441505	album_133294	02/1115702.mp3	176.1	mood/theme---melodic	0.933000	0.238000	0.148000
track_1115703	artist_441505	album_133294	03/1115703.mp3	157.9	mood/theme---melodic	0.933000	0.238000	0.148000
track_1115704	artist_441505	album_133294	04/1115704.mp3	240.2	mood/theme---melodic	0.933000	0.238000	0.148000
track_1115705	artist_441505	album_133294	05/1115705.mp3	127.1	mood/theme---melodic	0.933000	0.238000	0.148000
track_1115706	artist_441505	album_133294	06/1115706.mp3	202.0	mood/theme---melodic	0.933000	0.238000	0.148000
track_1115707	artist_441505	album_133294	07/1115707.mp3	267.1	mood/theme---melodic	0.933000	0.238000	0.148000
track_1115708	artist_441505	album_133294	08/1115708.mp3	211.9	mood/theme---melodic	0.933000	0.238000	0.148000
track_1116400	artist_437998	album_133378	00/1116400.mp3	90.0	mood/theme---dream	mood/theme---relaxing	mood/theme---soft	0.638667	-0.671333	-0.310000
track_1116401	artist_437998	album_133378	01/1116401.mp3	90.0	mood/theme---dream	mood/theme---relaxing	mood/theme---soft	0.638667	-0.671333	-0.310000
track_1116402	artist_437998	album_133378	02/1116402.mp3	90.0	mood/theme---dream	mood/theme---relaxing	mood/theme---soft	0.638667	-0.671333	-0.310000
track_1116403	artist_437998	album_133378	03/1116403.mp3	90.0	mood/theme---dream	mood/theme---relaxing	mood/theme---soft	0.638667	-0.671333	-0.310000
track_1116404	artist_437998	album_133378	04/1116404.mp3	90.0	mood/theme---dream	mood/theme---relaxing	mood/theme---soft	0.638667	-0.671333	-0.310000
track_1116405	artist_437998	album_133378	05/1116405.mp3	90.0	mood/theme---dream	mood/theme---relaxing	mood/theme---soft	0.638667	-0.671333	-0.310000
track_1116406	artist_437998	album_133378	06/1116406.mp3	90.0	mood/theme---dream	mood/theme---relaxing	mood/theme---soft	0.638667	-0.671333	-0.310000
track_1116407	artist_437998	album_133378	07/1116407.mp3	90.0	mood/theme---dream	mood/theme---relaxing	mood/theme---soft	0.638667	-0.671333	-0.310000
track_1116408	artist_437998	album_133378	08/1116408.mp3	90.0	mood/theme---dream	mood/theme---relaxing	mood/theme---soft	0.638667	-0.671333	-0.310000
track_1116409	artist_437998	album_133378	09/1116409.mp3	90.0	mood/theme---dream	mood/theme---relaxing	mood/theme---soft	0.638667	-0.671333	-0.310000
track_1116412	artist_443173	album_133382	12/1116412.mp3	35.7	mood/theme---romantic	0.872000	0.062000	0.196000
track_1116707	artist_443173	album_133419	07/1116707.mp3	30.4	mood/theme---dream	mood/theme---love	0.842000	-0.176000	-0.055000
track_1116708	artist_443173	album_133419	08/1116708.mp3	128.7	mood/theme---love	0.996000	0.334000	0.234000
track_1116711	artist_443173	album_133419	11/1116711.mp3	63.2	mood/theme---energetic	0.694000	0.736000	0.804000
track_1116712	artist_443173	album_133419	12/1116712.mp3	114.2	mood/theme---energetic	0.694000	0.736000	0.804000
track_1117410	artist_420821	album_133512	10/1117410.mp3	272.6	mood/theme---dream	0.688000	-0.686000	-0.344000
track_1117701	artist_347673	album_133553	01/1117701.mp3	234.0	mood/theme---melancholic	-0.638000	-0.388000	-0.446000
track_1117703	artist_347673	album_133553	03/1117703.mp3	328.0	mood/theme---sad	-0.550000	-0.334000	-0.702000
track_1119403	artist_442397	album_133790	03/1119403.mp3	90.0	mood/theme---ballad	mood/theme---film	0.615000	-0.225000	-0.010000
track_1119404	artist_442397	album_133790	04/1119404.mp3	107.8	mood/theme---ballad	mood/theme---film	0.615000	-0.225000	-0.010000
track_1119405	artist_442397	album_133790	05/1119405.mp3	122.5	mood/theme---ballad	mood/theme---film	0.615000	-0.225000	-0.010000
track_1119406	artist_442397	album_133790	06/1119406.mp3	138.9	mood/theme---ballad	mood/theme---film	0.615000	-0.225000	-0.010000
track_1119407	artist_442397	album_133790	07/1119407.mp3	340.7	mood/theme---ballad	mood/theme---film	0.615000	-0.225000	-0.010000
track_1119408	artist_442397	album_133792	08/1119408.mp3	377.4	mood/theme---film	0.646000	-0.018000	0.132000
track_1119808	artist_435992	album_133832	08/1119808.mp3	350.0	mood/theme---mellow	mood/theme---relaxing	0.487000	-0.801500	-0.189000
track_1119809	artist_435992	album_133832	09/1119809.mp3	358.5	mood/theme---mellow	0.266000	-0.917000	-0.328000
track_1119810	artist_435992	album_133832	10/1119810.mp3	371.5	mood/theme---calm	mood/theme---mellow	0.508000	-0.908500	-0.350500
track_1119811	artist_435992	album_133832	11/1119811.mp3	374.0	mood/theme---mellow	0.266000	-0.917000	-0.328000
track_1119812	artist_435992	album_133832	12/1119812.mp3	372.6	mood/theme---mellow	0.266000	-0.917000	-0.328000
track_1121101	artist_367124	album_133948	01/1121101.mp3	389.9	mood/theme---groovy	0.230000	0.076000	-0.072000
track_1121102	artist_367124	album_133948	02/1121102.mp3	293.3	mood/theme---groovy	0.230000	0.076000	-0.072000
track_1121103	artist_367124	album_133948	03/1121103.mp3	293.5	mood/theme---groovy	0.230000	0.076000	-0.072000
track_1121104	artist_367124	album_133948	04/1121104.mp3	326.3	mood/theme---groovy	0.230000	0.076000	-0.072000
track_1121204	artist_428449	album_133953	04/1121204.mp3	412.8	mood/theme---romantic	0.872000	0.062000	0.196000
track_1121311	artist_363229	album_133977	11/1121311.mp3	180.7	mood/theme---meditative	0.228000	-0.760000	-0.092000
track_1121400	artist_443553	album_134004	00/1121400.mp3	198.2	mood/theme---energetic	mood/theme---party	0.795000	0.708000	0.449000
track_1121401	artist_443553	album_134004	01/1121401.mp3	193.4	mood/theme---film	0.646000	-0.018000	0.132000
track_1121402	artist_443553	album_134004	02/1121402.mp3	191.2	mood/theme---film	0.646000	-0.018000	0.132000
track_1121403	artist_443553	album_134004	03/1121403.mp3	143.6	mood/theme---film	0.646000	-0.018000	0.132000
track_1121404	artist_443553	album_134004	04/1121404.mp3	178.1	mood/theme---film	mood/theme---hopeful	0.770000	-0.152000	0.193000
track_1121405	artist_443553	album_134004	05/1121405.mp3	181.0	mood/theme---film	mood/theme---melancholic	0.004000	-0.203000	-0.157000
track_1121406	artist_443553	album_134004	06/1121406.mp3	266.8	mood/theme---energetic	0.694000	0.736000	0.804000
track_1121408	artist_443553	album_134004	08/1121408.mp3	362.9	mood/theme---film	0.646000	-0.018000	0.132000
track_1121409	artist_443553	album_134004	09/1121409.mp3	172.2	mood/theme---energetic	0.694000	0.736000	0.804000
track_1121411	artist_443553	album_134004	11/1121411.mp3	185.7	mood/theme---dream	0.688000	-0.686000	-0.344000
track_1121503	artist_443553	album_134004	03/1121503.mp3	187.3	mood/theme---ballad	mood/theme---happy	mood/theme---hopeful	mood/theme---romantic	0.833750	-0.046500	0.172000
track_1121504	artist_443553	album_134004	04/1121504.mp3	210.8	mood/theme---relaxing	0.708000	-0.686000	-0.050000
track_1121811	artist_367947	album_134046	11/1121811.mp3	121.4	mood/theme---soundscape	0.708000	-0.686000	-0.050000
track_1122004	artist_437998	album_134087	04/1122004.mp3	209.1	mood/theme---dream	mood/theme---relaxing	mood/theme---soft	0.638667	-0.671333	-0.310000
track_1122005	artist_437998	album_134087	05/1122005.mp3	202.9	mood/theme---dream	mood/theme---relaxing	mood/theme---soft	0.638667	-0.671333	-0.310000
track_1122006	artist_437998	album_134087	06/1122006.mp3	187.5	mood/theme---dream	mood/theme---relaxing	mood/theme---soft	0.638667	-0.671333	-0.310000
track_1122007	artist_437998	album_134087	07/1122007.mp3	196.6	mood/theme---dream	mood/theme---relaxing	mood/theme---soft	0.638667	-0.671333	-0.310000
track_1122008	artist_437998	album_134087	08/1122008.mp3	233.2	mood/theme---dream	mood/theme---relaxing	mood/theme---soft	0.638667	-0.671333	-0.310000
track_1122009	artist_437998	album_134087	09/1122009.mp3	186.8	mood/theme---dream	mood/theme---relaxing	mood/theme---soft	0.638667	-0.671333	-0.310000
track_1122010	artist_437998	album_134087	10/1122010.mp3	146.0	mood/theme---dream	mood/theme---relaxing	mood/theme---soft	0.638667	-0.671333	-0.310000
track_1122011	artist_437998	album_134087	11/1122011.mp3	147.2	mood/theme---dream	mood/theme---relaxing	mood/theme---soft	0.638667	-0.671333	-0.310000
track_1122012	artist_437998	album_134087	12/1122012.mp3	235.1	mood/theme---dream	mood/theme---relaxing	mood/theme---soft	0.638667	-0.671333	-0.310000
track_1123202	artist_443598	album_134268	02/1123202.mp3	289.9	mood/theme---adventure	mood/theme---commercial	mood/theme---documentary	0.563333	0.040000	0.222667
track_1124409	artist_438910	album_134468	09/1124409.mp3	553.6	mood/theme---ambiental	0.708000	-0.686000	-0.050000
track_1124711	artist_432273	album_134534	11/1124711.mp3	112.7	mood/theme---documentary	mood/theme---romantic	0.558000	-0.256000	0.194000
track_1124712	artist_432273	album_134534	12/1124712.mp3	131.3	mood/theme---dark	-0.604000	-0.204000	-0.148000
track_1125001	artist_442933	album_134573	01/1125001.mp3	88.0	mood/theme---children	mood/theme---funny	0.775000	0.148000	0.001000
track_1125100	artist_443856	album_134588	00/1125100.mp3	215.2	mood/theme---emotional	0.558000	0.428000	0.052000
track_1125104	artist_443856	album_134588	04/1125104.mp3	367.1	mood/theme---emotional	0.558000	0.428000	0.052000
track_1125105	artist_443856	album_134588	05/1125105.mp3	292.7	mood/theme---emotional	0.558000	0.428000	0.052000
track_1125400	artist_423996	album_134629	00/1125400.mp3	105.0	mood/theme---nature	0.714000	-0.632000	0.286000
track_1125401	artist_423996	album_134629	01/1125401.mp3	74.1	mood/theme---nature	0.714000	-0.632000	0.286000
track_1125402	artist_423996	album_134629	02/1125402.mp3	37.4	mood/theme---nature	0.714000	-0.632000	0.286000
track_1125403	artist_423996	album_134629	03/1125403.mp3	62.3	mood/theme---nature	0.714000	-0.632000	0.286000
track_1125404	artist_423996	album_134629	04/1125404.mp3	71.2	mood/theme---nature	0.714000	-0.632000	0.286000
track_1125406	artist_423996	album_134629	06/1125406.mp3	79.5	mood/theme---nature	0.714000	-0.632000	0.286000
track_1125408	artist_423996	album_134629	08/1125408.mp3	108.0	mood/theme---nature	0.714000	-0.632000	0.286000
track_1125410	artist_423996	album_134629	10/1125410.mp3	94.3	mood/theme---nature	0.714000	-0.632000	0.286000
track_1127402	artist_444053	album_134986	02/1127402.mp3	253.2	mood/theme---romantic	0.872000	0.062000	0.196000
track_1127403	artist_444053	album_134986	03/1127403.mp3	209.4	mood/theme---romantic	0.872000	0.062000	0.196000
track_1127605	artist_443752	album_135096	05/1127605.mp3	225.4	mood/theme---groovy	0.230000	0.076000	-0.072000
track_1127606	artist_443752	album_135096	06/1127606.mp3	239.2	mood/theme---groovy	0.230000	0.076000	-0.072000
track_1128209	artist_007872	album_135128	09/1128209.mp3	260.2	mood/theme---mellow	0.266000	-0.917000	-0.328000
track_1128211	artist_007872	album_135128	11/1128211.mp3	297.5	mood/theme---ballad	mood/theme---mellow	0.425000	-0.674500	-0.240000
track_1128212	artist_007872	album_135128	12/1128212.mp3	253.8	mood/theme---drama	mood/theme---emotional	mood/theme---fast	mood/theme---travel	0.382500	0.418500	0.093500
track_1129102	artist_000876	album_135269	02/1129102.mp3	600.2	mood/theme---epic	mood/theme---space	0.657000	0.030000	0.403000
track_1129409	artist_340262	album_135333	09/1129409.mp3	252.0	mood/theme---action	mood/theme---energetic	0.607000	0.766000	0.704000
track_1129411	artist_340262	album_135333	11/1129411.mp3	281.0	mood/theme---action	mood/theme---advertising	mood/theme---energetic	0.486000	0.582667	0.557333
track_1129800	artist_433123	album_135407	00/1129800.mp3	525.5	mood/theme---meditative	mood/theme---relaxing	0.468000	-0.723000	-0.071000
track_1129801	artist_433123	album_135407	01/1129801.mp3	455.3	mood/theme---meditative	mood/theme---relaxing	0.468000	-0.723000	-0.071000
track_1130907	artist_340472	album_135551	07/1130907.mp3	283.0	mood/theme---dream	mood/theme---meditative	mood/theme---nature	0.543333	-0.692667	-0.050000
track_1131209	artist_431723	album_135615	09/1131209.mp3	471.7	mood/theme---film	0.646000	-0.018000	0.132000
track_1132200	artist_370789	album_135768	00/1132200.mp3	182.6	mood/theme---fun	0.836000	0.686000	0.334000
track_1132201	artist_370789	album_135768	01/1132201.mp3	208.0	mood/theme---fun	0.836000	0.686000	0.334000
track_1132202	artist_370789	album_135768	02/1132202.mp3	203.0	mood/theme---fun	0.836000	0.686000	0.334000
track_1132203	artist_370789	album_135768	03/1132203.mp3	215.5	mood/theme---fun	0.836000	0.686000	0.334000
track_1132204	artist_370789	album_135768	04/1132204.mp3	212.0	mood/theme---fun	0.836000	0.686000	0.334000
track_1132205	artist_370789	album_135768	05/1132205.mp3	189.4	mood/theme---fun	0.836000	0.686000	0.334000
track_1132206	artist_370789	album_135768	06/1132206.mp3	217.9	mood/theme---fun	0.836000	0.686000	0.334000
track_1132803	artist_434945	album_135869	03/1132803.mp3	172.3	mood/theme---film	0.646000	-0.018000	0.132000
track_1132804	artist_434945	album_135869	04/1132804.mp3	95.6	mood/theme---film	0.646000	-0.018000	0.132000
track_1132805	artist_434945	album_135869	05/1132805.mp3	153.6	mood/theme---film	0.646000	-0.018000	0.132000
track_1132806	artist_434945	album_135869	06/1132806.mp3	61.4	mood/theme---film	0.646000	-0.018000	0.132000
track_1133301	artist_444458	album_135958	01/1133301.mp3	145.7	mood/theme---love	0.996000	0.334000	0.234000
track_1135202	artist_438910	album_136268	02/1135202.mp3	186.8	mood/theme---meditative	mood/theme---slow	-0.029000	-0.843500	-0.400000
track_1135609	artist_420821	album_136343	09/1135609.mp3	224.0	mood/theme---melodic	0.933000	0.238000	0.148000
track_1135703	artist_007063	album_136366	03/1135703.mp3	185.8	mood/theme---commercial	0.612000	-0.020000	0.056000
track_1135704	artist_007063	album_136366	04/1135704.mp3	267.4	mood/theme---emotional	0.558000	0.428000	0.052000
track_1135705	artist_007063	album_136366	05/1135705.mp3	152.1	mood/theme---commercial	0.612000	-0.020000	0.056000
track_1135706	artist_007063	album_136366	06/1135706.mp3	74.3	mood/theme---commercial	mood/theme---trailer	0.347000	-0.020000	0.001000
track_1135707	artist_007063	album_136366	07/1135707.mp3	150.5	mood/theme---commercial	0.612000	-0.020000	0.056000
track_1135708	artist_007063	album_136366	08/1135708.mp3	34.7	mood/theme---commercial	0.612000	-0.020000	0.056000
track_1135709	artist_007063	album_136366	09/1135709.mp3	185.8	mood/theme---commercial	0.612000	-0.020000	0.056000
track_1135710	artist_007063	album_136366	10/1135710.mp3	267.4	mood/theme---emotional	0.558000	0.428000	0.052000
track_1135711	artist_007063	album_136366	11/1135711.mp3	152.0	mood/theme---commercial	0.612000	-0.020000	0.056000
track_1135712	artist_007063	album_136366	12/1135712.mp3	34.7	mood/theme---commercial	0.612000	-0.020000	0.056000
track_1136612	artist_443418	album_136502	12/1136612.mp3	129.0	mood/theme---energetic	0.694000	0.736000	0.804000
track_1137401	artist_440884	album_136614	01/1137401.mp3	120.0	mood/theme---movie	0.584000	0.120000	-0.058000
track_1137403	artist_440884	album_136614	03/1137403.mp3	204.0	mood/theme---melancholic	mood/theme---melodic	mood/theme---sad	-0.085000	-0.161333	-0.333333
track_1137710	artist_007872	album_136650	10/1137710.mp3	266.0	mood/theme---dark	mood/theme---sad	-0.577000	-0.269000	-0.425000
track_1137711	artist_007872	album_136650	11/1137711.mp3	266.0	mood/theme---dark	mood/theme---sad	-0.577000	-0.269000	-0.425000
track_1143010	artist_451073	album_137054	10/1143010.mp3	195.7	mood/theme---advertising	mood/theme---happy	mood/theme---holiday	mood/theme---positive	mood/theme---summer	0.733400	0.062800	0.330000
track_1143011	artist_451073	album_137054	11/1143011.mp3	97.9	mood/theme---advertising	mood/theme---corporate	mood/theme---happy	mood/theme---motivational	0.556250	0.221500	0.465000
track_1143012	artist_451073	album_137054	12/1143012.mp3	306.3	mood/theme---advertising	mood/theme---corporate	mood/theme---happy	mood/theme---motivational	0.556250	0.221500	0.465000
track_1143406	artist_425276	album_137093	06/1143406.mp3	309.4	mood/theme---meditative	mood/theme---relaxing	0.468000	-0.723000	-0.071000
track_1143806	artist_000560	album_137134	06/1143806.mp3	281.0	mood/theme---epic	0.714000	0.426000	0.660000
track_1143807	artist_000560	album_137134	07/1143807.mp3	244.5	mood/theme---ballad	0.584000	-0.432000	-0.152000
track_1143810	artist_000560	album_137134	10/1143810.mp3	205.2	mood/theme---drama	-0.140000	0.510000	-0.038000
track_1143811	artist_452142	album_137138	11/1143811.mp3	264.3	mood/theme---emotional	mood/theme---happy	mood/theme---inspiring	mood/theme---relaxing	mood/theme---soft	0.662600	-0.066800	0.013200
track_1146201	artist_359108	album_137440	01/1146201.mp3	515.2	mood/theme---ambiental	0.708000	-0.686000	-0.050000
track_1146202	artist_359108	album_137440	02/1146202.mp3	537.8	mood/theme---ambiental	0.708000	-0.686000	-0.050000
track_1146203	artist_359108	album_137440	03/1146203.mp3	755.9	mood/theme---ambiental	0.708000	-0.686000	-0.050000
track_1146204	artist_359108	album_137440	04/1146204.mp3	742.4	mood/theme---ambiental	0.708000	-0.686000	-0.050000
track_1146205	artist_359108	album_137440	05/1146205.mp3	537.8	mood/theme---ambiental	0.708000	-0.686000	-0.050000
track_1146206	artist_359108	album_137440	06/1146206.mp3	370.4	mood/theme---ambiental	0.708000	-0.686000	-0.050000
track_1146207	artist_359108	album_137440	07/1146207.mp3	404.7	mood/theme---ambiental	0.708000	-0.686000	-0.050000
track_1146208	artist_359108	album_137440	08/1146208.mp3	518.6	mood/theme---ambiental	0.708000	-0.686000	-0.050000
track_1149205	artist_357317	album_137806	05/1149205.mp3	58.7	mood/theme---energetic	mood/theme---retro	0.497000	0.144000	0.223000
track_1149206	artist_357317	album_137806	06/1149206.mp3	54.9	mood/theme---energetic	mood/theme---retro	0.497000	0.144000	0.223000
track_1149207	artist_357317	album_137806	07/1149207.mp3	82.3	mood/theme---energetic	mood/theme---retro	0.497000	0.144000	0.223000
track_1149208	artist_357317	album_137806	08/1149208.mp3	71.1	mood/theme---energetic	mood/theme---retro	0.497000	0.144000	0.223000
track_1149209	artist_357317	album_137806	09/1149209.mp3	56.9	mood/theme---energetic	mood/theme---retro	0.497000	0.144000	0.223000
track_1149210	artist_357317	album_137806	10/1149210.mp3	75.0	mood/theme---energetic	mood/theme---retro	0.497000	0.144000	0.223000
track_1149211	artist_357317	album_137806	11/1149211.mp3	81.4	mood/theme---energetic	mood/theme---retro	0.497000	0.144000	0.223000
track_1149212	artist_357317	album_137806	12/1149212.mp3	84.0	mood/theme---energetic	mood/theme---retro	0.497000	0.144000	0.223000
track_1149712	artist_008094	album_137880	12/1149712.mp3	216.0	mood/theme---film	mood/theme---meditative	0.437000	-0.389000	0.020000
track_1150101	artist_008094	album_137915	01/1150101.mp3	254.0	mood/theme---film	mood/theme---meditative	0.437000	-0.389000	0.020000
track_1150102	artist_008094	album_137915	02/1150102.mp3	1114.1	mood/theme---film	mood/theme---meditative	0.437000	-0.389000	0.020000
track_1150103	artist_008094	album_137915	03/1150103.mp3	393.7	mood/theme---film	mood/theme---meditative	0.437000	-0.389000	0.020000
track_1150104	artist_008094	album_137915	04/1150104.mp3	277.2	mood/theme---film	mood/theme---meditative	0.437000	-0.389000	0.020000
track_1150105	artist_008094	album_137915	05/1150105.mp3	274.3	mood/theme---film	mood/theme---meditative	0.437000	-0.389000	0.020000
track_1150106	artist_008094	album_137915	06/1150106.mp3	258.0	mood/theme---film	mood/theme---meditative	0.437000	-0.389000	0.020000
track_1150107	artist_008094	album_137915	07/1150107.mp3	309.6	mood/theme---film	mood/theme---meditative	0.437000	-0.389000	0.020000
track_1150108	artist_008094	album_137915	08/1150108.mp3	282.2	mood/theme---film	mood/theme---meditative	0.437000	-0.389000	0.020000
track_1150109	artist_008094	album_137915	09/1150109.mp3	257.0	mood/theme---film	mood/theme---meditative	0.437000	-0.389000	0.020000
track_1150110	artist_008094	album_137916	10/1150110.mp3	198.7	mood/theme---film	mood/theme---meditative	0.437000	-0.389000	0.020000
track_1150112	artist_008094	album_137916	12/1150112.mp3	254.3	mood/theme---film	mood/theme---meditative	0.437000	-0.389000	0.020000
track_1150402	artist_008094	album_137952	02/1150402.mp3	210.6	mood/theme---film	mood/theme---meditative	0.437000	-0.389000	0.020000
track_1150403	artist_008094	album_137952	03/1150403.mp3	384.5	mood/theme---film	0.646000	-0.018000	0.132000
track_1150404	artist_008094	album_137952	04/1150404.mp3	313.3	mood/theme---film	mood/theme---meditative	0.437000	-0.389000	0.020000
track_1150407	artist_008094	album_137952	07/1150407.mp3	293.1	mood/theme---film	mood/theme---meditative	0.437000	-0.389000	0.020000
track_1150508	artist_359452	album_137972	08/1150508.mp3	206.0	mood/theme---love	mood/theme---melodic	mood/theme---sad	0.459667	0.079333	-0.106667
track_1150509	artist_359452	album_137972	09/1150509.mp3	150.7	mood/theme---melodic	0.933000	0.238000	0.148000
track_1150512	artist_439745	album_137974	12/1150512.mp3	268.7	mood/theme---dark	-0.604000	-0.204000	-0.148000
track_1151402	artist_432273	album_138116	02/1151402.mp3	128.4	mood/theme---children	mood/theme---dream	0.701000	-0.305000	-0.237000
track_1151403	artist_432273	album_138116	03/1151403.mp3	140.0	mood/theme---documentary	mood/theme---drama	mood/theme---soft	0.208000	-0.235333	-0.127333
track_1151404	artist_432273	album_138116	04/1151404.mp3	141.0	mood/theme---children	mood/theme---documentary	mood/theme---funny	mood/theme---happy	0.694750	0.048000	0.146000
track_1151405	artist_432273	album_138116	05/1151405.mp3	240.8	mood/theme---documentary	mood/theme---relaxing	mood/theme---soft	0.490667	-0.634000	-0.131333
track_1151407	artist_432273	album_138116	07/1151407.mp3	214.6	mood/theme---action	mood/theme---dark	mood/theme---powerful	0.160667	0.417333	0.482333
track_1151409	artist_432273	album_138116	09/1151409.mp3	191.3	mood/theme---children	mood/theme---documentary	mood/theme---dream	mood/theme---soft	0.541500	-0.456500	-0.204500
track_1152202	artist_362552	album_138220	02/1152202.mp3	220.1	mood/theme---film	0.646000	-0.018000	0.132000
track_1153107	artist_367264	album_138310	07/1153107.mp3	300.0	mood/theme---energetic	mood/theme---hopeful	mood/theme---positive	0.835333	0.156667	0.589333
track_1153112	artist_439567	album_138319	12/1153112.mp3	214.8	mood/theme---space	0.600000	-0.366000	0.146000
track_1153509	artist_443173	album_138362	09/1153509.mp3	104.4	mood/theme---slow	-0.286000	-0.927000	-0.708000
track_1153707	artist_453809	album_138388	07/1153707.mp3	88.8	mood/theme---dramatic	-0.266000	0.560000	-0.114000
track_1154511	artist_453529	album_138487	11/1154511.mp3	668.0	mood/theme---relaxing	mood/theme---soundscape	0.708000	-0.686000	-0.050000
track_1155000	artist_363203	album_138559	00/1155000.mp3	222.0	mood/theme---party	0.896000	0.680000	0.094000
track_1155900	artist_437980	album_138692	00/1155900.mp3	135.9	mood/theme---fun	0.836000	0.686000	0.334000
track_1157302	artist_454124	album_138901	02/1157302.mp3	149.7	mood/theme---romantic	0.872000	0.062000	0.196000
track_1157603	artist_442937	album_138912	03/1157603.mp3	160.1	mood/theme---sad	-0.550000	-0.334000	-0.702000
track_1157701	artist_441157	album_138930	01/1157701.mp3	245.0	mood/theme---energetic	mood/theme---fast	0.472000	0.547000	0.547000
track_1158007	artist_452142	album_138964	07/1158007.mp3	412.5	mood/theme---dream	mood/theme---emotional	mood/theme---inspiring	mood/theme---relaxing	0.624000	-0.212000	-0.033000
track_1158200	artist_368975	album_139003	00/1158200.mp3	385.5	mood/theme---energetic	0.694000	0.736000	0.804000
track_1158201	artist_368975	album_139003	01/1158201.mp3	1086.9	mood/theme---energetic	0.694000	0.736000	0.804000
track_1159703	artist_455072	album_139261	03/1159703.mp3	230.7	mood/theme---ballad	mood/theme---melancholic	mood/theme---romantic	0.272667	-0.252667	-0.134000
track_1159704	artist_455072	album_139261	04/1159704.mp3	259.6	mood/theme---energetic	0.694000	0.736000	0.804000
track_1160600	artist_455274	album_139384	00/1160600.mp3	242.4	mood/theme---melodic	0.933000	0.238000	0.148000
track_1160601	artist_455274	album_139384	01/1160601.mp3	300.7	mood/theme---melodic	0.933000	0.238000	0.148000
track_1160602	artist_455274	album_139384	02/1160602.mp3	319.9	mood/theme---melodic	0.933000	0.238000	0.148000
track_1160603	artist_455274	album_139384	03/1160603.mp3	264.3	mood/theme---melodic	0.933000	0.238000	0.148000
track_1160604	artist_455274	album_139384	04/1160604.mp3	391.9	mood/theme---relaxing	0.708000	-0.686000	-0.050000
track_1160605	artist_455274	album_139384	05/1160605.mp3	190.3	mood/theme---melodic	0.933000	0.238000	0.148000
track_1160707	artist_444081	album_139397	07/1160707.mp3	90.2	mood/theme---space	0.600000	-0.366000	0.146000
track_1160708	artist_444081	album_139399	08/1160708.mp3	100.2	mood/theme---space	0.600000	-0.366000	0.146000
track_1161201	artist_375935	album_139465	01/1161201.mp3	90.5	mood/theme---action	mood/theme---adventure	mood/theme---epic	mood/theme---trailer	0.537500	0.479000	0.407500
track_1161202	artist_375935	album_139465	02/1161202.mp3	125.5	mood/theme---epic	0.714000	0.426000	0.660000
track_1162012	artist_004777	album_139601	12/1162012.mp3	238.4	mood/theme---ballad	0.584000	-0.432000	-0.152000
track_1162101	artist_432273	album_139606	01/1162101.mp3	223.3	mood/theme---documentary	mood/theme---emotional	0.401000	-0.073000	0.122000
track_1162102	artist_432273	album_139606	02/1162102.mp3	112.2	mood/theme---children	mood/theme---christmas	0.816000	0.058000	0.176000
track_1162103	artist_432273	album_139606	03/1162103.mp3	131.5	mood/theme---documentary	mood/theme---travel	0.553000	-0.098000	0.131000
track_1162506	artist_419190	album_139651	06/1162506.mp3	110.9	mood/theme---film	0.646000	-0.018000	0.132000
track_1162600	artist_007805	album_139666	00/1162600.mp3	71.7	mood/theme---film	mood/theme---movie	0.615000	0.051000	0.037000
track_1162602	artist_007805	album_139666	02/1162602.mp3	50.4	mood/theme---film	mood/theme---movie	0.615000	0.051000	0.037000
track_1162604	artist_007805	album_139666	04/1162604.mp3	65.1	mood/theme---film	mood/theme---movie	0.615000	0.051000	0.037000
track_1162605	artist_007805	album_139666	05/1162605.mp3	69.2	mood/theme---film	mood/theme---movie	0.615000	0.051000	0.037000
track_1162606	artist_007805	album_139666	06/1162606.mp3	75.2	mood/theme---film	mood/theme---movie	0.615000	0.051000	0.037000
track_1162607	artist_007805	album_139666	07/1162607.mp3	100.3	mood/theme---film	mood/theme---movie	0.615000	0.051000	0.037000
track_1162610	artist_007805	album_139666	10/1162610.mp3	50.6	mood/theme---film	mood/theme---movie	0.615000	0.051000	0.037000
track_1162612	artist_007805	album_139666	12/1162612.mp3	45.5	mood/theme---film	mood/theme---movie	0.615000	0.051000	0.037000
track_1162700	artist_451073	album_139685	00/1162700.mp3	130.8	mood/theme---advertising	mood/theme---children	0.479000	0.146000	0.067000
track_1162701	artist_451073	album_139685	01/1162701.mp3	106.8	mood/theme---advertising	mood/theme---christmas	mood/theme---commercial	mood/theme---happy	0.689750	0.176500	0.298000
track_1162702	artist_451073	album_139685	02/1162702.mp3	97.9	mood/theme---advertising	mood/theme---children	mood/theme---corporate	mood/theme---happy	0.531750	0.167500	0.253500
track_1163000	artist_437980	album_139951	00/1163000.mp3	106.9	mood/theme---calm	mood/theme---soft	0.635000	-0.771000	-0.454500
track_1163204	artist_455057	album_139770	04/1163204.mp3	117.7	mood/theme---adventure	mood/theme---advertising	mood/theme---commercial	mood/theme---fun	0.631500	0.399000	0.268500
track_1163206	artist_455057	album_139770	06/1163206.mp3	118.0	mood/theme---documentary	0.244000	-0.574000	0.192000
track_1163207	artist_455057	album_139770	07/1163207.mp3	107.7	mood/theme---commercial	mood/theme---upbeat	0.684000	0.021000	0.330000
track_1163210	artist_455057	album_139770	10/1163210.mp3	117.0	mood/theme---advertising	0.244000	0.216000	0.264000
track_1163304	artist_422656	album_139821	04/1163304.mp3	213.6	mood/theme---romantic	0.872000	0.062000	0.196000
track_1163803	artist_432273	album_139841	03/1163803.mp3	45.1	mood/theme---sport	0.730000	0.400000	0.314000
track_1163806	artist_432273	album_139841	06/1163806.mp3	30.3	mood/theme---emotional	mood/theme---energetic	mood/theme---melodic	mood/theme---nature	0.724750	0.192500	0.322500
track_1163807	artist_432273	album_139841	07/1163807.mp3	98.7	mood/theme---dream	mood/theme---soft	0.604000	-0.664000	-0.440000
track_1163808	artist_432273	album_139841	08/1163808.mp3	35.8	mood/theme---documentary	mood/theme---travel	0.553000	-0.098000	0.131000
track_1163809	artist_432273	album_139841	09/1163809.mp3	158.1	mood/theme---happy	0.985000	0.470000	0.390000
track_1163812	artist_442746	album_139842	12/1163812.mp3	282.8	mood/theme---energetic	0.694000	0.736000	0.804000
track_1164200	artist_357317	album_139905	00/1164200.mp3	96.0	mood/theme---energetic	mood/theme---fun	mood/theme---happy	mood/theme---retro	0.703750	0.361000	0.292500
track_1164201	artist_357317	album_139905	01/1164201.mp3	38.4	mood/theme---energetic	mood/theme---fun	mood/theme---happy	mood/theme---retro	0.703750	0.361000	0.292500
track_1164202	artist_357317	album_139905	02/1164202.mp3	80.0	mood/theme---energetic	mood/theme---fun	mood/theme---happy	mood/theme---retro	0.703750	0.361000	0.292500
track_1164203	artist_357317	album_139905	03/1164203.mp3	115.2	mood/theme---energetic	mood/theme---fun	mood/theme---happy	mood/theme---retro	0.703750	0.361000	0.292500
track_1164204	artist_357317	album_139905	04/1164204.mp3	80.0	mood/theme---energetic	mood/theme---fun	mood/theme---happy	mood/theme---retro	0.703750	0.361000	0.292500
track_1164205	artist_357317	album_139905	05/1164205.mp3	174.6	mood/theme---energetic	mood/theme---fun	mood/theme---happy	mood/theme---retro	0.703750	0.361000	0.292500
track_1164206	artist_357317	album_139905	06/1164206.mp3	76.8	mood/theme---energetic	mood/theme---fun	mood/theme---happy	mood/theme---retro	0.703750	0.361000	0.292500
track_1164207	artist_357317	album_139905	07/1164207.mp3	57.6	mood/theme---energetic	mood/theme---fun	mood/theme---happy	mood/theme---retro	0.703750	0.361000	0.292500
track_1164210	artist_357317	album_139905	10/1164210.mp3	134.1	mood/theme---energetic	mood/theme---fun	mood/theme---happy	mood/theme---retro	0.703750	0.361000	0.292500
track_1164211	artist_357317	album_139905	11/1164211.mp3	87.3	mood/theme---energetic	mood/theme---fun	mood/theme---happy	mood/theme---retro	0.703750	0.361000	0.292500
track_1165401	artist_358362	album_140112	01/1165401.mp3	217.3	mood/theme---love	mood/theme---romantic	mood/theme---soundscape	0.858667	-0.096667	0.126667
track_1165402	artist_358362	album_140112	02/1165402.mp3	339.9	mood/theme---soundscape	0.708000	-0.686000	-0.050000
track_1165403	artist_358362	album_140112	03/1165403.mp3	308.4	mood/theme---happy	mood/theme---soundscape	0.846500	-0.108000	0.170000
track_1165404	artist_358362	album_140112	04/1165404.mp3	252.8	mood/theme---soundscape	0.708000	-0.686000	-0.050000
track_1165405	artist_358362	album_140112	05/1165405.mp3	295.1	mood/theme---soundscape	0.708000	-0.686000	-0.050000
track_1165406	artist_358362	album_140112	06/1165406.mp3	260.6	mood/theme---love	mood/theme---soundscape	0.852000	-0.176000	0.092000
track_1165407	artist_358362	album_140112	07/1165407.mp3	327.5	mood/theme---soundscape	0.708000	-0.686000	-0.050000
track_1165408	artist_358362	album_140112	08/1165408.mp3	217.1	mood/theme---soundscape	0.708000	-0.686000	-0.050000
track_1165409	artist_358362	album_140112	09/1165409.mp3	193.5	mood/theme---soundscape	0.708000	-0.686000	-0.050000
track_1166100	artist_455057	album_140206	00/1166100.mp3	175.1	mood/theme---corporate	mood/theme---energetic	mood/theme---happy	mood/theme---upbeat	0.654750	0.294000	0.572000
track_1166101	artist_455057	album_140206	01/1166101.mp3	243.5	mood/theme---documentary	mood/theme---drama	mood/theme---emotional	mood/theme---film	0.327000	0.086500	0.084500
track_1166102	artist_455057	album_140206	02/1166102.mp3	141.0	mood/theme---melodic	mood/theme---positive	0.925500	0.129000	0.429000
track_1166103	artist_455057	album_140206	03/1166103.mp3	215.0	mood/theme---dream	mood/theme---inspiring	mood/theme---love	mood/theme---soft	0.686500	-0.224500	-0.109000
track_1166104	artist_455057	album_140206	04/1166104.mp3	203.0	mood/theme---adventure	mood/theme---background	mood/theme---relaxing	0.446667	-0.086000	0.122000
track_1166105	artist_455057	album_140206	05/1166105.mp3	202.8	mood/theme---background	mood/theme---melancholic	mood/theme---mellow	-0.191333	-0.530333	-0.259333
track_1166106	artist_455057	album_140206	06/1166106.mp3	212.5	mood/theme---corporate	mood/theme---happy	mood/theme---upbeat	0.641667	0.146667	0.494667
track_1166108	artist_455057	album_140206	08/1166108.mp3	192.6	mood/theme---corporate	0.184000	-0.092000	0.490000
track_1166109	artist_455057	album_140206	09/1166109.mp3	202.3	mood/theme---upbeat	0.756000	0.062000	0.604000
track_1166110	artist_455057	album_140206	10/1166110.mp3	198.6	mood/theme---documentary	mood/theme---hopeful	mood/theme---love	0.711333	-0.175333	0.226667
track_1166111	artist_455057	album_140206	11/1166111.mp3	174.8	mood/theme---commercial	mood/theme---dream	mood/theme---love	0.765333	-0.124000	-0.018000
track_1166607	artist_455057	album_140264	07/1166607.mp3	110.9	mood/theme---calm	mood/theme---happy	mood/theme---meditative	mood/theme---nature	mood/theme---relaxing	0.677000	-0.501600	0.032200
track_1166609	artist_455057	album_140264	09/1166609.mp3	110.9	mood/theme---calm	mood/theme---children	mood/theme---hopeful	mood/theme---meditative	mood/theme---relaxing	0.658800	-0.511200	-0.078200
track_1166805	artist_341323	album_140298	05/1166805.mp3	85.4	mood/theme---inspiring	0.542000	0.096000	0.210000
track_1166807	artist_341323	album_140298	07/1166807.mp3	114.4	mood/theme---documentary	mood/theme---travel	0.553000	-0.098000	0.131000
track_1166808	artist_341323	album_140298	08/1166808.mp3	125.0	mood/theme---emotional	0.558000	0.428000	0.052000
track_1166811	artist_341323	album_140298	11/1166811.mp3	168.0	mood/theme---documentary	0.244000	-0.574000	0.192000
track_1166812	artist_341323	album_140298	12/1166812.mp3	230.4	mood/theme---sexy	0.730000	0.890000	0.604000
track_1167300	artist_351032	album_140370	00/1167300.mp3	65.2	mood/theme---game	mood/theme---happy	0.727500	0.523000	0.188000
track_1167301	artist_351032	album_140370	01/1167301.mp3	34.5	mood/theme---game	mood/theme---happy	0.727500	0.523000	0.188000
track_1167302	artist_351032	album_140370	02/1167302.mp3	110.3	mood/theme---game	mood/theme---happy	0.727500	0.523000	0.188000
track_1167303	artist_351032	album_140370	03/1167303.mp3	46.2	mood/theme---game	0.470000	0.576000	-0.014000
track_1167304	artist_351032	album_140370	04/1167304.mp3	187.5	mood/theme---game	mood/theme---happy	0.727500	0.523000	0.188000
track_1167305	artist_351032	album_140370	05/1167305.mp3	48.0	mood/theme---game	0.470000	0.576000	-0.014000
track_1167306	artist_351032	album_140370	06/1167306.mp3	68.3	mood/theme---game	mood/theme---happy	0.727500	0.523000	0.188000
track_1168003	artist_364441	album_140468	03/1168003.mp3	220.2	mood/theme---epic	0.714000	0.426000	0.660000
track_1168500	artist_455057	album_140555	00/1168500.mp3	85.4	mood/theme---advertising	mood/theme---commercial	mood/theme---game	0.442000	0.257333	0.102000
track_1168602	artist_452157	album_140578	02/1168602.mp3	286.2	mood/theme---ballad	mood/theme---sad	0.017000	-0.383000	-0.427000
track_1168607	artist_452157	album_140578	07/1168607.mp3	66.5	mood/theme---meditative	0.228000	-0.760000	-0.092000
track_1168805	artist_351616	album_140595	05/1168805.mp3	233.5	mood/theme---dream	mood/theme---slow	0.201000	-0.806500	-0.526000
track_1168808	artist_448635	album_140597	08/1168808.mp3	236.9	mood/theme---relaxing	0.708000	-0.686000	-0.050000
track_1168809	artist_448635	album_140597	09/1168809.mp3	239.4	mood/theme---relaxing	0.708000	-0.686000	-0.050000
track_1168810	artist_448635	album_140597	10/1168810.mp3	337.0	mood/theme---relaxing	0.708000	-0.686000	-0.050000
track_1168812	artist_448635	album_140597	12/1168812.mp3	231.3	mood/theme---relaxing	0.708000	-0.686000	-0.050000
track_1169705	artist_338649	album_140751	05/1169705.mp3	283.2	mood/theme---emotional	0.558000	0.428000	0.052000
track_1169706	artist_338649	album_140751	06/1169706.mp3	273.1	mood/theme---emotional	0.558000	0.428000	0.052000
track_1169707	artist_338649	album_140751	07/1169707.mp3	164.0	mood/theme---emotional	0.558000	0.428000	0.052000
track_1169708	artist_338649	album_140751	08/1169708.mp3	206.6	mood/theme---emotional	0.558000	0.428000	0.052000
track_1169709	artist_338649	album_140751	09/1169709.mp3	296.9	mood/theme---emotional	0.558000	0.428000	0.052000
track_1169710	artist_338649	album_140751	10/1169710.mp3	403.8	mood/theme---emotional	0.558000	0.428000	0.052000
track_1169711	artist_338649	album_140751	11/1169711.mp3	48.5	mood/theme---emotional	0.558000	0.428000	0.052000
track_1169712	artist_338649	album_140751	12/1169712.mp3	133.0	mood/theme---emotional	0.558000	0.428000	0.052000
track_1170400	artist_455493	album_140848	00/1170400.mp3	150.0	mood/theme---movie	0.584000	0.120000	-0.058000
track_1170401	artist_455493	album_140848	01/1170401.mp3	173.0	mood/theme---movie	0.584000	0.120000	-0.058000
track_1170402	artist_455493	album_140848	02/1170402.mp3	154.8	mood/theme---movie	0.584000	0.120000	-0.058000
track_1170403	artist_455493	album_140848	03/1170403.mp3	155.0	mood/theme---movie	0.584000	0.120000	-0.058000
track_1170404	artist_455493	album_140848	04/1170404.mp3	143.2	mood/theme---movie	0.584000	0.120000	-0.058000
track_1170405	artist_455493	album_140848	05/1170405.mp3	69.0	mood/theme---movie	0.584000	0.120000	-0.058000
track_1170406	artist_455493	album_140848	06/1170406.mp3	81.9	mood/theme---movie	0.584000	0.120000	-0.058000
track_1170407	artist_455493	album_140848	07/1170407.mp3	132.0	mood/theme---movie	0.584000	0.120000	-0.058000
track_1170408	artist_455493	album_140848	08/1170408.mp3	94.5	mood/theme---movie	0.584000	0.120000	-0.058000
track_1170409	artist_455493	album_140848	09/1170409.mp3	158.0	mood/theme---movie	0.584000	0.120000	-0.058000
track_1170410	artist_455493	album_140848	10/1170410.mp3	120.0	mood/theme---movie	0.584000	0.120000	-0.058000
track_1170411	artist_455493	album_140848	11/1170411.mp3	50.1	mood/theme---movie	0.584000	0.120000	-0.058000
track_1170412	artist_455493	album_140848	12/1170412.mp3	93.0	mood/theme---movie	0.584000	0.120000	-0.058000
track_1170600	artist_338779	album_140883	00/1170600.mp3	146.2	mood/theme---melancholic	-0.638000	-0.388000	-0.446000
track_1171005	artist_438910	album_140971	05/1171005.mp3	140.2	mood/theme---children	mood/theme---dream	0.701000	-0.305000	-0.237000
track_1171008	artist_438910	album_140971	08/1171008.mp3	176.0	mood/theme---dream	0.688000	-0.686000	-0.344000
track_1171009	artist_438910	album_140971	09/1171009.mp3	192.6	mood/theme---sad	-0.550000	-0.334000	-0.702000
track_1171010	artist_438910	album_140971	10/1171010.mp3	202.0	mood/theme---dream	0.688000	-0.686000	-0.344000
track_1171012	artist_438910	album_140971	12/1171012.mp3	256.4	mood/theme---space	0.600000	-0.366000	0.146000
track_1171709	artist_457196	album_141096	09/1171709.mp3	120.0	mood/theme---commercial	mood/theme---epic	0.663000	0.203000	0.358000
track_1171711	artist_457196	album_141096	11/1171711.mp3	98.2	mood/theme---epic	0.714000	0.426000	0.660000
track_1173500	artist_455493	album_141331	00/1173500.mp3	214.5	mood/theme---movie	0.584000	0.120000	-0.058000
track_1173501	artist_455493	album_141331	01/1173501.mp3	59.5	mood/theme---movie	0.584000	0.120000	-0.058000
track_1173502	artist_455493	album_141331	02/1173502.mp3	237.0	mood/theme---movie	0.584000	0.120000	-0.058000
track_1173503	artist_455493	album_141331	03/1173503.mp3	97.5	mood/theme---movie	0.584000	0.120000	-0.058000
track_1173504	artist_455493	album_141331	04/1173504.mp3	104.0	mood/theme---movie	0.584000	0.120000	-0.058000
track_1173505	artist_455493	album_141331	05/1173505.mp3	156.0	mood/theme---movie	0.584000	0.120000	-0.058000
track_1173506	artist_455493	album_141331	06/1173506.mp3	116.0	mood/theme---movie	0.584000	0.120000	-0.058000
track_1174411	artist_457852	album_141454	11/1174411.mp3	266.3	mood/theme---dark	mood/theme---inspiring	mood/theme---love	0.311333	0.075333	0.098667
track_1174412	artist_457852	album_141454	12/1174412.mp3	257.0	mood/theme---dark	-0.604000	-0.204000	-0.148000
track_1174507	artist_457852	album_141454	07/1174507.mp3	483.2	mood/theme---happy	mood/theme---powerful	mood/theme---sexy	0.760333	0.673333	0.661667
track_1174812	artist_438966	album_141487	12/1174812.mp3	259.2	mood/theme---melodic	0.933000	0.238000	0.148000
track_1176205	artist_457205	album_141633	05/1176205.mp3	214.0	mood/theme---dramatic	mood/theme---hopeful	mood/theme---melancholic	mood/theme---positive	0.227000	-0.023500	0.101000
track_1176206	artist_457205	album_141633	06/1176206.mp3	214.0	mood/theme---commercial	mood/theme---corporate	mood/theme---happy	0.593667	0.119333	0.312000
track_1176410	artist_457998	album_141654	10/1176410.mp3	170.4	mood/theme---dream	0.688000	-0.686000	-0.344000
track_1176411	artist_457998	album_141654	11/1176411.mp3	296.8	mood/theme---dream	mood/theme---film	0.667000	-0.352000	-0.106000
track_1176412	artist_457998	album_141654	12/1176412.mp3	273.0	mood/theme---epic	0.714000	0.426000	0.660000
track_1177012	artist_456650	album_141690	12/1177012.mp3	207.2	mood/theme---adventure	mood/theme---energetic	mood/theme---inspiring	mood/theme---positive	0.747000	0.391500	0.536000
track_1178100	artist_457998	album_141801	00/1178100.mp3	195.6	mood/theme---dark	mood/theme---melancholic	mood/theme---melodic	-0.103000	-0.118000	-0.148667
track_1178101	artist_457998	album_141801	01/1178101.mp3	200.0	mood/theme---inspiring	mood/theme---uplifting	0.542000	0.096000	0.210000
track_1178102	artist_457998	album_141801	02/1178102.mp3	277.4	mood/theme---emotional	mood/theme---epic	mood/theme---inspiring	mood/theme---uplifting	0.589000	0.261500	0.283000
track_1178104	artist_367887	album_141799	04/1178104.mp3	222.9	mood/theme---christmas	0.918000	0.040000	0.482000
track_1178111	artist_367887	album_141799	11/1178111.mp3	224.7	mood/theme---christmas	0.918000	0.040000	0.482000
track_1178112	artist_367887	album_141799	12/1178112.mp3	415.5	mood/theme---christmas	0.918000	0.040000	0.482000
track_1178612	artist_356808	album_141865	12/1178612.mp3	297.0	mood/theme---ambiental	0.708000	-0.686000	-0.050000
track_1179111	artist_435514	album_141921	11/1179111.mp3	428.0	mood/theme---dark	mood/theme---soundscape	0.052000	-0.445000	-0.099000
track_1179402	artist_341216	album_141956	02/1179402.mp3	148.4	mood/theme---love	0.996000	0.334000	0.234000
track_1179405	artist_341216	album_141956	05/1179405.mp3	147.9	mood/theme---fun	0.836000	0.686000	0.334000
track_1179510	artist_003027	album_141971	10/1179510.mp3	219.2	mood/theme---background	mood/theme---film	0.222000	-0.152000	0.064000
track_1179511	artist_003027	album_141971	11/1179511.mp3	139.4	mood/theme---background	mood/theme---film	0.222000	-0.152000	0.064000
track_1179603	artist_458379	album_141980	03/1179603.mp3	163.0	mood/theme---fun	0.836000	0.686000	0.334000
track_1179604	artist_458379	album_141980	04/1179604.mp3	158.0	mood/theme---deep	-0.020000	-0.054000	0.314000
track_1179607	artist_458379	album_141980	07/1179607.mp3	220.6	mood/theme---cool	0.770000	0.080000	0.562000
track_1179608	artist_458379	album_141980	08/1179608.mp3	143.8	mood/theme---romantic	0.872000	0.062000	0.196000
track_1179610	artist_458379	album_141980	10/1179610.mp3	182.8	mood/theme---funny	0.836000	0.220000	0.132000
track_1181203	artist_348998	album_142145	03/1181203.mp3	226.7	mood/theme---inspiring	0.542000	0.096000	0.210000
track_1181205	artist_348998	album_142145	05/1181205.mp3	276.2	mood/theme---energetic	mood/theme---melancholic	0.028000	0.174000	0.179000
track_1181911	artist_341393	album_142184	11/1181911.mp3	531.9	mood/theme---sad	-0.550000	-0.334000	-0.702000
track_1182601	artist_378587	album_142311	01/1182601.mp3	450.7	mood/theme---christmas	0.918000	0.040000	0.482000
track_1184708	artist_419285	album_142574	08/1184708.mp3	213.4	mood/theme---dream	0.688000	-0.686000	-0.344000
track_1185306	artist_431325	album_142554	06/1185306.mp3	227.2	mood/theme---love	0.996000	0.334000	0.234000
track_1189408	artist_004625	album_143143	08/1189408.mp3	167.5	mood/theme---dark	mood/theme---love	0.196000	0.065000	0.043000
track_1189900	artist_460469	album_143224	00/1189900.mp3	165.8	mood/theme---cool	mood/theme---retro	0.535000	-0.184000	0.102000
track_1189901	artist_460469	album_143227	01/1189901.mp3	277.2	mood/theme---hopeful	mood/theme---inspiring	mood/theme---uplifting	0.659333	-0.031333	0.224667
track_1189902	artist_460469	album_143224	02/1189902.mp3	124.2	mood/theme---cool	mood/theme---energetic	mood/theme---groovy	0.564667	0.297333	0.431333
track_1189904	artist_460469	album_143221	04/1189904.mp3	190.4	mood/theme---background	mood/theme---inspiring	0.170000	-0.095000	0.103000
track_1189906	artist_460469	album_143225	06/1189906.mp3	199.7	mood/theme---happy	mood/theme---inspiring	mood/theme---upbeat	0.761000	0.209333	0.401333
track_1189907	artist_460469	album_143222	07/1189907.mp3	142.2	mood/theme---background	-0.202000	-0.286000	-0.004000
track_1189908	artist_460469	album_143257	08/1189908.mp3	157.6	mood/theme---calm	0.750000	-0.900000	-0.373000
track_1189910	artist_460469	album_143224	10/1189910.mp3	183.0	mood/theme---cool	mood/theme---energetic	mood/theme---retro	mood/theme---sport	0.623500	0.192000	0.330500
track_1189911	artist_460469	album_143223	11/1189911.mp3	211.5	mood/theme---emotional	mood/theme---hopeful	mood/theme---inspiring	mood/theme---uplifting	0.634000	0.083500	0.181500
track_1189912	artist_460469	album_143224	12/1189912.mp3	108.6	mood/theme---energetic	mood/theme---fast	mood/theme---sport	0.558000	0.498000	0.469333
track_1190104	artist_367947	album_143245	04/1190104.mp3	1766.0	mood/theme---relaxing	mood/theme---soundscape	0.708000	-0.686000	-0.050000
track_1191110	artist_421874	album_143364	10/1191110.mp3	290.3	mood/theme---groovy	0.230000	0.076000	-0.072000
track_1191611	artist_350969	album_143420	11/1191611.mp3	240.1	mood/theme---party	0.896000	0.680000	0.094000
track_1193301	artist_459855	album_143651	01/1193301.mp3	123.4	mood/theme---children	0.714000	0.076000	-0.130000
track_1193302	artist_459855	album_143651	02/1193302.mp3	126.5	mood/theme---children	0.714000	0.076000	-0.130000
track_1193303	artist_459855	album_143651	03/1193303.mp3	118.0	mood/theme---children	0.714000	0.076000	-0.130000
track_1193304	artist_459855	album_143651	04/1193304.mp3	114.7	mood/theme---children	0.714000	0.076000	-0.130000
track_1193305	artist_459855	album_143651	05/1193305.mp3	100.5	mood/theme---children	0.714000	0.076000	-0.130000
track_1193306	artist_459855	album_143651	06/1193306.mp3	145.5	mood/theme---children	0.714000	0.076000	-0.130000
track_1193307	artist_459855	album_143651	07/1193307.mp3	204.4	mood/theme---children	0.714000	0.076000	-0.130000
track_1193308	artist_459855	album_143651	08/1193308.mp3	140.4	mood/theme---children	0.714000	0.076000	-0.130000
track_1193309	artist_459855	album_143651	09/1193309.mp3	151.5	mood/theme---children	0.714000	0.076000	-0.130000
track_1193310	artist_459855	album_143651	10/1193310.mp3	165.4	mood/theme---children	0.714000	0.076000	-0.130000
track_1193401	artist_337741	album_143631	01/1193401.mp3	636.3	mood/theme---dream	mood/theme---relaxing	0.698000	-0.686000	-0.197000
track_1193402	artist_337741	album_143631	02/1193402.mp3	561.6	mood/theme---dream	0.688000	-0.686000	-0.344000
track_1194606	artist_461498	album_143770	06/1194606.mp3	213.3	mood/theme---ballad	0.584000	-0.432000	-0.152000
track_1194608	artist_461498	album_143770	08/1194608.mp3	250.6	mood/theme---ballad	0.584000	-0.432000	-0.152000
track_1194609	artist_461498	album_143770	09/1194609.mp3	250.7	mood/theme---ballad	0.584000	-0.432000	-0.152000
track_1195900	artist_003944	album_143935	00/1195900.mp3	103.0	mood/theme---corporate	mood/theme---happy	0.584500	0.189000	0.440000
track_1195902	artist_003944	album_143935	02/1195902.mp3	75.3	mood/theme---positive	0.918000	0.020000	0.710000
track_1195903	artist_003944	album_143935	03/1195903.mp3	110.5	mood/theme---romantic	0.872000	0.062000	0.196000
track_1195904	artist_003944	album_143935	04/1195904.mp3	81.8	mood/theme---documentary	mood/theme---happy	0.614500	-0.052000	0.291000
track_1195906	artist_003944	album_143935	06/1195906.mp3	120.9	mood/theme---advertising	mood/theme---epic	mood/theme---inspiring	0.500000	0.246000	0.378000
track_1195907	artist_003944	album_143935	07/1195907.mp3	82.1	mood/theme---corporate	0.184000	-0.092000	0.490000
track_1195908	artist_003944	album_143935	08/1195908.mp3	77.8	mood/theme---inspiring	0.542000	0.096000	0.210000
track_1195909	artist_003944	album_143935	09/1195909.mp3	120.2	mood/theme---corporate	mood/theme---motivational	mood/theme---uplifting	0.512667	0.098667	0.472000
track_1195910	artist_003944	album_143935	10/1195910.mp3	107.3	mood/theme---emotional	0.558000	0.428000	0.052000
track_1195912	artist_003944	album_143935	12/1195912.mp3	125.8	mood/theme---emotional	mood/theme---groovy	0.394000	0.252000	-0.010000
track_1196203	artist_340121	album_143959	03/1196203.mp3	148.8	mood/theme---film	mood/theme---meditative	0.437000	-0.389000	0.020000
track_1196205	artist_340121	album_143959	05/1196205.mp3	161.1	mood/theme---film	mood/theme---meditative	0.437000	-0.389000	0.020000
track_1196206	artist_340121	album_143959	06/1196206.mp3	356.0	mood/theme---film	mood/theme---meditative	0.437000	-0.389000	0.020000
track_1196208	artist_340121	album_143959	08/1196208.mp3	264.0	mood/theme---film	mood/theme---meditative	0.437000	-0.389000	0.020000
track_1196209	artist_340121	album_143959	09/1196209.mp3	252.0	mood/theme---film	mood/theme---meditative	0.437000	-0.389000	0.020000
track_1196909	artist_442127	album_144024	09/1196909.mp3	86.1	mood/theme---heavy	-0.500000	-0.092000	0.200000
track_1197103	artist_419438	album_144040	03/1197103.mp3	128.4	mood/theme---happy	mood/theme---inspiring	mood/theme---motivational	mood/theme---positive	0.814250	0.219500	0.506500
track_1197104	artist_419438	album_144040	04/1197104.mp3	132.5	mood/theme---happy	mood/theme---positive	0.951500	0.245000	0.550000
track_1202100	artist_375104	album_144456	00/1202100.mp3	180.0	mood/theme---background	mood/theme---calm	0.274000	-0.593000	-0.188500
track_1202102	artist_375104	album_144456	02/1202102.mp3	32.1	mood/theme---background	mood/theme---soft	0.159000	-0.464000	-0.270000
track_1202104	artist_375104	album_144456	04/1202104.mp3	35.3	mood/theme---background	mood/theme---soft	0.159000	-0.464000	-0.270000
track_1202105	artist_375104	album_144456	05/1202105.mp3	32.0	mood/theme---happy	mood/theme---positive	mood/theme---soft	0.807667	-0.050667	0.188000
track_1202106	artist_375104	album_144456	06/1202106.mp3	108.1	mood/theme---positive	mood/theme---soft	0.719000	-0.311000	0.087000
track_1202107	artist_375104	album_144456	07/1202107.mp3	38.1	mood/theme---positive	mood/theme---soft	0.719000	-0.311000	0.087000
track_1203201	artist_456946	album_144534	01/1203201.mp3	197.2	mood/theme---calm	mood/theme---dark	mood/theme---drama	mood/theme---dramatic	mood/theme---emotional	mood/theme---melancholic	mood/theme---sad	-0.127143	-0.046857	-0.252714
track_1203202	artist_456946	album_144532	02/1203202.mp3	280.3	mood/theme---dark	mood/theme---drama	mood/theme---emotional	mood/theme---melancholic	mood/theme---sad	-0.274800	0.002400	-0.256400
track_1203203	artist_456946	album_144532	03/1203203.mp3	277.7	mood/theme---dark	mood/theme---drama	mood/theme---dream	mood/theme---film	0.147500	-0.099500	-0.099500
track_1203411	artist_463180	album_144561	11/1203411.mp3	444.8	mood/theme---melodic	0.933000	0.238000	0.148000
track_1204807	artist_462768	album_144725	07/1204807.mp3	235.0	mood/theme---fun	mood/theme---funny	0.836000	0.453000	0.233000
track_1204810	artist_462768	album_144725	10/1204810.mp3	195.5	mood/theme---cool	0.770000	0.080000	0.562000
track_1204811	artist_462768	album_144725	11/1204811.mp3	254.4	mood/theme---funny	0.836000	0.220000	0.132000
track_1204812	artist_462768	album_144725	12/1204812.mp3	157.8	mood/theme---funny	0.836000	0.220000	0.132000
track_1205808	artist_432273	album_144845	08/1205808.mp3	257.0	mood/theme---action	mood/theme---dark	mood/theme---emotional	mood/theme---energetic	0.292000	0.439000	0.328000
track_1205809	artist_432273	album_144845	09/1205809.mp3	153.2	mood/theme---action	mood/theme---drama	mood/theme---energetic	0.358000	0.680667	0.456667
track_1205810	artist_432273	album_144845	10/1205810.mp3	230.8	mood/theme---documentary	mood/theme---energetic	mood/theme---travel	0.600000	0.180000	0.355333
track_1208611	artist_438431	album_145151	11/1208611.mp3	290.3	mood/theme---sad	-0.550000	-0.334000	-0.702000
track_1209202	artist_433352	album_145221	02/1209202.mp3	205.1	mood/theme---love	0.996000	0.334000	0.234000
track_1209204	artist_433352	album_145221	04/1209204.mp3	182.8	mood/theme---love	mood/theme---soft	0.758000	-0.154000	-0.151000
track_1209205	artist_433352	album_145221	05/1209205.mp3	225.9	mood/theme---ambiental	0.708000	-0.686000	-0.050000
track_1209404	artist_451073	album_145253	04/1209404.mp3	166.4	mood/theme---advertising	mood/theme---corporate	mood/theme---happy	mood/theme---motivational	0.556250	0.221500	0.465000
track_1209408	artist_451073	album_145253	08/1209408.mp3	94.2	mood/theme---advertising	mood/theme---happy	mood/theme---positive	0.715667	0.235333	0.454667
track_1209411	artist_451073	album_145253	11/1209411.mp3	288.1	mood/theme---advertising	mood/theme---commercial	0.428000	0.098000	0.160000
track_1209412	artist_451073	album_145253	12/1209412.mp3	153.3	mood/theme---advertising	mood/theme---corporate	mood/theme---happy	mood/theme---motivational	0.556250	0.221500	0.465000
track_1209612	artist_003944	album_145266	12/1209612.mp3	30.0	mood/theme---emotional	0.558000	0.428000	0.052000
track_1210603	artist_347673	album_145401	03/1210603.mp3	168.0	mood/theme---dramatic	mood/theme---dream	mood/theme---inspiring	mood/theme---meditative	0.298000	-0.197500	-0.085000
track_1210605	artist_347673	album_145401	05/1210605.mp3	182.0	mood/theme---inspiring	mood/theme---romantic	0.707000	0.079000	0.203000
track_1210606	artist_347673	album_145401	06/1210606.mp3	145.0	mood/theme---inspiring	mood/theme---meditative	mood/theme---melancholic	mood/theme---melodic	0.266250	-0.203500	-0.045000
track_1210607	artist_347673	album_145401	07/1210607.mp3	95.0	mood/theme---meditative	mood/theme---melancholic	mood/theme---sad	-0.320000	-0.494000	-0.413333
track_1210700	artist_007063	album_145414	00/1210700.mp3	160.1	mood/theme---cool	mood/theme---fun	mood/theme---groovy	mood/theme---happy	mood/theme---melodic	mood/theme---motivational	0.761000	0.307000	0.346333
track_1210701	artist_007063	album_145414	01/1210701.mp3	187.6	mood/theme---groovy	mood/theme---melodic	0.581500	0.157000	0.038000
track_1210702	artist_457476	album_145413	02/1210702.mp3	282.1	mood/theme---corporate	mood/theme---uplifting	0.363000	0.002000	0.350000
track_1210703	artist_457476	album_145413	03/1210703.mp3	181.9	mood/theme---corporate	mood/theme---trailer	0.133000	-0.056000	0.218000
track_1210706	artist_457476	album_145413	06/1210706.mp3	300.0	mood/theme---trailer	0.082000	-0.020000	-0.054000
track_1210712	artist_007063	album_145414	12/1210712.mp3	209.0	mood/theme---cool	mood/theme---groovy	mood/theme---melodic	0.644333	0.131333	0.212667
track_1211211	artist_351337	album_145463	11/1211211.mp3	238.2	mood/theme---love	0.996000	0.334000	0.234000
track_1211212	artist_351337	album_145463	12/1211212.mp3	269.5	mood/theme---love	0.996000	0.334000	0.234000
track_1211600	artist_465566	album_145503	00/1211600.mp3	300.1	mood/theme---emotional	mood/theme---sad	0.004000	0.047000	-0.325000
track_1211601	artist_465566	album_145503	01/1211601.mp3	202.1	mood/theme---happy	mood/theme---sad	0.217500	0.068000	-0.156000
track_1211603	artist_465566	album_145503	03/1211603.mp3	170.1	mood/theme---sad	-0.550000	-0.334000	-0.702000
track_1211604	artist_465566	album_145503	04/1211604.mp3	199.2	mood/theme---sad	-0.550000	-0.334000	-0.702000
track_1211605	artist_465566	album_145503	05/1211605.mp3	221.5	mood/theme---sad	-0.550000	-0.334000	-0.702000
track_1211606	artist_465566	album_145503	06/1211606.mp3	194.7	mood/theme---sad	-0.550000	-0.334000	-0.702000
track_1211607	artist_465566	album_145503	07/1211607.mp3	140.1	mood/theme---love	mood/theme---sad	0.223000	0.000000	-0.234000
track_1211608	artist_465566	album_145503	08/1211608.mp3	240.1	mood/theme---sad	-0.550000	-0.334000	-0.702000
track_1211800	artist_456650	album_145533	00/1211800.mp3	264.0	mood/theme---advertising	mood/theme---drama	mood/theme---dramatic	mood/theme---emotional	mood/theme---epic	mood/theme---film	0.292667	0.353667	0.159333
track_1211801	artist_456650	album_145533	01/1211801.mp3	264.2	mood/theme---adventure	mood/theme---melodic	0.883500	0.476000	0.284000
track_1211802	artist_456650	album_145532	02/1211802.mp3	238.7	mood/theme---commercial	mood/theme---mellow	mood/theme---positive	0.598667	-0.305667	0.146000
track_1211803	artist_456650	album_145532	03/1211803.mp3	238.6	mood/theme---mellow	mood/theme---motivational	mood/theme---positive	0.665333	-0.201667	0.366000
track_1212608	artist_462186	album_145593	08/1212608.mp3	164.6	mood/theme---dream	mood/theme---meditative	0.458000	-0.723000	-0.218000
track_1215804	artist_466853	album_145861	04/1215804.mp3	190.0	mood/theme---slow	-0.286000	-0.927000	-0.708000
track_1216208	artist_456650	album_145912	08/1216208.mp3	262.0	mood/theme---dramatic	mood/theme---emotional	mood/theme---love	mood/theme---romantic	0.540000	0.346000	0.092000
track_1216209	artist_456650	album_145912	09/1216209.mp3	262.0	mood/theme---drama	mood/theme---hopeful	mood/theme---melodic	0.562333	0.154000	0.121333
track_1216210	artist_456650	album_145911	10/1216210.mp3	182.8	mood/theme---action	mood/theme---adventure	mood/theme---energetic	mood/theme---happy	mood/theme---nature	mood/theme---sport	0.746167	0.414000	0.469667
track_1216211	artist_456650	album_145911	11/1216211.mp3	182.8	mood/theme---adventure	mood/theme---children	mood/theme---energetic	mood/theme---fun	mood/theme---happy	mood/theme---travel	0.820833	0.510000	0.314667
track_1217305	artist_341169	album_146033	05/1217305.mp3	158.0	mood/theme---melancholic	-0.638000	-0.388000	-0.446000
track_1217503	artist_396983	album_146065	03/1217503.mp3	176.8	mood/theme---advertising	0.244000	0.216000	0.264000
track_1217504	artist_396983	album_146065	04/1217504.mp3	171.9	mood/theme---advertising	0.244000	0.216000	0.264000
track_1217505	artist_396983	album_146065	05/1217505.mp3	109.1	mood/theme---advertising	0.244000	0.216000	0.264000
track_1217506	artist_396983	album_146065	06/1217506.mp3	319.5	mood/theme---advertising	0.244000	0.216000	0.264000
track_1217508	artist_396983	album_146065	08/1217508.mp3	125.8	mood/theme---advertising	0.244000	0.216000	0.264000
track_1217509	artist_396983	album_146065	09/1217509.mp3	360.0	mood/theme---advertising	0.244000	0.216000	0.264000
track_1217510	artist_396983	album_146065	10/1217510.mp3	160.0	mood/theme---advertising	0.244000	0.216000	0.264000
track_1217511	artist_396983	album_146065	11/1217511.mp3	102.5	mood/theme---advertising	0.244000	0.216000	0.264000
track_1217512	artist_396983	album_146065	12/1217512.mp3	126.3	mood/theme---advertising	0.244000	0.216000	0.264000
track_1219101	artist_466600	album_146228	01/1219101.mp3	38.1	mood/theme---children	mood/theme---commercial	mood/theme---documentary	mood/theme---nature	0.571000	-0.287500	0.101000
track_1219207	artist_358485	album_146240	07/1219207.mp3	83.3	mood/theme---happy	0.985000	0.470000	0.390000
track_1219208	artist_358485	album_146240	08/1219208.mp3	258.0	mood/theme---happy	0.985000	0.470000	0.390000
track_1219209	artist_358485	album_146240	09/1219209.mp3	289.6	mood/theme---happy	0.985000	0.470000	0.390000
track_1219210	artist_358485	album_146240	10/1219210.mp3	192.1	mood/theme---happy	0.985000	0.470000	0.390000
track_1219211	artist_358485	album_146240	11/1219211.mp3	226.2	mood/theme---happy	0.985000	0.470000	0.390000
track_1219212	artist_358485	album_146240	12/1219212.mp3	185.6	mood/theme---happy	0.985000	0.470000	0.390000
track_1219404	artist_368759	album_146249	04/1219404.mp3	128.0	mood/theme---deep	mood/theme---dream	0.334000	-0.370000	-0.015000
track_1219603	artist_348759	album_146278	03/1219603.mp3	218.0	mood/theme---love	0.996000	0.334000	0.234000
track_1219701	artist_350284	album_146293	01/1219701.mp3	124.6	mood/theme---action	mood/theme---dark	-0.042000	0.296000	0.228000
track_1219702	artist_350284	album_146293	02/1219702.mp3	208.4	mood/theme---dark	mood/theme---melancholic	-0.621000	-0.296000	-0.297000
track_1220705	artist_467467	album_146416	05/1220705.mp3	216.6	mood/theme---epic	mood/theme---film	0.680000	0.204000	0.396000
track_1222000	artist_437980	album_146587	00/1222000.mp3	206.2	mood/theme---children	mood/theme---positive	mood/theme---relaxing	0.780000	-0.196667	0.176667
track_1222001	artist_437980	album_146587	01/1222001.mp3	171.2	mood/theme---relaxing	0.708000	-0.686000	-0.050000
track_1222007	artist_437980	album_146587	07/1222007.mp3	173.9	mood/theme---happy	0.985000	0.470000	0.390000
track_1222008	artist_437980	album_146587	08/1222008.mp3	140.6	mood/theme---energetic	mood/theme---happy	mood/theme---upbeat	mood/theme---uplifting	0.744250	0.341000	0.502000
track_1222010	artist_437980	album_146587	10/1222010.mp3	215.0	mood/theme---advertising	mood/theme---happy	mood/theme---upbeat	mood/theme---uplifting	0.631750	0.211000	0.367000
track_1222011	artist_437980	album_146587	11/1222011.mp3	179.3	mood/theme---happy	mood/theme---positive	mood/theme---uplifting	0.815000	0.195333	0.436667
track_1222310	artist_005240	album_146612	10/1222310.mp3	380.0	mood/theme---drama	mood/theme---nature	0.287000	-0.061000	0.124000
track_1222501	artist_469033	album_146636	01/1222501.mp3	223.0	mood/theme---love	0.996000	0.334000	0.234000
track_1222609	artist_469033	album_146636	09/1222609.mp3	300.3	mood/theme---sad	-0.550000	-0.334000	-0.702000
track_1223300	artist_455057	album_146733	00/1223300.mp3	52.2	mood/theme---happy	mood/theme---inspiring	mood/theme---positive	0.815000	0.195333	0.436667
track_1223702	artist_339449	album_146804	02/1223702.mp3	384.0	mood/theme---christmas	0.918000	0.040000	0.482000
track_1225503	artist_467520	album_146995	03/1225503.mp3	229.1	mood/theme---love	0.996000	0.334000	0.234000
track_1225505	artist_467520	album_146995	05/1225505.mp3	300.3	mood/theme---summer	0.624000	-0.254000	0.100000
track_1226201	artist_444081	album_147085	01/1226201.mp3	105.1	mood/theme---space	0.600000	-0.366000	0.146000
track_1226202	artist_444081	album_147085	02/1226202.mp3	105.1	mood/theme---space	0.600000	-0.366000	0.146000
track_1226700	artist_466600	album_147132	00/1226700.mp3	69.0	mood/theme---commercial	mood/theme---documentary	mood/theme---nature	mood/theme---romantic	0.610500	-0.291000	0.182500
track_1226702	artist_337428	album_147119	02/1226702.mp3	323.9	mood/theme---ballad	0.584000	-0.432000	-0.152000
track_1226705	artist_337428	album_147119	05/1226705.mp3	271.8	mood/theme---heavy	-0.500000	-0.092000	0.200000
track_1226800	artist_437980	album_147143	00/1226800.mp3	106.9	mood/theme---fun	mood/theme---relaxing	0.772000	0.000000	0.142000
track_1226801	artist_437980	album_147143	01/1226801.mp3	220.8	mood/theme---relaxing	mood/theme---soft	0.614000	-0.664000	-0.293000
track_1227101	artist_470512	album_147199	01/1227101.mp3	227.3	mood/theme---emotional	0.558000	0.428000	0.052000
track_1227102	artist_470512	album_147199	02/1227102.mp3	185.2	mood/theme---emotional	mood/theme---happy	0.771500	0.449000	0.221000
track_1227103	artist_470512	album_147199	03/1227103.mp3	189.5	mood/theme---emotional	0.558000	0.428000	0.052000
track_1227104	artist_470512	album_147199	04/1227104.mp3	205.1	mood/theme---emotional	0.558000	0.428000	0.052000
track_1227500	artist_459422	album_147239	00/1227500.mp3	310.9	mood/theme---adventure	mood/theme---advertising	mood/theme---documentary	mood/theme---film	0.492000	0.084500	0.252000
track_1228102	artist_470905	album_147335	02/1228102.mp3	299.2	mood/theme---ambiental	0.708000	-0.686000	-0.050000
track_1229310	artist_471274	album_147445	10/1229310.mp3	240.0	mood/theme---happy	0.985000	0.470000	0.390000
track_1230710	artist_428449	album_145744	10/1230710.mp3	644.2	mood/theme---dark	mood/theme---dramatic	mood/theme---hopeful	mood/theme---melancholic	mood/theme---motivational	0.039600	-0.005200	0.052400
track_1230711	artist_428449	album_145744	11/1230711.mp3	443.9	mood/theme---dramatic	mood/theme---hopeful	mood/theme---inspiring	mood/theme---motivational	mood/theme---relaxing	mood/theme---romantic	0.593667	0.006333	0.202000
track_1230712	artist_428449	album_145744	12/1230712.mp3	533.6	mood/theme---dramatic	mood/theme---hopeful	mood/theme---inspiring	mood/theme---motivational	mood/theme---relaxing	mood/theme---romantic	0.593667	0.006333	0.202000
track_1230805	artist_471813	album_147598	05/1230805.mp3	161.2	mood/theme---slow	-0.286000	-0.927000	-0.708000
track_1230806	artist_471813	album_147598	06/1230806.mp3	258.9	mood/theme---slow	-0.286000	-0.927000	-0.708000
track_1231502	artist_458979	album_147684	02/1231502.mp3	147.0	mood/theme---sad	-0.550000	-0.334000	-0.702000
track_1231702	artist_338779	album_147704	02/1231702.mp3	156.2	mood/theme---dream	mood/theme---film	mood/theme---happy	mood/theme---summer	0.735750	-0.122000	0.069500
track_1234305	artist_437980	album_147991	05/1234305.mp3	165.5	mood/theme---christmas	mood/theme---positive	0.918000	0.030000	0.596000
track_1234306	artist_437980	album_147991	06/1234306.mp3	177.6	mood/theme---epic	0.714000	0.426000	0.660000
track_1234308	artist_437980	album_147991	08/1234308.mp3	134.2	mood/theme---calm	0.750000	-0.900000	-0.373000
track_1234310	artist_437980	album_147991	10/1234310.mp3	159.7	mood/theme---epic	0.714000	0.426000	0.660000
track_1234311	artist_437980	album_147991	11/1234311.mp3	143.1	mood/theme---action	mood/theme---adventure	mood/theme---epic	0.689333	0.645333	0.561333
track_1234411	artist_437980	album_148000	11/1234411.mp3	108.4	mood/theme---happy	0.985000	0.470000	0.390000
track_1234412	artist_437980	album_148002	12/1234412.mp3	243.4	mood/theme---energetic	mood/theme---party	mood/theme---positive	mood/theme---uplifting	0.762500	0.383000	0.454500
track_1234500	artist_472670	album_147855	00/1234500.mp3	420.0	mood/theme---happy	mood/theme---party	0.940500	0.575000	0.242000
track_1234501	artist_472670	album_147855	01/1234501.mp3	510.5	mood/theme---party	0.896000	0.680000	0.094000
track_1234502	artist_472670	album_147855	02/1234502.mp3	316.2	mood/theme---happy	mood/theme---love	0.990500	0.402000	0.312000
track_1234503	artist_472670	album_147855	03/1234503.mp3	331.2	mood/theme---love	mood/theme---party	0.946000	0.507000	0.164000
track_1234505	artist_472670	album_147855	05/1234505.mp3	297.0	mood/theme---party	0.896000	0.680000	0.094000
track_1235601	artist_340663	album_148140	01/1235601.mp3	83.2	mood/theme---ballad	mood/theme---romantic	0.728000	-0.185000	0.022000
track_1235700	artist_359452	album_148151	00/1235700.mp3	438.3	mood/theme---energetic	mood/theme---sad	0.072000	0.201000	0.051000
track_1236010	artist_431744	album_148182	10/1236010.mp3	227.2	mood/theme---soundscape	0.708000	-0.686000	-0.050000
track_1236105	artist_003944	album_148195	05/1236105.mp3	138.0	mood/theme---happy	mood/theme---inspiring	0.763500	0.283000	0.300000
track_1236106	artist_003944	album_148195	06/1236106.mp3	144.2	mood/theme---happy	mood/theme---inspiring	0.763500	0.283000	0.300000
track_1236107	artist_003944	album_148195	07/1236107.mp3	152.4	mood/theme---inspiring	0.542000	0.096000	0.210000
track_1236108	artist_003944	album_148196	08/1236108.mp3	108.8	mood/theme---drama	mood/theme---emotional	mood/theme---film	0.354667	0.306667	0.048667
track_1236109	artist_003944	album_148196	09/1236109.mp3	104.0	mood/theme---drama	mood/theme---emotional	mood/theme---film	0.354667	0.306667	0.048667
track_1236110	artist_003944	album_148196	10/1236110.mp3	124.9	mood/theme---drama	mood/theme---emotional	mood/theme---film	0.354667	0.306667	0.048667
track_1236111	artist_003944	album_148197	11/1236111.mp3	131.2	mood/theme---emotional	mood/theme---film	0.602000	0.205000	0.092000
track_1236112	artist_003944	album_148197	12/1236112.mp3	141.5	mood/theme---emotional	mood/theme---film	mood/theme---sad	0.218000	0.025333	-0.172667
track_1236401	artist_473960	album_148240	01/1236401.mp3	193.6	mood/theme---happy	mood/theme---upbeat	0.870500	0.266000	0.497000
track_1236402	artist_473960	album_148240	02/1236402.mp3	225.3	mood/theme---fun	0.836000	0.686000	0.334000
track_1236403	artist_473960	album_148240	03/1236403.mp3	152.5	mood/theme---calm	mood/theme---slow	0.232000	-0.913500	-0.540500
track_1236405	artist_473960	album_148240	05/1236405.mp3	124.1	mood/theme---epic	mood/theme---fun	mood/theme---happy	0.845000	0.527333	0.461333
track_1236406	artist_473960	album_148240	06/1236406.mp3	287.8	mood/theme---epic	0.714000	0.426000	0.660000
track_1236408	artist_473960	album_148240	08/1236408.mp3	278.7	mood/theme---happy	mood/theme---upbeat	mood/theme---uplifting	0.761000	0.209333	0.401333
track_1237212	artist_337741	album_148329	12/1237212.mp3	1406.1	mood/theme---meditative	mood/theme---soundscape	0.468000	-0.723000	-0.071000
track_1239109	artist_366701	album_148527	09/1239109.mp3	309.5	mood/theme---relaxing	0.708000	-0.686000	-0.050000
track_1239110	artist_366701	album_148527	10/1239110.mp3	327.4	mood/theme---emotional	mood/theme---happy	0.771500	0.449000	0.221000
track_1239507	artist_459422	album_148554	07/1239507.mp3	295.2	mood/theme---advertising	mood/theme---documentary	mood/theme---film	mood/theme---love	0.532500	-0.010500	0.205500
track_1241404	artist_349503	album_148780	04/1241404.mp3	270.8	mood/theme---calm	0.750000	-0.900000	-0.373000
track_1241406	artist_349503	album_148780	06/1241406.mp3	470.5	mood/theme---sad	-0.550000	-0.334000	-0.702000
track_1241407	artist_349503	album_148780	07/1241407.mp3	275.9	mood/theme---melodic	0.933000	0.238000	0.148000
track_1241410	artist_349503	album_148780	10/1241410.mp3	510.0	mood/theme---sad	-0.550000	-0.334000	-0.702000
track_1241411	artist_349503	album_148780	11/1241411.mp3	302.6	mood/theme---space	0.600000	-0.366000	0.146000
track_1243203	artist_476215	album_148990	03/1243203.mp3	193.9	mood/theme---summer	0.624000	-0.254000	0.100000
track_1245901	artist_004056	album_149240	01/1245901.mp3	223.0	mood/theme---groovy	mood/theme---sexy	0.480000	0.483000	0.266000
track_1247101	artist_471813	album_149226	01/1247101.mp3	334.3	mood/theme---dark	mood/theme---slow	-0.445000	-0.565500	-0.428000
track_1247102	artist_471813	album_149226	02/1247102.mp3	200.6	mood/theme---dark	mood/theme---slow	-0.445000	-0.565500	-0.428000
track_1247103	artist_471813	album_149226	03/1247103.mp3	207.5	mood/theme---dark	mood/theme---slow	-0.445000	-0.565500	-0.428000
track_1247104	artist_471813	album_149226	04/1247104.mp3	378.9	mood/theme---dark	mood/theme---slow	-0.445000	-0.565500	-0.428000
track_1247105	artist_471813	album_149226	05/1247105.mp3	226.3	mood/theme---dark	mood/theme---slow	-0.445000	-0.565500	-0.428000
track_1247106	artist_471813	album_149226	06/1247106.mp3	413.2	mood/theme---dark	mood/theme---slow	-0.445000	-0.565500	-0.428000
track_1247107	artist_471813	album_149226	07/1247107.mp3	207.5	mood/theme---dark	mood/theme---slow	-0.445000	-0.565500	-0.428000
track_1247109	artist_471813	album_149226	09/1247109.mp3	337.8	mood/theme---dark	mood/theme---slow	-0.445000	-0.565500	-0.428000
track_1247110	artist_471813	album_149226	10/1247110.mp3	224.6	mood/theme---dark	mood/theme---slow	-0.445000	-0.565500	-0.428000
track_1247112	artist_471813	album_149226	12/1247112.mp3	289.8	mood/theme---dark	mood/theme---slow	-0.445000	-0.565500	-0.428000
track_1247308	artist_004819	album_149433	08/1247308.mp3	307.2	mood/theme---relaxing	0.708000	-0.686000	-0.050000
track_1247310	artist_004819	album_149433	10/1247310.mp3	333.7	mood/theme---melodic	mood/theme---slow	0.323500	-0.344500	-0.280000
track_1248104	artist_353807	album_149468	04/1248104.mp3	208.6	mood/theme---party	0.896000	0.680000	0.094000
track_1248105	artist_353807	album_149468	05/1248105.mp3	212.7	mood/theme---party	0.896000	0.680000	0.094000
track_1248106	artist_353807	album_149468	06/1248106.mp3	184.4	mood/theme---party	0.896000	0.680000	0.094000
track_1248107	artist_353807	album_149468	07/1248107.mp3	217.1	mood/theme---party	0.896000	0.680000	0.094000
track_1248108	artist_353807	album_149468	08/1248108.mp3	225.9	mood/theme---party	0.896000	0.680000	0.094000
track_1248600	artist_454470	album_149507	00/1248600.mp3	225.7	mood/theme---relaxing	0.708000	-0.686000	-0.050000
track_1248601	artist_454470	album_149507	01/1248601.mp3	185.2	mood/theme---dark	-0.604000	-0.204000	-0.148000
track_1248602	artist_454470	album_149507	02/1248602.mp3	136.6	mood/theme---sad	-0.550000	-0.334000	-0.702000
track_1248603	artist_454470	album_149507	03/1248603.mp3	157.3	mood/theme---energetic	mood/theme---happy	0.839500	0.603000	0.597000
track_1248605	artist_454470	album_149507	05/1248605.mp3	196.0	mood/theme---emotional	mood/theme---sad	0.004000	0.047000	-0.325000
track_1248606	artist_454470	album_149507	06/1248606.mp3	144.0	mood/theme---relaxing	0.708000	-0.686000	-0.050000
track_1248607	artist_454470	album_149507	07/1248607.mp3	164.8	mood/theme---sad	-0.550000	-0.334000	-0.702000
track_1248608	artist_454470	album_149507	08/1248608.mp3	208.5	mood/theme---positive	0.918000	0.020000	0.710000
track_1248609	artist_454470	album_149507	09/1248609.mp3	111.9	mood/theme---happy	mood/theme---relaxing	0.846500	-0.108000	0.170000
track_1248611	artist_454470	album_149507	11/1248611.mp3	198.7	mood/theme---relaxing	0.708000	-0.686000	-0.050000
track_1248612	artist_454470	album_149507	12/1248612.mp3	240.6	mood/theme---sad	mood/theme---slow	-0.418000	-0.630500	-0.705000
track_1248709	artist_477635	album_149514	09/1248709.mp3	172.7	mood/theme---emotional	0.558000	0.428000	0.052000
track_1249602	artist_477973	album_149595	02/1249602.mp3	190.2	mood/theme---love	0.996000	0.334000	0.234000
track_1249603	artist_477973	album_149595	03/1249603.mp3	218.3	mood/theme---emotional	mood/theme---slow	0.136000	-0.249500	-0.328000
track_1250200	artist_477618	album_149637	00/1250200.mp3	44.4	mood/theme---happy	0.985000	0.470000	0.390000
track_1250203	artist_477618	album_149637	03/1250203.mp3	72.0	mood/theme---action	mood/theme---heavy	0.010000	0.352000	0.402000
track_1250204	artist_477618	album_149637	04/1250204.mp3	64.7	mood/theme---commercial	0.612000	-0.020000	0.056000
track_1250205	artist_477618	album_149637	05/1250205.mp3	30.8	mood/theme---background	-0.202000	-0.286000	-0.004000
track_1250206	artist_477618	album_149637	06/1250206.mp3	117.4	mood/theme---love	mood/theme---sexy	0.863000	0.612000	0.419000
track_1250207	artist_477618	album_149637	07/1250207.mp3	123.5	mood/theme---drama	mood/theme---emotional	mood/theme---sad	-0.044000	0.201333	-0.229333
track_1250208	artist_477618	album_149637	08/1250208.mp3	131.8	mood/theme---dream	0.688000	-0.686000	-0.344000
track_1250209	artist_477618	album_149637	09/1250209.mp3	48.0	mood/theme---calm	mood/theme---relaxing	0.729000	-0.793000	-0.211500
track_1250210	artist_477618	album_149637	10/1250210.mp3	54.0	mood/theme---action	0.520000	0.796000	0.604000
track_1250211	artist_477618	album_149637	11/1250211.mp3	106.7	mood/theme---calm	mood/theme---dream	0.719000	-0.793000	-0.358500
track_1254011	artist_346564	album_150044	11/1254011.mp3	160.9	mood/theme---dream	mood/theme---emotional	mood/theme---melodic	mood/theme---positive	mood/theme---romantic	0.793800	0.012400	0.152400
track_1254809	artist_375104	album_150113	09/1254809.mp3	57.8	mood/theme---happy	mood/theme---upbeat	0.870500	0.266000	0.497000
track_1254810	artist_375104	album_150113	10/1254810.mp3	136.2	mood/theme---happy	0.985000	0.470000	0.390000
track_1254811	artist_375104	album_150113	11/1254811.mp3	34.0	mood/theme---advertising	mood/theme---happy	mood/theme---summer	0.617667	0.144000	0.251333
track_1255912	artist_355779	album_150211	12/1255912.mp3	80.7	mood/theme---space	0.600000	-0.366000	0.146000
track_1257002	artist_479495	album_150326	02/1257002.mp3	288.3	mood/theme---upbeat	0.756000	0.062000	0.604000
track_1257004	artist_479495	album_150326	04/1257004.mp3	220.1	mood/theme---upbeat	0.756000	0.062000	0.604000
track_1257009	artist_479495	album_150326	09/1257009.mp3	257.2	mood/theme---motivational	mood/theme---upbeat	0.784000	0.177000	0.660000
track_1257310	artist_466600	album_150356	10/1257310.mp3	38.0	mood/theme---action	mood/theme---dramatic	mood/theme---epic	mood/theme---trailer	0.262500	0.440500	0.274000
track_1257311	artist_466600	album_150356	11/1257311.mp3	75.0	mood/theme---action	mood/theme---dramatic	mood/theme---epic	mood/theme---trailer	0.262500	0.440500	0.274000
track_1261203	artist_477576	album_150774	03/1261203.mp3	151.6	mood/theme---dark	mood/theme---trailer	-0.261000	-0.112000	-0.101000
track_1261204	artist_477576	album_150774	04/1261204.mp3	63.2	mood/theme---trailer	0.082000	-0.020000	-0.054000
track_1263902	artist_355162	album_151019	02/1263902.mp3	259.2	mood/theme---romantic	0.872000	0.062000	0.196000
track_1264107	artist_355162	album_151019	07/1264107.mp3	225.6	mood/theme---melodic	mood/theme---relaxing	mood/theme---romantic	0.837667	-0.128667	0.098000
track_1264201	artist_351616	album_151122	01/1264201.mp3	110.0	mood/theme---deep	mood/theme---groovy	0.105000	0.011000	0.121000
track_1264204	artist_351616	album_151122	04/1264204.mp3	64.3	mood/theme---movie	0.584000	0.120000	-0.058000
track_1264209	artist_351616	album_151122	09/1264209.mp3	188.1	mood/theme---love	0.996000	0.334000	0.234000
track_1265307	artist_480019	album_151227	07/1265307.mp3	211.6	mood/theme---ballad	mood/theme---relaxing	mood/theme---romantic	0.721333	-0.352000	-0.002000
track_1265308	artist_480019	album_151227	08/1265308.mp3	278.1	mood/theme---romantic	0.872000	0.062000	0.196000
track_1265309	artist_480019	album_151227	09/1265309.mp3	333.6	mood/theme---film	0.646000	-0.018000	0.132000
track_1265311	artist_480019	album_151227	11/1265311.mp3	376.3	mood/theme---romantic	0.872000	0.062000	0.196000
track_1265312	artist_480019	album_151227	12/1265312.mp3	240.5	mood/theme---romantic	0.872000	0.062000	0.196000
track_1265805	artist_441932	album_151279	05/1265805.mp3	219.8	mood/theme---happy	0.985000	0.470000	0.390000
track_1265806	artist_441932	album_151279	06/1265806.mp3	284.6	mood/theme---fun	0.836000	0.686000	0.334000
track_1265902	artist_427606	album_151289	02/1265902.mp3	106.2	mood/theme---calm	mood/theme---relaxing	0.729000	-0.793000	-0.211500
track_1265903	artist_427606	album_151289	03/1265903.mp3	81.6	mood/theme---film	0.646000	-0.018000	0.132000
track_1265904	artist_427606	album_151289	04/1265904.mp3	112.7	mood/theme---film	0.646000	-0.018000	0.132000
track_1265905	artist_427606	album_151289	05/1265905.mp3	152.0	mood/theme---ambiental	mood/theme---film	0.677000	-0.352000	0.041000
track_1265909	artist_427606	album_151289	09/1265909.mp3	125.7	mood/theme---ambiental	0.708000	-0.686000	-0.050000
track_1266107	artist_460992	album_151307	07/1266107.mp3	98.7	mood/theme---fast	mood/theme---happy	mood/theme---inspiring	mood/theme---motivational	0.647250	0.304000	0.401500
track_1266108	artist_460992	album_151307	08/1266108.mp3	100.4	mood/theme---positive	mood/theme---uplifting	0.730000	0.058000	0.460000
track_1266110	artist_460992	album_151307	10/1266110.mp3	86.5	mood/theme---children	mood/theme---funny	mood/theme---happy	mood/theme---positive	0.863250	0.196500	0.275500
track_1266111	artist_460992	album_151307	11/1266111.mp3	79.6	mood/theme---calm	mood/theme---inspiring	0.646000	-0.402000	-0.081500
track_1266112	artist_460992	album_151307	12/1266112.mp3	90.1	mood/theme---children	mood/theme---happy	0.849500	0.273000	0.130000
track_1266500	artist_432124	album_151348	00/1266500.mp3	71.1	mood/theme---advertising	mood/theme---commercial	mood/theme---motivational	0.556000	0.162667	0.345333
track_1266502	artist_432124	album_151348	02/1266502.mp3	67.0	mood/theme---advertising	mood/theme---children	mood/theme---commercial	mood/theme---fun	mood/theme---funny	0.648400	0.235600	0.131200
track_1266505	artist_007862	album_151349	05/1266505.mp3	246.2	mood/theme---fast	mood/theme---uplifting	0.396000	0.227000	0.250000
track_1266506	artist_007862	album_151349	06/1266506.mp3	330.0	mood/theme---dream	0.688000	-0.686000	-0.344000
track_1266507	artist_007862	album_151349	07/1266507.mp3	310.6	mood/theme---deep	-0.020000	-0.054000	0.314000
track_1266508	artist_007862	album_151349	08/1266508.mp3	139.6	mood/theme---deep	-0.020000	-0.054000	0.314000
track_1266509	artist_007862	album_151349	09/1266509.mp3	311.0	mood/theme---deep	-0.020000	-0.054000	0.314000
track_1267706	artist_437980	album_151489	06/1267706.mp3	179.3	mood/theme---happy	mood/theme---uplifting	0.763500	0.283000	0.300000
track_1267707	artist_437980	album_151489	07/1267707.mp3	179.3	mood/theme---inspiring	mood/theme---uplifting	0.542000	0.096000	0.210000
track_1268107	artist_471813	album_151540	07/1268107.mp3	209.2	mood/theme---slow	-0.286000	-0.927000	-0.708000
track_1268108	artist_471813	album_151540	08/1268108.mp3	310.3	mood/theme---slow	-0.286000	-0.927000	-0.708000
track_1268109	artist_471813	album_151540	09/1268109.mp3	228.0	mood/theme---slow	-0.286000	-0.927000	-0.708000
track_1268110	artist_471813	album_151540	10/1268110.mp3	330.9	mood/theme---slow	-0.286000	-0.927000	-0.708000
track_1268111	artist_471813	album_151540	11/1268111.mp3	231.5	mood/theme---slow	-0.286000	-0.927000	-0.708000
track_1268112	artist_471813	album_151540	12/1268112.mp3	221.2	mood/theme---slow	-0.286000	-0.927000	-0.708000
track_1268902	artist_480619	album_151568	02/1268902.mp3	318.8	mood/theme---romantic	0.872000	0.062000	0.196000
track_1269805	artist_480798	album_151679	05/1269805.mp3	215.0	mood/theme---soft	0.520000	-0.642000	-0.536000
track_1270100	artist_466600	album_151710	00/1270100.mp3	35.1	mood/theme---dramatic	mood/theme---happy	mood/theme---inspiring	mood/theme---romantic	0.533250	0.297000	0.170500
track_1271205	artist_375935	album_151814	05/1271205.mp3	90.0	mood/theme---christmas	0.918000	0.040000	0.482000
track_1271904	artist_470555	album_151894	04/1271904.mp3	284.0	mood/theme---love	0.996000	0.334000	0.234000
track_1271906	artist_470555	album_151894	06/1271906.mp3	226.6	mood/theme---dream	0.688000	-0.686000	-0.344000
track_1271907	artist_470555	album_151894	07/1271907.mp3	190.3	mood/theme---upbeat	0.756000	0.062000	0.604000
track_1271911	artist_470555	album_151894	11/1271911.mp3	237.1	mood/theme---love	0.996000	0.334000	0.234000
track_1274100	artist_375104	album_152100	00/1274100.mp3	65.9	mood/theme---calm	mood/theme---soft	0.635000	-0.771000	-0.454500
track_1274104	artist_375104	album_152100	04/1274104.mp3	160.5	mood/theme---inspiring	mood/theme---relaxing	0.625000	-0.295000	0.080000
track_1274502	artist_438431	album_152138	02/1274502.mp3	284.9	mood/theme---ambiental	0.708000	-0.686000	-0.050000
track_1275302	artist_337741	album_152229	02/1275302.mp3	442.7	mood/theme---ambiental	mood/theme---soundscape	0.708000	-0.686000	-0.050000
track_1275607	artist_472293	album_152243	07/1275607.mp3	127.0	mood/theme---dark	-0.604000	-0.204000	-0.148000
track_1275609	artist_472293	album_152243	09/1275609.mp3	158.5	mood/theme---dark	mood/theme---sad	-0.577000	-0.269000	-0.425000
track_1275610	artist_472293	album_152243	10/1275610.mp3	194.7	mood/theme---melancholic	mood/theme---sad	-0.594000	-0.361000	-0.574000
track_1275611	artist_472293	album_152243	11/1275611.mp3	234.8	mood/theme---sad	-0.550000	-0.334000	-0.702000
track_1275612	artist_472293	album_152243	12/1275612.mp3	216.0	mood/theme---sad	-0.550000	-0.334000	-0.702000
track_1276505	artist_353294	album_152348	05/1276505.mp3	254.5	mood/theme---adventure	0.834000	0.714000	0.420000
track_1276506	artist_353294	album_152348	06/1276506.mp3	79.9	mood/theme---adventure	mood/theme---energetic	0.764000	0.725000	0.612000
track_1276507	artist_353294	album_152348	07/1276507.mp3	87.3	mood/theme---adventure	mood/theme---energetic	0.764000	0.725000	0.612000
track_1276512	artist_353294	album_152348	12/1276512.mp3	85.0	mood/theme---christmas	mood/theme---sad	0.184000	-0.147000	-0.110000
track_1277107	artist_481486	album_152400	07/1277107.mp3	369.1	mood/theme---calm	mood/theme---relaxing	0.729000	-0.793000	-0.211500
track_1277109	artist_481486	album_152400	09/1277109.mp3	295.4	mood/theme---relaxing	0.708000	-0.686000	-0.050000
track_1277700	artist_481486	album_152475	00/1277700.mp3	91.4	mood/theme---funny	0.836000	0.220000	0.132000
track_1277701	artist_481486	album_152475	01/1277701.mp3	76.1	mood/theme---dark	-0.604000	-0.204000	-0.148000
track_1277702	artist_481486	album_152475	02/1277702.mp3	72.5	mood/theme---dream	mood/theme---funny	0.762000	-0.233000	-0.106000
track_1277707	artist_481486	album_152475	07/1277707.mp3	94.0	mood/theme---game	0.470000	0.576000	-0.014000
track_1277708	artist_481486	album_152475	08/1277708.mp3	68.7	mood/theme---game	0.470000	0.576000	-0.014000
track_1277709	artist_481486	album_152475	09/1277709.mp3	146.7	mood/theme---dark	mood/theme---game	-0.067000	0.186000	-0.081000
track_1277800	artist_481486	album_152483	00/1277800.mp3	207.6	mood/theme---energetic	0.694000	0.736000	0.804000
track_1277802	artist_481486	album_152483	02/1277802.mp3	46.9	mood/theme---energetic	0.694000	0.736000	0.804000
track_1277807	artist_481486	album_152483	07/1277807.mp3	30.3	mood/theme---energetic	mood/theme---fun	0.765000	0.711000	0.569000
track_1277910	artist_355362	album_152492	10/1277910.mp3	440.1	mood/theme---action	mood/theme---adventure	mood/theme---epic	0.689333	0.645333	0.561333
track_1277911	artist_355362	album_152492	11/1277911.mp3	211.9	mood/theme---action	mood/theme---epic	mood/theme---film	0.626667	0.401333	0.465333
track_1277912	artist_355362	album_152492	12/1277912.mp3	64.3	mood/theme---action	mood/theme---adventure	mood/theme---epic	mood/theme---film	mood/theme---happy	0.739800	0.477600	0.441200
track_1278310	artist_455057	album_152535	10/1278310.mp3	71.4	mood/theme---commercial	mood/theme---hopeful	mood/theme---positive	0.808000	-0.095333	0.340000
track_1278311	artist_455057	album_152535	11/1278311.mp3	71.4	mood/theme---documentary	mood/theme---love	mood/theme---melodic	mood/theme---romantic	0.761250	0.015000	0.192500
track_1279409	artist_352380	album_152627	09/1279409.mp3	528.1	mood/theme---film	0.646000	-0.018000	0.132000
track_1279600	artist_435483	album_152646	00/1279600.mp3	70.0	mood/theme---advertising	mood/theme---background	mood/theme---corporate	mood/theme---motivational	0.259500	0.032500	0.366500
track_1279601	artist_435483	album_152699	01/1279601.mp3	70.0	mood/theme---background	mood/theme---commercial	mood/theme---corporate	mood/theme---motivational	mood/theme---uplifting	0.389600	-0.002000	0.293600
track_1279602	artist_435483	album_152646	02/1279602.mp3	98.4	mood/theme---advertising	mood/theme---background	mood/theme---commercial	mood/theme---corporate	mood/theme---motivational	0.330000	0.022000	0.304400
track_1279603	artist_435483	album_152699	03/1279603.mp3	118.4	mood/theme---advertising	mood/theme---corporate	mood/theme---happy	0.471000	0.198000	0.381333
track_1279604	artist_435483	album_152699	04/1279604.mp3	73.3	mood/theme---advertising	mood/theme---background	mood/theme---commercial	mood/theme---corporate	mood/theme---happy	mood/theme---motivational	0.439167	0.096667	0.318667
track_1279607	artist_435483	album_152699	07/1279607.mp3	73.3	mood/theme---advertising	mood/theme---background	mood/theme---commercial	mood/theme---corporate	mood/theme---happy	mood/theme---positive	0.456833	0.051333	0.317667
track_1279610	artist_435483	album_152699	10/1279610.mp3	70.0	mood/theme---commercial	mood/theme---happy	mood/theme---positive	0.838333	0.156667	0.385333
track_1280403	artist_435992	album_152978	03/1280403.mp3	288.0	mood/theme---party	0.896000	0.680000	0.094000
track_1281100	artist_437980	album_152805	00/1281100.mp3	53.9	mood/theme---dramatic	mood/theme---epic	0.224000	0.493000	0.273000
track_1281101	artist_437980	album_152805	01/1281101.mp3	154.3	mood/theme---dramatic	mood/theme---epic	0.224000	0.493000	0.273000
track_1281102	artist_437980	album_152805	02/1281102.mp3	179.7	mood/theme---dramatic	mood/theme---epic	0.224000	0.493000	0.273000
track_1282300	artist_483163	album_152936	00/1282300.mp3	156.6	mood/theme---children	mood/theme---happy	mood/theme---positive	mood/theme---upbeat	0.843250	0.157000	0.393500
track_1283010	artist_423996	album_153018	10/1283010.mp3	407.1	mood/theme---dark	-0.604000	-0.204000	-0.148000
track_1283012	artist_423996	album_153018	12/1283012.mp3	726.0	mood/theme---dark	-0.604000	-0.204000	-0.148000
track_1284300	artist_483736	album_153194	00/1284300.mp3	143.4	mood/theme---epic	mood/theme---trailer	0.398000	0.203000	0.303000
track_1284309	artist_004658	album_153197	09/1284309.mp3	196.4	mood/theme---summer	0.624000	-0.254000	0.100000
track_1285509	artist_352865	album_153306	09/1285509.mp3	471.5	mood/theme---uplifting	0.542000	0.096000	0.210000
track_1285605	artist_437980	album_153314	05/1285605.mp3	60.3	mood/theme---happy	mood/theme---uplifting	0.763500	0.283000	0.300000
track_1285606	artist_437980	album_153314	06/1285606.mp3	30.2	mood/theme---happy	mood/theme---uplifting	0.763500	0.283000	0.300000
track_1285607	artist_437980	album_153314	07/1285607.mp3	60.3	mood/theme---happy	mood/theme---uplifting	0.763500	0.283000	0.300000
track_1285608	artist_437980	album_153314	08/1285608.mp3	171.0	mood/theme---happy	mood/theme---positive	0.951500	0.245000	0.550000
track_1285609	artist_437980	album_153314	09/1285609.mp3	171.0	mood/theme---happy	mood/theme---positive	mood/theme---uplifting	0.815000	0.195333	0.436667
track_1286508	artist_435992	album_153448	08/1286508.mp3	233.5	mood/theme---romantic	0.872000	0.062000	0.196000
track_1286509	artist_435992	album_153448	09/1286509.mp3	241.6	mood/theme---romantic	0.872000	0.062000	0.196000
track_1286510	artist_435992	album_153448	10/1286510.mp3	207.3	mood/theme---romantic	0.872000	0.062000	0.196000
track_1286511	artist_435992	album_153448	11/1286511.mp3	219.4	mood/theme---romantic	0.872000	0.062000	0.196000
track_1286512	artist_435992	album_153448	12/1286512.mp3	289.5	mood/theme---calm	mood/theme---romantic	0.811000	-0.419000	-0.088500
track_1287604	artist_473461	album_153496	04/1287604.mp3	186.7	mood/theme---dream	0.688000	-0.686000	-0.344000
track_1288103	artist_484411	album_153545	03/1288103.mp3	178.6	mood/theme---happy	0.985000	0.470000	0.390000
track_1288104	artist_484411	album_153545	04/1288104.mp3	264.3	mood/theme---sad	-0.550000	-0.334000	-0.702000
track_1288105	artist_484411	album_153545	05/1288105.mp3	227.1	mood/theme---groovy	0.230000	0.076000	-0.072000
track_1288400	artist_483163	album_153579	00/1288400.mp3	127.8	mood/theme---dark	mood/theme---energetic	mood/theme---powerful	mood/theme---trailer	0.184500	0.293000	0.398250
track_1288403	artist_483163	album_153579	03/1288403.mp3	184.0	mood/theme---background	mood/theme---inspiring	mood/theme---powerful	0.302000	0.156667	0.399000
track_1288500	artist_484438	album_153588	00/1288500.mp3	171.3	mood/theme---uplifting	0.542000	0.096000	0.210000
track_1289104	artist_452606	album_153576	04/1289104.mp3	199.7	mood/theme---dark	mood/theme---deep	-0.312000	-0.129000	0.083000
track_1290009	artist_471813	album_153703	09/1290009.mp3	250.3	mood/theme---dark	mood/theme---slow	-0.445000	-0.565500	-0.428000
track_1290010	artist_471813	album_153703	10/1290010.mp3	228.0	mood/theme---dark	mood/theme---slow	-0.445000	-0.565500	-0.428000
track_1290011	artist_471813	album_153703	11/1290011.mp3	289.8	mood/theme---dark	mood/theme---slow	-0.445000	-0.565500	-0.428000
track_1290012	artist_471813	album_153703	12/1290012.mp3	276.0	mood/theme---dark	mood/theme---slow	-0.445000	-0.565500	-0.428000
track_1290907	artist_338108	album_153765	07/1290907.mp3	92.4	mood/theme---christmas	0.918000	0.040000	0.482000
track_1293701	artist_437980	album_154050	01/1293701.mp3	137.5	mood/theme---advertising	mood/theme---inspiring	mood/theme---relaxing	mood/theme---uplifting	0.509000	-0.069500	0.158500
track_1293705	artist_437980	album_154050	05/1293705.mp3	30.1	mood/theme---corporate	mood/theme---energetic	mood/theme---happy	mood/theme---uplifting	0.601250	0.302500	0.473500
track_1293707	artist_437980	album_154050	07/1293707.mp3	186.9	mood/theme---energetic	mood/theme---happy	mood/theme---hopeful	0.857667	0.306667	0.482667
track_1293910	artist_437980	album_154050	10/1293910.mp3	122.6	mood/theme---fast	mood/theme---happy	mood/theme---motivational	0.682333	0.373333	0.465333
track_1294004	artist_434614	album_154085	04/1294004.mp3	142.8	mood/theme---love	0.996000	0.334000	0.234000
track_1294205	artist_437980	album_154050	05/1294205.mp3	60.0	mood/theme---advertising	mood/theme---commercial	mood/theme---cool	mood/theme---energetic	mood/theme---fun	mood/theme---positive	mood/theme---upbeat	0.690000	0.254286	0.476286
track_1294206	artist_437980	album_154050	06/1294206.mp3	151.4	mood/theme---motivational	mood/theme---positive	mood/theme---uplifting	0.757333	0.136000	0.545333
track_1294207	artist_437980	album_154050	07/1294207.mp3	125.3	mood/theme---background	mood/theme---corporate	mood/theme---fun	0.272667	0.102667	0.273333
track_1294208	artist_437980	album_154050	08/1294208.mp3	142.9	mood/theme---commercial	mood/theme---corporate	0.398000	-0.056000	0.273000
track_1294211	artist_437980	album_154104	11/1294211.mp3	124.1	mood/theme---energetic	0.694000	0.736000	0.804000
track_1294600	artist_437980	album_154104	00/1294600.mp3	132.0	mood/theme---energetic	0.694000	0.736000	0.804000
track_1294702	artist_479407	album_154150	02/1294702.mp3	107.8	mood/theme---motivational	mood/theme---sport	0.771000	0.346000	0.515000
track_1294803	artist_477775	album_154154	03/1294803.mp3	245.4	mood/theme---melodic	0.933000	0.238000	0.148000
track_1295407	artist_437980	album_154104	07/1295407.mp3	135.9	mood/theme---dark	mood/theme---energetic	mood/theme---film	0.245333	0.171333	0.262667
track_1295409	artist_437980	album_154104	09/1295409.mp3	144.6	mood/theme---dramatic	-0.266000	0.560000	-0.114000
track_1295411	artist_437980	album_154104	11/1295411.mp3	143.6	mood/theme---energetic	mood/theme---film	mood/theme---hopeful	0.744667	0.144000	0.396667
track_1295710	artist_375104	album_154255	10/1295710.mp3	98.8	mood/theme---children	mood/theme---fun	mood/theme---happy	0.845000	0.410667	0.198000
track_1295712	artist_375104	album_154255	12/1295712.mp3	33.0	mood/theme---children	mood/theme---christmas	mood/theme---funny	mood/theme---holiday	0.841000	0.049500	0.167500
track_1295900	artist_477775	album_154153	00/1295900.mp3	354.1	mood/theme---melodic	mood/theme---powerful	0.749500	0.449000	0.569500
track_1295901	artist_477775	album_154153	01/1295901.mp3	159.5	mood/theme---melodic	0.933000	0.238000	0.148000
track_1296703	artist_002656	album_154362	03/1296703.mp3	240.0	mood/theme---adventure	mood/theme---sport	mood/theme---travel	0.808667	0.497333	0.268000
track_1297412	artist_482333	album_154435	12/1297412.mp3	69.6	mood/theme---groovy	0.230000	0.076000	-0.072000
track_1297801	artist_435614	album_154488	01/1297801.mp3	705.9	mood/theme---emotional	0.558000	0.428000	0.052000
track_1297805	artist_466600	album_154491	05/1297805.mp3	38.1	mood/theme---background	mood/theme---corporate	mood/theme---happy	mood/theme---motivational	0.444750	0.096000	0.398000
track_1297806	artist_466600	album_154491	06/1297806.mp3	70.1	mood/theme---background	mood/theme---corporate	mood/theme---happy	mood/theme---motivational	0.444750	0.096000	0.398000
track_1298301	artist_484191	album_154533	01/1298301.mp3	186.8	mood/theme---love	mood/theme---romantic	0.934000	0.198000	0.215000
track_1298302	artist_484191	album_154533	02/1298302.mp3	238.7	mood/theme---love	mood/theme---romantic	0.934000	0.198000	0.215000
track_1298304	artist_484191	album_154533	04/1298304.mp3	227.2	mood/theme---ballad	mood/theme---epic	mood/theme---love	0.764667	0.109333	0.247333
track_1298305	artist_484191	album_154533	05/1298305.mp3	193.1	mood/theme---love	0.996000	0.334000	0.234000
track_1298306	artist_437980	album_154534	06/1298306.mp3	181.1	mood/theme---corporate	mood/theme---motivational	mood/theme---uplifting	0.512667	0.098667	0.472000
track_1298307	artist_437980	album_154534	07/1298307.mp3	182.3	mood/theme---energetic	mood/theme---happy	mood/theme---inspiring	mood/theme---motivational	mood/theme---uplifting	0.715000	0.338000	0.466000
track_1298308	artist_437980	album_154534	08/1298308.mp3	173.5	mood/theme---advertising	mood/theme---happy	mood/theme---positive	0.715667	0.235333	0.454667
track_1298309	artist_437980	album_154534	09/1298309.mp3	135.6	mood/theme---corporate	mood/theme---energetic	mood/theme---happy	mood/theme---motivational	mood/theme---upbeat	0.686200	0.293600	0.600800
track_1298608	artist_483387	album_154565	08/1298608.mp3	92.0	mood/theme---christmas	mood/theme---corporate	mood/theme---holiday	mood/theme---inspiring	mood/theme---motivational	mood/theme---powerful	0.653000	0.143000	0.512500
track_1298609	artist_483387	album_154565	09/1298609.mp3	90.0	mood/theme---christmas	mood/theme---corporate	mood/theme---inspiring	mood/theme---motivational	mood/theme---powerful	0.604400	0.199200	0.577800
track_1298610	artist_483387	album_154565	10/1298610.mp3	124.0	mood/theme---christmas	mood/theme---corporate	mood/theme---holiday	mood/theme---inspiring	mood/theme---motivational	0.670400	0.039600	0.416800
track_1298611	artist_483387	album_154565	11/1298611.mp3	84.0	mood/theme---christmas	mood/theme---corporate	mood/theme---holiday	mood/theme---inspiring	mood/theme---motivational	0.670400	0.039600	0.416800
track_1298612	artist_483387	album_154565	12/1298612.mp3	84.0	mood/theme---christmas	mood/theme---holiday	mood/theme---inspiring	mood/theme---motivational	0.792000	0.072500	0.398500
track_1298710	artist_438966	album_154582	10/1298710.mp3	264.2	mood/theme---horror	-0.770000	0.700000	-0.124000
track_1298809	artist_004116	album_154732	09/1298809.mp3	39.6	mood/theme---calm	0.750000	-0.900000	-0.373000
track_1299802	artist_437998	album_154704	02/1299802.mp3	150.0	mood/theme---dream	mood/theme---film	mood/theme---love	mood/theme---sad	0.445000	-0.176000	-0.170000
track_1299803	artist_437998	album_154704	03/1299803.mp3	150.0	mood/theme---sad	mood/theme---slow	-0.418000	-0.630500	-0.705000
track_1299804	artist_437998	album_154704	04/1299804.mp3	150.0	mood/theme---love	mood/theme---slow	0.355000	-0.296500	-0.237000
track_1299805	artist_437998	album_154704	05/1299805.mp3	150.0	mood/theme---adventure	mood/theme---dream	mood/theme---film	0.722667	0.003333	0.069333
track_1299806	artist_437998	album_154704	06/1299806.mp3	150.0	mood/theme---dream	mood/theme---love	mood/theme---slow	0.466000	-0.426333	-0.272667
track_1299807	artist_437998	album_154704	07/1299807.mp3	150.0	mood/theme---dream	mood/theme---love	mood/theme---sad	mood/theme---slow	0.212000	-0.403250	-0.380000
track_1299808	artist_437998	album_154704	08/1299808.mp3	150.0	mood/theme---relaxing	0.708000	-0.686000	-0.050000
track_1299809	artist_437998	album_154704	09/1299809.mp3	150.0	mood/theme---dream	mood/theme---relaxing	0.698000	-0.686000	-0.197000
track_1299810	artist_437998	album_154704	10/1299810.mp3	150.0	mood/theme---dream	mood/theme---relaxing	mood/theme---soft	0.638667	-0.671333	-0.310000
track_1299811	artist_437998	album_154704	11/1299811.mp3	150.0	mood/theme---love	mood/theme---sad	mood/theme---soft	0.322000	-0.214000	-0.334667
track_1299812	artist_437998	album_154704	12/1299812.mp3	150.0	mood/theme---dream	mood/theme---relaxing	mood/theme---soft	0.638667	-0.671333	-0.310000
track_1299902	artist_477775	album_154592	02/1299902.mp3	230.3	mood/theme---melodic	0.933000	0.238000	0.148000
track_1299907	artist_477775	album_154707	07/1299907.mp3	76.8	mood/theme---funny	0.836000	0.220000	0.132000
track_1299911	artist_477775	album_154707	11/1299911.mp3	103.2	mood/theme---melodic	0.933000	0.238000	0.148000
track_1300000	artist_337741	album_154723	00/1300000.mp3	400.0	mood/theme---energetic	0.694000	0.736000	0.804000
track_1300307	artist_437980	album_154757	07/1300307.mp3	127.4	mood/theme---energetic	mood/theme---upbeat	mood/theme---uplifting	0.664000	0.298000	0.539333
track_1300308	artist_437980	album_154757	08/1300308.mp3	38.3	mood/theme---motivational	mood/theme---upbeat	0.784000	0.177000	0.660000
track_1300412	artist_455423	album_154768	12/1300412.mp3	257.7	mood/theme---dream	0.688000	-0.686000	-0.344000
track_1300500	artist_423996	album_154793	00/1300500.mp3	472.5	mood/theme---sad	-0.550000	-0.334000	-0.702000
track_1302904	artist_433608	album_155000	04/1302904.mp3	126.4	mood/theme---dark	-0.604000	-0.204000	-0.148000
track_1302906	artist_433608	album_155000	06/1302906.mp3	136.0	mood/theme---sad	-0.550000	-0.334000	-0.702000
track_1302907	artist_433608	album_155000	07/1302907.mp3	133.0	mood/theme---dark	-0.604000	-0.204000	-0.148000
track_1303000	artist_353294	album_155010	00/1303000.mp3	124.1	mood/theme---adventure	mood/theme---energetic	mood/theme---sport	0.752667	0.616667	0.512667
track_1303012	artist_471813	album_155016	12/1303012.mp3	337.8	mood/theme---dark	mood/theme---slow	-0.445000	-0.565500	-0.428000
track_1304001	artist_481486	album_155106	01/1304001.mp3	83.9	mood/theme---sexy	0.730000	0.890000	0.604000
track_1304003	artist_481486	album_155106	03/1304003.mp3	114.1	mood/theme---love	mood/theme---sexy	0.863000	0.612000	0.419000
track_1304004	artist_481486	album_155106	04/1304004.mp3	57.7	mood/theme---sexy	0.730000	0.890000	0.604000
track_1304006	artist_481486	album_155106	06/1304006.mp3	61.8	mood/theme---love	mood/theme---sexy	0.863000	0.612000	0.419000
track_1304008	artist_481486	album_155106	08/1304008.mp3	65.3	mood/theme---love	mood/theme---sexy	0.863000	0.612000	0.419000
track_1304010	artist_481486	album_155106	10/1304010.mp3	114.3	mood/theme---sexy	0.730000	0.890000	0.604000
track_1304400	artist_005373	album_155138	00/1304400.mp3	491.1	mood/theme---melodic	0.933000	0.238000	0.148000
track_1304512	artist_005373	album_155138	12/1304512.mp3	241.9	mood/theme---party	0.896000	0.680000	0.094000
track_1305603	artist_354817	album_155255	03/1305603.mp3	442.2	mood/theme---sad	-0.550000	-0.334000	-0.702000
track_1306202	artist_477635	album_155308	02/1306202.mp3	192.9	mood/theme---emotional	0.558000	0.428000	0.052000
track_1306203	artist_477635	album_155308	03/1306203.mp3	204.0	mood/theme---emotional	mood/theme---hopeful	0.726000	0.071000	0.153000
track_1306703	artist_461418	album_155351	03/1306703.mp3	114.5	mood/theme---happy	mood/theme---inspiring	0.763500	0.283000	0.300000
track_1306704	artist_461418	album_155351	04/1306704.mp3	114.9	mood/theme---happy	mood/theme---inspiring	0.763500	0.283000	0.300000
track_1306705	artist_461418	album_155351	05/1306705.mp3	62.1	mood/theme---children	0.714000	0.076000	-0.130000
track_1306706	artist_461418	album_155351	06/1306706.mp3	84.1	mood/theme---documentary	mood/theme---happy	mood/theme---inspiring	0.590333	-0.002667	0.264000
track_1306710	artist_461418	album_155351	10/1306710.mp3	134.9	mood/theme---documentary	mood/theme---epic	mood/theme---uplifting	0.500000	-0.017333	0.354000
track_1306909	artist_484685	album_155361	09/1306909.mp3	31.2	mood/theme---background	-0.202000	-0.286000	-0.004000
track_1308209	artist_480962	album_155468	09/1308209.mp3	104.4	mood/theme---documentary	mood/theme---film	0.445000	-0.296000	0.162000
track_1310106	artist_461418	album_155633	06/1310106.mp3	111.5	mood/theme---film	mood/theme---positive	mood/theme---sad	0.338000	-0.110667	0.046667
track_1310107	artist_461418	album_155633	07/1310107.mp3	124.1	mood/theme---dark	mood/theme---trailer	-0.261000	-0.112000	-0.101000
track_1310108	artist_461418	album_155633	08/1310108.mp3	137.1	mood/theme---horror	-0.770000	0.700000	-0.124000
track_1310109	artist_461418	album_155633	09/1310109.mp3	264.6	mood/theme---space	0.600000	-0.366000	0.146000
track_1310110	artist_461418	album_155633	10/1310110.mp3	330.1	mood/theme---space	0.600000	-0.366000	0.146000
track_1310111	artist_461418	album_155633	11/1310111.mp3	187.3	mood/theme---soft	0.520000	-0.642000	-0.536000
track_1310207	artist_486695	album_155638	07/1310207.mp3	224.0	mood/theme---relaxing	0.708000	-0.686000	-0.050000
track_1310208	artist_486695	album_155638	08/1310208.mp3	244.0	mood/theme---dream	0.688000	-0.686000	-0.344000
track_1310209	artist_486695	album_155638	09/1310209.mp3	248.0	mood/theme---dark	-0.604000	-0.204000	-0.148000
track_1310210	artist_486695	album_155638	10/1310210.mp3	80.0	mood/theme---soundscape	0.708000	-0.686000	-0.050000
track_1310500	artist_341642	album_155691	00/1310500.mp3	172.4	mood/theme---space	0.600000	-0.366000	0.146000
track_1310504	artist_341642	album_155691	04/1310504.mp3	426.7	mood/theme---space	0.600000	-0.366000	0.146000
track_1310506	artist_341642	album_155691	06/1310506.mp3	464.0	mood/theme---space	0.600000	-0.366000	0.146000
track_1310510	artist_341642	album_155691	10/1310510.mp3	288.0	mood/theme---space	0.600000	-0.366000	0.146000
track_1311203	artist_459422	album_155736	03/1311203.mp3	216.9	mood/theme---advertising	mood/theme---documentary	mood/theme---love	0.494667	-0.008000	0.230000
track_1312101	artist_486831	album_155815	01/1312101.mp3	188.6	mood/theme---love	0.996000	0.334000	0.234000
track_1312103	artist_486831	album_155815	03/1312103.mp3	347.6	mood/theme---love	0.996000	0.334000	0.234000
track_1312105	artist_486831	album_155815	05/1312105.mp3	319.3	mood/theme---love	mood/theme---travel	0.929000	0.356000	0.152000
track_1312106	artist_486831	album_155815	06/1312106.mp3	197.3	mood/theme---travel	0.862000	0.378000	0.070000
track_1312108	artist_486831	album_155815	08/1312108.mp3	153.5	mood/theme---dream	mood/theme---space	0.644000	-0.526000	-0.099000
track_1312109	artist_486831	album_155815	09/1312109.mp3	111.5	mood/theme---love	0.996000	0.334000	0.234000
track_1312110	artist_486831	album_155815	10/1312110.mp3	376.6	mood/theme---space	0.600000	-0.366000	0.146000
track_1312508	artist_437980	album_154376	08/1312508.mp3	150.5	mood/theme---happy	mood/theme---upbeat	mood/theme---uplifting	0.761000	0.209333	0.401333
track_1312509	artist_437980	album_154376	09/1312509.mp3	150.5	mood/theme---happy	0.985000	0.470000	0.390000
track_1312510	artist_437980	album_154376	10/1312510.mp3	173.9	mood/theme---happy	mood/theme---summer	mood/theme---upbeat	mood/theme---uplifting	0.726750	0.093500	0.326000
track_1312511	artist_437980	album_154376	11/1312511.mp3	173.9	mood/theme---happy	mood/theme---uplifting	0.763500	0.283000	0.300000
track_1312512	artist_437980	album_154376	12/1312512.mp3	141.0	mood/theme---happy	mood/theme---upbeat	mood/theme---uplifting	0.761000	0.209333	0.401333
track_1313000	artist_423996	album_156545	00/1313000.mp3	661.9	mood/theme---sad	-0.550000	-0.334000	-0.702000
track_1313105	artist_460992	album_155905	05/1313105.mp3	193.0	mood/theme---dark	mood/theme---powerful	-0.019000	0.228000	0.421500
track_1313106	artist_460992	album_155905	06/1313106.mp3	125.1	mood/theme---energetic	mood/theme---trailer	0.388000	0.358000	0.375000
track_1313107	artist_460992	album_155905	07/1313107.mp3	224.5	mood/theme---dark	-0.604000	-0.204000	-0.148000
track_1313108	artist_460992	album_155905	08/1313108.mp3	218.0	mood/theme---dark	mood/theme---space	-0.002000	-0.285000	-0.001000
track_1313109	artist_460992	album_155905	09/1313109.mp3	226.0	mood/theme---action	mood/theme---adventure	mood/theme---energetic	mood/theme---fast	0.574500	0.651000	0.529500
track_1313212	artist_455057	album_155921	12/1313212.mp3	113.8	mood/theme---action	mood/theme---adventure	mood/theme---energetic	0.682667	0.748667	0.609333
track_1314100	artist_466600	album_156006	00/1314100.mp3	63.1	mood/theme---emotional	mood/theme---happy	mood/theme---inspiring	mood/theme---positive	mood/theme---romantic	0.775000	0.215200	0.311600
track_1314101	artist_466600	album_156006	01/1314101.mp3	34.1	mood/theme---emotional	mood/theme---happy	mood/theme---inspiring	mood/theme---positive	mood/theme---romantic	0.775000	0.215200	0.311600
track_1314210	artist_354904	album_156017	10/1314210.mp3	286.0	mood/theme---hopeful	0.894000	-0.286000	0.254000
track_1314300	artist_487143	album_156029	00/1314300.mp3	401.9	mood/theme---melodic	mood/theme---space	0.766500	-0.064000	0.147000
track_1314301	artist_487143	album_156029	01/1314301.mp3	254.3	mood/theme---space	0.600000	-0.366000	0.146000
track_1314303	artist_487143	album_156029	03/1314303.mp3	332.1	mood/theme---melodic	mood/theme---space	0.766500	-0.064000	0.147000
track_1314304	artist_487143	album_156029	04/1314304.mp3	293.4	mood/theme---space	0.600000	-0.366000	0.146000
track_1314305	artist_487143	album_156029	05/1314305.mp3	322.1	mood/theme---space	0.600000	-0.366000	0.146000
track_1314412	artist_434980	album_156032	12/1314412.mp3	243.6	mood/theme---energetic	mood/theme---love	0.845000	0.535000	0.519000
track_1315102	artist_487143	album_156106	02/1315102.mp3	280.0	mood/theme---melodic	mood/theme---space	0.766500	-0.064000	0.147000
track_1315103	artist_487143	album_156106	03/1315103.mp3	342.0	mood/theme---melodic	mood/theme---space	0.766500	-0.064000	0.147000
track_1315104	artist_487143	album_156106	04/1315104.mp3	328.0	mood/theme---space	0.600000	-0.366000	0.146000
track_1315105	artist_487143	album_156106	05/1315105.mp3	290.0	mood/theme---melodic	mood/theme---space	0.766500	-0.064000	0.147000
track_1315106	artist_487143	album_156106	06/1315106.mp3	340.7	mood/theme---space	0.600000	-0.366000	0.146000
track_1315107	artist_487143	album_156106	07/1315107.mp3	240.0	mood/theme---melodic	mood/theme---space	0.766500	-0.064000	0.147000
track_1315508	artist_486995	album_156119	08/1315508.mp3	200.8	mood/theme---groovy	0.230000	0.076000	-0.072000
track_1315509	artist_486995	album_156119	09/1315509.mp3	309.6	mood/theme---groovy	0.230000	0.076000	-0.072000
track_1315510	artist_486995	album_156119	10/1315510.mp3	381.5	mood/theme---groovy	0.230000	0.076000	-0.072000
track_1315511	artist_486995	album_156119	11/1315511.mp3	329.6	mood/theme---groovy	0.230000	0.076000	-0.072000
track_1315512	artist_486995	album_156119	12/1315512.mp3	415.0	mood/theme---groovy	0.230000	0.076000	-0.072000
track_1315907	artist_487310	album_156162	07/1315907.mp3	98.2	mood/theme---dream	mood/theme---love	0.842000	-0.176000	-0.055000
track_1315908	artist_487310	album_156162	08/1315908.mp3	190.9	mood/theme---epic	0.714000	0.426000	0.660000
track_1315909	artist_487310	album_156162	09/1315909.mp3	343.6	mood/theme---documentary	mood/theme---happy	0.614500	-0.052000	0.291000
track_1315910	artist_487310	album_156162	10/1315910.mp3	99.9	mood/theme---epic	0.714000	0.426000	0.660000
track_1315911	artist_487310	album_156162	11/1315911.mp3	316.0	mood/theme---dream	0.688000	-0.686000	-0.344000
track_1315912	artist_487310	album_156162	12/1315912.mp3	193.4	mood/theme---ambiental	mood/theme---love	mood/theme---sad	0.384667	-0.228667	-0.172667
track_1317900	artist_001166	album_156335	00/1317900.mp3	222.9	mood/theme---fun	0.836000	0.686000	0.334000
track_1317901	artist_001166	album_156335	01/1317901.mp3	165.4	mood/theme---fun	0.836000	0.686000	0.334000
track_1317902	artist_001166	album_156335	02/1317902.mp3	123.9	mood/theme---fun	0.836000	0.686000	0.334000
track_1317904	artist_001166	album_156335	04/1317904.mp3	178.8	mood/theme---fun	mood/theme---sport	0.783000	0.543000	0.324000
track_1317905	artist_001166	album_156335	05/1317905.mp3	277.0	mood/theme---fun	0.836000	0.686000	0.334000
track_1317906	artist_001166	album_156335	06/1317906.mp3	271.5	mood/theme---fun	0.836000	0.686000	0.334000
track_1318106	artist_373214	album_156353	06/1318106.mp3	178.6	mood/theme---children	0.714000	0.076000	-0.130000
track_1318107	artist_373214	album_156353	07/1318107.mp3	210.4	mood/theme---soft	0.520000	-0.642000	-0.536000
track_1318704	artist_451073	album_156395	04/1318704.mp3	224.0	mood/theme---advertising	mood/theme---corporate	mood/theme---motivational	0.413333	0.138667	0.490000
track_1318706	artist_466600	album_156396	06/1318706.mp3	60.1	mood/theme---action	mood/theme---dramatic	mood/theme---epic	0.322667	0.594000	0.383333
track_1318707	artist_466600	album_156396	07/1318707.mp3	31.1	mood/theme---action	mood/theme---energetic	mood/theme---epic	mood/theme---trailer	0.502500	0.484500	0.503500
track_1319500	artist_487532	album_156458	00/1319500.mp3	141.2	mood/theme---groovy	0.230000	0.076000	-0.072000
track_1319503	artist_487532	album_156458	03/1319503.mp3	192.2	mood/theme---ballad	0.584000	-0.432000	-0.152000
track_1319504	artist_487532	album_156458	04/1319504.mp3	186.5	mood/theme---sexy	mood/theme---slow	0.222000	-0.018500	-0.052000
track_1319505	artist_487532	album_156458	05/1319505.mp3	278.0	mood/theme---sexy	0.730000	0.890000	0.604000
track_1319506	artist_487532	album_156458	06/1319506.mp3	190.3	mood/theme---ballad	0.584000	-0.432000	-0.152000
track_1319907	artist_477775	album_156562	07/1319907.mp3	293.0	mood/theme---space	0.600000	-0.366000	0.146000
track_1320000	artist_359034	album_156519	00/1320000.mp3	138.8	mood/theme---dark	mood/theme---upbeat	0.076000	-0.071000	0.228000
track_1320001	artist_359034	album_156519	01/1320001.mp3	140.8	mood/theme---dark	mood/theme---upbeat	0.076000	-0.071000	0.228000
track_1320002	artist_359034	album_156519	02/1320002.mp3	147.0	mood/theme---dark	mood/theme---upbeat	0.076000	-0.071000	0.228000
track_1320003	artist_359034	album_156519	03/1320003.mp3	71.7	mood/theme---dark	mood/theme---upbeat	0.076000	-0.071000	0.228000
track_1320004	artist_359034	album_156519	04/1320004.mp3	158.2	mood/theme---dark	mood/theme---upbeat	0.076000	-0.071000	0.228000
track_1320005	artist_359034	album_156519	05/1320005.mp3	121.5	mood/theme---dark	mood/theme---upbeat	0.076000	-0.071000	0.228000
track_1320006	artist_359034	album_156519	06/1320006.mp3	118.7	mood/theme---dark	mood/theme---upbeat	0.076000	-0.071000	0.228000
track_1320007	artist_359034	album_156519	07/1320007.mp3	162.0	mood/theme---dark	mood/theme---upbeat	0.076000	-0.071000	0.228000
track_1320008	artist_359034	album_156519	08/1320008.mp3	141.9	mood/theme---dark	mood/theme---upbeat	0.076000	-0.071000	0.228000
track_1320009	artist_359034	album_156519	09/1320009.mp3	185.8	mood/theme---dark	mood/theme---upbeat	0.076000	-0.071000	0.228000
track_1320010	artist_359034	album_156519	10/1320010.mp3	182.2	mood/theme---dark	mood/theme---upbeat	0.076000	-0.071000	0.228000
track_1320011	artist_359034	album_156519	11/1320011.mp3	165.4	mood/theme---dark	mood/theme---upbeat	0.076000	-0.071000	0.228000
track_1320012	artist_359034	album_156519	12/1320012.mp3	114.5	mood/theme---dark	mood/theme---upbeat	0.076000	-0.071000	0.228000
track_1321603	artist_484482	album_156691	03/1321603.mp3	128.7	mood/theme---fun	0.836000	0.686000	0.334000
track_1321707	artist_487628	album_156668	07/1321707.mp3	392.7	mood/theme---happy	mood/theme---summer	0.804500	0.108000	0.245000
track_1321708	artist_487628	album_156668	08/1321708.mp3	190.5	mood/theme---happy	mood/theme---summer	0.804500	0.108000	0.245000
track_1321709	artist_487628	album_156668	09/1321709.mp3	472.6	mood/theme---happy	mood/theme---summer	0.804500	0.108000	0.245000
track_1321710	artist_487628	album_156668	10/1321710.mp3	291.9	mood/theme---happy	mood/theme---summer	0.804500	0.108000	0.245000
track_1321711	artist_487628	album_156668	11/1321711.mp3	442.5	mood/theme---happy	mood/theme---summer	0.804500	0.108000	0.245000
track_1321712	artist_487628	album_156668	12/1321712.mp3	383.6	mood/theme---happy	mood/theme---summer	0.804500	0.108000	0.245000
track_1323010	artist_473461	album_156799	10/1323010.mp3	184.1	mood/theme---emotional	mood/theme---love	0.777000	0.381000	0.143000
track_1323012	artist_363592	album_156800	12/1323012.mp3	263.0	mood/theme---adventure	mood/theme---ballad	mood/theme---dream	mood/theme---hopeful	mood/theme---inspiring	0.708400	-0.118800	0.077600
track_1323310	artist_440794	album_156864	10/1323310.mp3	195.6	mood/theme---melodic	0.933000	0.238000	0.148000
track_1323311	artist_440794	album_156864	11/1323311.mp3	244.5	mood/theme---mellow	mood/theme---melodic	0.599500	-0.339500	-0.090000
track_1323600	artist_440794	album_156864	00/1323600.mp3	183.0	mood/theme---melodic	0.933000	0.238000	0.148000
track_1323603	artist_440794	album_156864	03/1323603.mp3	193.0	mood/theme---melodic	0.933000	0.238000	0.148000
track_1323804	artist_473030	album_156870	04/1323804.mp3	285.1	mood/theme---dream	0.688000	-0.686000	-0.344000
track_1324900	artist_366162	album_156908	00/1324900.mp3	166.0	mood/theme---romantic	mood/theme---sad	0.161000	-0.136000	-0.253000
track_1324901	artist_366162	album_156908	01/1324901.mp3	198.5	mood/theme---romantic	mood/theme---sad	0.161000	-0.136000	-0.253000
track_1324902	artist_366162	album_156908	02/1324902.mp3	158.7	mood/theme---romantic	0.872000	0.062000	0.196000
track_1324903	artist_366162	album_156908	03/1324903.mp3	191.6	mood/theme---romantic	0.872000	0.062000	0.196000
track_1324904	artist_366162	album_156908	04/1324904.mp3	189.2	mood/theme---sad	-0.550000	-0.334000	-0.702000
track_1324907	artist_366162	album_156909	07/1324907.mp3	200.1	mood/theme---romantic	0.872000	0.062000	0.196000
track_1324908	artist_366162	album_156909	08/1324908.mp3	170.0	mood/theme---positive	0.918000	0.020000	0.710000
track_1324909	artist_366162	album_156909	09/1324909.mp3	206.1	mood/theme---romantic	0.872000	0.062000	0.196000
track_1325602	artist_457476	album_156960	02/1325602.mp3	228.9	mood/theme---energetic	0.694000	0.736000	0.804000
track_1325603	artist_457476	album_156960	03/1325603.mp3	228.9	mood/theme---energetic	0.694000	0.736000	0.804000
track_1326412	artist_457984	album_157032	12/1326412.mp3	300.0	mood/theme---ambiental	0.708000	-0.686000	-0.050000
track_1327700	artist_004545	album_156967	00/1327700.mp3	528.1	mood/theme---relaxing	mood/theme---soundscape	0.708000	-0.686000	-0.050000
track_1327811	artist_367301	album_157165	11/1327811.mp3	257.5	mood/theme---calm	0.750000	-0.900000	-0.373000
track_1328505	artist_441585	album_157239	05/1328505.mp3	232.5	mood/theme---happy	mood/theme---party	0.940500	0.575000	0.242000
track_1328507	artist_441585	album_157239	07/1328507.mp3	232.5	mood/theme---happy	mood/theme---melodic	mood/theme---party	0.938000	0.462667	0.210667
track_1329109	artist_337741	album_157314	09/1329109.mp3	304.0	mood/theme---soundscape	0.708000	-0.686000	-0.050000
track_1329110	artist_337741	album_157314	10/1329110.mp3	405.8	mood/theme---inspiring	mood/theme---soundscape	0.625000	-0.295000	0.080000
track_1329502	artist_460032	album_157330	02/1329502.mp3	182.0	mood/theme---dream	mood/theme---epic	mood/theme---melodic	mood/theme---relaxing	0.760750	-0.177000	0.103500
track_1329907	artist_466600	album_157367	07/1329907.mp3	35.0	mood/theme---inspiring	mood/theme---motivational	mood/theme---nature	mood/theme---romantic	0.735000	-0.045500	0.352000
track_1329911	artist_475635	album_157369	11/1329911.mp3	432.5	mood/theme---love	0.996000	0.334000	0.234000
track_1330500	artist_352844	album_157417	00/1330500.mp3	330.9	mood/theme---nature	0.714000	-0.632000	0.286000
track_1330501	artist_352844	album_157417	01/1330501.mp3	260.9	mood/theme---relaxing	0.708000	-0.686000	-0.050000
track_1330503	artist_352844	album_157417	03/1330503.mp3	306.0	mood/theme---relaxing	0.708000	-0.686000	-0.050000
track_1330504	artist_352844	album_157417	04/1330504.mp3	34.1	mood/theme---relaxing	0.708000	-0.686000	-0.050000
track_1330506	artist_352844	album_157417	06/1330506.mp3	47.3	mood/theme---dark	-0.604000	-0.204000	-0.148000
track_1330507	artist_352844	album_157417	07/1330507.mp3	212.0	mood/theme---movie	0.584000	0.120000	-0.058000
track_1330508	artist_352844	album_157417	08/1330508.mp3	32.8	mood/theme---love	mood/theme---sad	0.223000	0.000000	-0.234000
track_1330509	artist_352844	album_157417	09/1330509.mp3	362.6	mood/theme---motivational	mood/theme---relaxing	mood/theme---sad	0.323333	-0.242667	-0.012000
track_1331801	artist_348064	album_157429	01/1331801.mp3	220.0	mood/theme---documentary	0.244000	-0.574000	0.192000
track_1333600	artist_431744	album_157709	00/1333600.mp3	215.8	mood/theme---romantic	mood/theme---soundscape	0.790000	-0.312000	0.073000
track_1333601	artist_431744	album_157709	01/1333601.mp3	212.6	mood/theme---romantic	mood/theme---soundscape	0.790000	-0.312000	0.073000
track_1333708	artist_002189	album_157706	08/1333708.mp3	299.1	mood/theme---dream	0.688000	-0.686000	-0.344000
track_1333712	artist_002189	album_157706	12/1333712.mp3	277.0	mood/theme---dream	0.688000	-0.686000	-0.344000
track_1334210	artist_437980	album_157764	10/1334210.mp3	105.0	mood/theme---children	0.714000	0.076000	-0.130000
track_1334211	artist_437980	album_157764	11/1334211.mp3	104.3	mood/theme---calm	mood/theme---children	0.732000	-0.412000	-0.251500
track_1334412	artist_487330	album_157783	12/1334412.mp3	150.5	mood/theme---commercial	mood/theme---corporate	0.398000	-0.056000	0.273000
track_1334807	artist_451073	album_157824	07/1334807.mp3	186.1	mood/theme---advertising	mood/theme---corporate	mood/theme---motivational	0.413333	0.138667	0.490000
track_1335109	artist_488990	album_157841	09/1335109.mp3	205.2	mood/theme---space	0.600000	-0.366000	0.146000
track_1335407	artist_486413	album_157851	07/1335407.mp3	156.1	mood/theme---background	-0.202000	-0.286000	-0.004000
track_1336202	artist_000560	album_157914	02/1336202.mp3	228.2	mood/theme---drama	mood/theme---emotional	0.209000	0.469000	0.007000
track_1336203	artist_000560	album_157914	03/1336203.mp3	188.2	mood/theme---drama	mood/theme---emotional	0.209000	0.469000	0.007000
track_1336204	artist_000560	album_157914	04/1336204.mp3	196.9	mood/theme---drama	mood/theme---emotional	0.209000	0.469000	0.007000
track_1336205	artist_000560	album_157914	05/1336205.mp3	79.4	mood/theme---drama	mood/theme---emotional	0.209000	0.469000	0.007000
track_1336206	artist_000560	album_157914	06/1336206.mp3	165.3	mood/theme---drama	mood/theme---emotional	0.209000	0.469000	0.007000
track_1336207	artist_000560	album_157914	07/1336207.mp3	339.5	mood/theme---drama	mood/theme---emotional	0.209000	0.469000	0.007000
track_1336208	artist_000560	album_157914	08/1336208.mp3	305.3	mood/theme---drama	mood/theme---emotional	0.209000	0.469000	0.007000
track_1336209	artist_000560	album_157914	09/1336209.mp3	226.8	mood/theme---drama	mood/theme---emotional	0.209000	0.469000	0.007000
track_1336210	artist_000560	album_157914	10/1336210.mp3	156.1	mood/theme---drama	mood/theme---emotional	0.209000	0.469000	0.007000
track_1336211	artist_000560	album_157914	11/1336211.mp3	96.5	mood/theme---drama	mood/theme---emotional	0.209000	0.469000	0.007000
track_1336212	artist_000560	album_157914	12/1336212.mp3	317.4	mood/theme---drama	mood/theme---emotional	0.209000	0.469000	0.007000
track_1336307	artist_486413	album_157924	07/1336307.mp3	297.3	mood/theme---background	mood/theme---energetic	mood/theme---powerful	0.352667	0.370000	0.597000
track_1336309	artist_486413	album_157924	09/1336309.mp3	381.5	mood/theme---dramatic	mood/theme---melodic	0.333500	0.399000	0.017000
track_1336310	artist_486413	album_157924	10/1336310.mp3	299.7	mood/theme---uplifting	0.542000	0.096000	0.210000
track_1336311	artist_486413	album_157924	11/1336311.mp3	310.3	mood/theme---inspiring	0.542000	0.096000	0.210000
track_1336312	artist_486413	album_157924	12/1336312.mp3	314.6	mood/theme---emotional	mood/theme---inspiring	mood/theme---melancholic	mood/theme---melodic	0.348750	0.093500	-0.009000
track_1337210	artist_466600	album_157994	10/1337210.mp3	35.1	mood/theme---corporate	mood/theme---happy	mood/theme---inspiring	mood/theme---motivational	mood/theme---positive	0.688200	0.157200	0.503200
track_1337503	artist_338395	album_158025	03/1337503.mp3	224.9	mood/theme---melodic	mood/theme---sad	0.191500	-0.048000	-0.277000
track_1337504	artist_338395	album_158025	04/1337504.mp3	207.9	mood/theme---love	mood/theme---romantic	mood/theme---soft	0.796000	-0.082000	-0.035333
track_1337505	artist_338395	album_158025	05/1337505.mp3	240.9	mood/theme---hopeful	mood/theme---love	0.945000	0.024000	0.244000
track_1337506	artist_338395	album_158025	06/1337506.mp3	173.2	mood/theme---hopeful	mood/theme---love	mood/theme---sad	mood/theme---soft	mood/theme---uplifting	0.480400	-0.166400	-0.108000
track_1337507	artist_338395	album_158025	07/1337507.mp3	207.2	mood/theme---love	mood/theme---sad	mood/theme---soft	0.322000	-0.214000	-0.334667
track_1337508	artist_338395	album_158025	08/1337508.mp3	197.3	mood/theme---love	0.996000	0.334000	0.234000
track_1337509	artist_338395	album_158025	09/1337509.mp3	151.2	mood/theme---love	0.996000	0.334000	0.234000
track_1337511	artist_338395	album_158025	11/1337511.mp3	165.7	mood/theme---dream	0.688000	-0.686000	-0.344000
track_1337800	artist_488990	album_158055	00/1337800.mp3	178.8	mood/theme---dark	mood/theme---sexy	0.063000	0.343000	0.228000
track_1337801	artist_488990	album_158055	01/1337801.mp3	286.4	mood/theme---love	0.996000	0.334000	0.234000
track_1337802	artist_488990	album_158055	02/1337802.mp3	257.2	mood/theme---party	0.896000	0.680000	0.094000
track_1337803	artist_488990	album_158055	03/1337803.mp3	271.0	mood/theme---dark	mood/theme---horror	-0.687000	0.248000	-0.136000
track_1337804	artist_488990	album_158055	04/1337804.mp3	240.0	mood/theme---horror	-0.770000	0.700000	-0.124000
track_1337805	artist_488990	album_158055	05/1337805.mp3	253.1	mood/theme---epic	0.714000	0.426000	0.660000
track_1337806	artist_488990	album_158055	06/1337806.mp3	235.2	mood/theme---dark	-0.604000	-0.204000	-0.148000
track_1337807	artist_488990	album_158055	07/1337807.mp3	224.9	mood/theme---sad	-0.550000	-0.334000	-0.702000
track_1337809	artist_488990	album_158055	09/1337809.mp3	277.0	mood/theme---sad	mood/theme---sexy	0.090000	0.278000	-0.049000
track_1337900	artist_367881	album_158069	00/1337900.mp3	247.0	mood/theme---meditative	0.228000	-0.760000	-0.092000
track_1337901	artist_367881	album_158069	01/1337901.mp3	187.0	mood/theme---meditative	0.228000	-0.760000	-0.092000
track_1337902	artist_489019	album_158070	02/1337902.mp3	358.7	mood/theme---powerful	0.566000	0.660000	0.991000
track_1337903	artist_489019	album_158070	03/1337903.mp3	353.1	mood/theme---energetic	mood/theme---inspiring	0.618000	0.416000	0.507000
track_1338009	artist_489253	album_158081	09/1338009.mp3	296.9	mood/theme---dark	-0.604000	-0.204000	-0.148000
track_1338010	artist_489253	album_158081	10/1338010.mp3	361.5	mood/theme---dark	-0.604000	-0.204000	-0.148000
track_1338011	artist_489253	album_158081	11/1338011.mp3	258.2	mood/theme---dark	-0.604000	-0.204000	-0.148000
track_1338012	artist_489253	album_158081	12/1338012.mp3	319.5	mood/theme---dark	mood/theme---epic	0.055000	0.111000	0.256000
track_1338302	artist_435725	album_158118	02/1338302.mp3	62.2	mood/theme---energetic	mood/theme---film	mood/theme---uplifting	0.627333	0.271333	0.382000
track_1338303	artist_435725	album_158118	03/1338303.mp3	76.0	mood/theme---film	0.646000	-0.018000	0.132000
track_1338304	artist_435725	album_158118	04/1338304.mp3	159.6	mood/theme---film	0.646000	-0.018000	0.132000
track_1338305	artist_435725	album_158118	05/1338305.mp3	104.0	mood/theme---film	0.646000	-0.018000	0.132000
track_1338306	artist_435725	album_158118	06/1338306.mp3	103.6	mood/theme---dark	mood/theme---dramatic	mood/theme---film	-0.074667	0.112667	-0.043333
track_1338307	artist_435725	album_158118	07/1338307.mp3	155.3	mood/theme---dark	mood/theme---dramatic	mood/theme---film	-0.074667	0.112667	-0.043333
track_1338308	artist_435725	album_158118	08/1338308.mp3	337.1	mood/theme---film	mood/theme---summer	0.635000	-0.136000	0.116000
track_1338309	artist_435725	album_158118	09/1338309.mp3	163.1	mood/theme---film	0.646000	-0.018000	0.132000
track_1338310	artist_435725	album_158118	10/1338310.mp3	105.1	mood/theme---dramatic	mood/theme---film	mood/theme---uplifting	0.307333	0.212667	0.076000
track_1338405	artist_377603	album_158131	05/1338405.mp3	204.3	mood/theme---melancholic	-0.638000	-0.388000	-0.446000
track_1339600	artist_459750	album_158244	00/1339600.mp3	248.9	mood/theme---sexy	0.730000	0.890000	0.604000
track_1339601	artist_489296	album_158235	01/1339601.mp3	192.5	mood/theme---inspiring	0.542000	0.096000	0.210000
track_1339700	artist_004116	album_158298	00/1339700.mp3	262.9	mood/theme---dream	0.688000	-0.686000	-0.344000
track_1341304	artist_460992	album_158399	04/1341304.mp3	170.0	mood/theme---dream	0.688000	-0.686000	-0.344000
track_1341306	artist_460992	album_158399	06/1341306.mp3	140.3	mood/theme---positive	0.918000	0.020000	0.710000
track_1341307	artist_460992	album_158399	07/1341307.mp3	117.6	mood/theme---dream	mood/theme---travel	0.775000	-0.154000	-0.137000
track_1341308	artist_460992	album_158399	08/1341308.mp3	224.0	mood/theme---calm	0.750000	-0.900000	-0.373000
track_1341601	artist_437980	album_158414	01/1341601.mp3	60.9	mood/theme---corporate	mood/theme---energetic	mood/theme---party	mood/theme---upbeat	mood/theme---uplifting	0.614400	0.296400	0.440400
track_1341605	artist_437980	album_158587	05/1341605.mp3	30.7	mood/theme---corporate	mood/theme---fun	mood/theme---motivational	0.610667	0.295333	0.513333
track_1341606	artist_437980	album_158587	06/1341606.mp3	60.9	mood/theme---corporate	mood/theme---inspiring	mood/theme---motivational	mood/theme---positive	mood/theme---uplifting	0.599600	0.082400	0.467200
track_1341607	artist_437980	album_158587	07/1341607.mp3	168.0	mood/theme---advertising	mood/theme---happy	mood/theme---inspiring	0.590333	0.260667	0.288000
track_1342002	artist_441841	album_158456	02/1342002.mp3	217.1	mood/theme---deep	-0.020000	-0.054000	0.314000
track_1342005	artist_441841	album_158456	05/1342005.mp3	286.0	mood/theme---dark	-0.604000	-0.204000	-0.148000
track_1342007	artist_441841	album_158456	07/1342007.mp3	192.1	mood/theme---dark	-0.604000	-0.204000	-0.148000
track_1342212	artist_489770	album_158476	12/1342212.mp3	227.0	mood/theme---love	0.996000	0.334000	0.234000
track_1342512	artist_459669	album_158424	12/1342512.mp3	500.3	mood/theme---ballad	0.584000	-0.432000	-0.152000
track_1343010	artist_464757	album_158567	10/1343010.mp3	449.1	mood/theme---party	mood/theme---space	0.748000	0.157000	0.120000
track_1343011	artist_464757	album_158567	11/1343011.mp3	306.7	mood/theme---party	mood/theme---space	0.748000	0.157000	0.120000
track_1343012	artist_464757	album_158567	12/1343012.mp3	284.5	mood/theme---party	mood/theme---space	0.748000	0.157000	0.120000
track_1343112	artist_466600	album_158573	12/1343112.mp3	31.1	mood/theme---dramatic	mood/theme---epic	mood/theme---inspiring	mood/theme---sport	0.430000	0.370500	0.267500
track_1343400	artist_488990	album_158594	00/1343400.mp3	269.4	mood/theme---sad	-0.550000	-0.334000	-0.702000
track_1343402	artist_488990	album_158594	02/1343402.mp3	227.7	mood/theme---party	0.896000	0.680000	0.094000
track_1343403	artist_488990	album_158594	03/1343403.mp3	371.5	mood/theme---dark	-0.604000	-0.204000	-0.148000
track_1343404	artist_488990	album_158594	04/1343404.mp3	165.0	mood/theme---space	0.600000	-0.366000	0.146000
track_1346204	artist_488843	album_158863	04/1346204.mp3	159.8	mood/theme---inspiring	mood/theme---positive	mood/theme---relaxing	mood/theme---romantic	0.760000	-0.127000	0.266500
track_1346205	artist_488843	album_158863	05/1346205.mp3	174.9	mood/theme---powerful	mood/theme---soundscape	0.637000	-0.013000	0.470500
track_1346500	artist_466600	album_158890	00/1346500.mp3	64.1	mood/theme---epic	mood/theme---inspiring	mood/theme---trailer	0.446000	0.167333	0.272000
track_1346501	artist_466600	album_158890	01/1346501.mp3	34.0	mood/theme---epic	mood/theme---inspiring	mood/theme---trailer	0.446000	0.167333	0.272000
track_1347008	artist_466600	album_158945	08/1347008.mp3	31.1	mood/theme---emotional	mood/theme---inspiring	mood/theme---romantic	0.657333	0.195333	0.152667
track_1347009	artist_466600	album_158945	09/1347009.mp3	73.0	mood/theme---emotional	mood/theme---inspiring	mood/theme---romantic	0.657333	0.195333	0.152667
track_1347802	artist_431108	album_159028	02/1347802.mp3	122.6	mood/theme---calm	0.750000	-0.900000	-0.373000
track_1347803	artist_431108	album_159028	03/1347803.mp3	212.8	mood/theme---nature	0.714000	-0.632000	0.286000
track_1347804	artist_431108	album_159028	04/1347804.mp3	202.8	mood/theme---love	0.996000	0.334000	0.234000
track_1347806	artist_431108	album_159028	06/1347806.mp3	135.5	mood/theme---calm	0.750000	-0.900000	-0.373000
track_1348602	artist_364032	album_159121	02/1348602.mp3	320.1	mood/theme---ambiental	mood/theme---dark	0.052000	-0.445000	-0.099000
track_1349103	artist_001336	album_159162	03/1349103.mp3	58.9	mood/theme---dark	-0.604000	-0.204000	-0.148000
track_1349109	artist_001336	album_159162	09/1349109.mp3	59.1	mood/theme---dark	-0.604000	-0.204000	-0.148000
track_1349112	artist_001336	album_159162	12/1349112.mp3	40.6	mood/theme---energetic	0.694000	0.736000	0.804000
track_1349402	artist_490314	album_159180	02/1349402.mp3	75.0	mood/theme---children	mood/theme---christmas	mood/theme---funny	0.822667	0.112000	0.161333
track_1349403	artist_490314	album_159180	03/1349403.mp3	148.4	mood/theme---children	mood/theme---christmas	mood/theme---funny	0.822667	0.112000	0.161333
track_1349705	artist_424522	album_159217	05/1349705.mp3	230.4	mood/theme---groovy	0.230000	0.076000	-0.072000
track_1350307	artist_490314	album_159297	07/1350307.mp3	56.0	mood/theme---children	mood/theme---christmas	0.816000	0.058000	0.176000
track_1350308	artist_490314	album_159297	08/1350308.mp3	95.0	mood/theme---children	mood/theme---christmas	0.816000	0.058000	0.176000
track_1352504	artist_489561	album_159465	04/1352504.mp3	216.4	mood/theme---motivational	mood/theme---sport	0.771000	0.346000	0.515000
track_1352505	artist_489561	album_159465	05/1352505.mp3	183.7	mood/theme---action	mood/theme---motivational	mood/theme---sport	0.687333	0.496000	0.544667
track_1352506	artist_489561	album_159465	06/1352506.mp3	188.8	mood/theme---motivational	mood/theme---sport	0.771000	0.346000	0.515000
track_1352507	artist_489561	album_159465	07/1352507.mp3	159.5	mood/theme---game	mood/theme---motivational	mood/theme---sport	0.670667	0.422667	0.338667
track_1352901	artist_490314	album_159508	01/1352901.mp3	130.0	mood/theme---children	mood/theme---christmas	mood/theme---fun	0.822667	0.267333	0.228667
track_1352903	artist_490314	album_159508	03/1352903.mp3	61.3	mood/theme---children	mood/theme---christmas	mood/theme---fun	0.822667	0.267333	0.228667
track_1352907	artist_490314	album_159510	07/1352907.mp3	47.0	mood/theme---children	0.714000	0.076000	-0.130000
track_1352908	artist_490314	album_159510	08/1352908.mp3	127.1	mood/theme---children	0.714000	0.076000	-0.130000
track_1352911	artist_490314	album_159509	11/1352911.mp3	123.1	mood/theme---adventure	mood/theme---romantic	0.853000	0.388000	0.308000
track_1352912	artist_490314	album_159509	12/1352912.mp3	40.0	mood/theme---adventure	mood/theme---romantic	0.853000	0.388000	0.308000
track_1353001	artist_364032	album_159520	01/1353001.mp3	313.6	mood/theme---ambiental	0.708000	-0.686000	-0.050000
track_1353211	artist_490851	album_159538	11/1353211.mp3	198.9	mood/theme---deep	-0.020000	-0.054000	0.314000
track_1353212	artist_490851	album_159538	12/1353212.mp3	169.0	mood/theme---deep	-0.020000	-0.054000	0.314000
track_1353300	artist_490859	album_159545	00/1353300.mp3	152.4	mood/theme---deep	mood/theme---happy	mood/theme---summer	0.529667	0.054000	0.268000
track_1353301	artist_490859	album_159545	01/1353301.mp3	162.0	mood/theme---deep	mood/theme---happy	mood/theme---summer	0.529667	0.054000	0.268000
track_1353302	artist_490859	album_159545	02/1353302.mp3	143.4	mood/theme---deep	mood/theme---happy	mood/theme---summer	0.529667	0.054000	0.268000
track_1353303	artist_490859	album_159545	03/1353303.mp3	169.0	mood/theme---deep	mood/theme---summer	0.302000	-0.154000	0.207000
track_1353304	artist_490859	album_159545	04/1353304.mp3	164.7	mood/theme---deep	mood/theme---summer	0.302000	-0.154000	0.207000
track_1353305	artist_490859	album_159545	05/1353305.mp3	141.6	mood/theme---deep	mood/theme---summer	0.302000	-0.154000	0.207000
track_1353306	artist_490859	album_159545	06/1353306.mp3	162.9	mood/theme---deep	mood/theme---happy	mood/theme---summer	0.529667	0.054000	0.268000
track_1353307	artist_490859	album_159545	07/1353307.mp3	165.3	mood/theme---deep	mood/theme---summer	0.302000	-0.154000	0.207000
track_1353308	artist_490859	album_159545	08/1353308.mp3	167.2	mood/theme---deep	mood/theme---happy	mood/theme---summer	0.529667	0.054000	0.268000
track_1353309	artist_490859	album_159545	09/1353309.mp3	173.0	mood/theme---deep	mood/theme---happy	mood/theme---summer	0.529667	0.054000	0.268000
track_1353310	artist_490859	album_159545	10/1353310.mp3	168.9	mood/theme---deep	mood/theme---summer	0.302000	-0.154000	0.207000
track_1353311	artist_490859	album_159545	11/1353311.mp3	161.2	mood/theme---deep	mood/theme---happy	mood/theme---summer	0.529667	0.054000	0.268000
track_1353312	artist_490859	album_159545	12/1353312.mp3	166.0	mood/theme---deep	mood/theme---happy	mood/theme---summer	0.529667	0.054000	0.268000
track_1354100	artist_485239	album_159632	00/1354100.mp3	163.6	mood/theme---ambiental	0.708000	-0.686000	-0.050000
track_1354101	artist_485239	album_159632	01/1354101.mp3	114.6	mood/theme---ambiental	0.708000	-0.686000	-0.050000
track_1354102	artist_485239	album_159632	02/1354102.mp3	142.6	mood/theme---ambiental	0.708000	-0.686000	-0.050000
track_1354103	artist_485239	album_159632	03/1354103.mp3	155.5	mood/theme---ambiental	0.708000	-0.686000	-0.050000
track_1354104	artist_485239	album_159632	04/1354104.mp3	215.8	mood/theme---ambiental	0.708000	-0.686000	-0.050000
track_1354105	artist_485239	album_159632	05/1354105.mp3	233.0	mood/theme---ambiental	0.708000	-0.686000	-0.050000
track_1354106	artist_485239	album_159632	06/1354106.mp3	191.1	mood/theme---ambiental	0.708000	-0.686000	-0.050000
track_1354107	artist_485239	album_159632	07/1354107.mp3	135.4	mood/theme---ambiental	0.708000	-0.686000	-0.050000
track_1354108	artist_485239	album_159632	08/1354108.mp3	177.1	mood/theme---ambiental	0.708000	-0.686000	-0.050000
track_1354109	artist_485239	album_159632	09/1354109.mp3	179.9	mood/theme---ambiental	0.708000	-0.686000	-0.050000
track_1354110	artist_485239	album_159632	10/1354110.mp3	124.7	mood/theme---ambiental	0.708000	-0.686000	-0.050000
track_1354111	artist_485239	album_159632	11/1354111.mp3	139.0	mood/theme---ambiental	0.708000	-0.686000	-0.050000
track_1354112	artist_485239	album_159632	12/1354112.mp3	138.7	mood/theme---ambiental	0.708000	-0.686000	-0.050000
track_1354704	artist_462377	album_159705	04/1354704.mp3	138.5	mood/theme---advertising	mood/theme---corporate	mood/theme---inspiring	mood/theme---motivational	mood/theme---upbeat	mood/theme---uplifting	0.513333	0.111667	0.415667
track_1356312	artist_467034	album_159858	12/1356312.mp3	324.4	mood/theme---happy	mood/theme---melodic	0.959000	0.354000	0.269000
track_1356502	artist_490298	album_159880	02/1356502.mp3	213.7	mood/theme---emotional	mood/theme---inspiring	mood/theme---love	0.698667	0.286000	0.165333
track_1357000	artist_467034	album_159916	00/1357000.mp3	173.2	mood/theme---happy	mood/theme---upbeat	0.870500	0.266000	0.497000
track_1357005	artist_467034	album_159916	05/1357005.mp3	196.6	mood/theme---happy	mood/theme---summer	mood/theme---upbeat	0.788333	0.092667	0.364667
track_1357009	artist_467034	album_159916	09/1357009.mp3	149.8	mood/theme---love	0.996000	0.334000	0.234000
track_1357012	artist_467034	album_159916	12/1357012.mp3	233.1	mood/theme---fun	mood/theme---happy	mood/theme---summer	0.815000	0.300667	0.274667
track_1357105	artist_467034	album_159941	05/1357105.mp3	196.9	mood/theme---happy	mood/theme---upbeat	mood/theme---uplifting	0.761000	0.209333	0.401333
track_1357400	artist_003944	album_159969	00/1357400.mp3	136.0	mood/theme---emotional	mood/theme---romantic	0.715000	0.245000	0.124000
track_1357401	artist_003944	album_159969	01/1357401.mp3	69.9	mood/theme---emotional	mood/theme---romantic	0.715000	0.245000	0.124000
track_1357402	artist_003944	album_159969	02/1357402.mp3	126.9	mood/theme---romantic	0.872000	0.062000	0.196000
track_1357403	artist_003944	album_159969	03/1357403.mp3	68.5	mood/theme---corporate	0.184000	-0.092000	0.490000
track_1357404	artist_003944	album_159969	04/1357404.mp3	149.3	mood/theme---inspiring	0.542000	0.096000	0.210000
track_1357405	artist_003944	album_159969	05/1357405.mp3	77.9	mood/theme---corporate	mood/theme---inspiring	0.363000	0.002000	0.350000
track_1357701	artist_337741	album_160008	01/1357701.mp3	220.0	mood/theme---cool	0.770000	0.080000	0.562000
track_1361402	artist_480599	album_160347	02/1361402.mp3	89.0	mood/theme---holiday	mood/theme---mellow	mood/theme---upbeat	0.639333	-0.331000	0.154000
track_1361404	artist_480599	album_160347	04/1361404.mp3	66.0	mood/theme---melancholic	-0.638000	-0.388000	-0.446000
track_1361408	artist_480599	album_160347	08/1361408.mp3	100.4	mood/theme---dream	0.688000	-0.686000	-0.344000
track_1362212	artist_465078	album_160421	12/1362212.mp3	39.4	mood/theme---advertising	mood/theme---background	mood/theme---sport	0.257333	0.110000	0.191333
track_1362508	artist_375935	album_160429	08/1362508.mp3	55.0	mood/theme---action	mood/theme---sport	0.625000	0.598000	0.459000
track_1362509	artist_375935	album_160429	09/1362509.mp3	405.0	mood/theme---advertising	mood/theme---corporate	0.214000	0.062000	0.377000
track_1363602	artist_457786	album_160551	02/1363602.mp3	172.5	mood/theme---motivational	0.812000	0.292000	0.716000
track_1363603	artist_457786	album_160551	03/1363603.mp3	114.9	mood/theme---motivational	0.812000	0.292000	0.716000
track_1363604	artist_457786	album_160551	04/1363604.mp3	165.3	mood/theme---motivational	0.812000	0.292000	0.716000
track_1365200	artist_488943	album_160706	00/1365200.mp3	268.5	mood/theme---space	0.600000	-0.366000	0.146000
track_1365210	artist_363557	album_160699	10/1365210.mp3	258.1	mood/theme---dark	-0.604000	-0.204000	-0.148000
track_1366001	artist_003027	album_160748	01/1366001.mp3	143.2	mood/theme---dark	mood/theme---sad	-0.577000	-0.269000	-0.425000
track_1366002	artist_003027	album_160748	02/1366002.mp3	64.6	mood/theme---sad	-0.550000	-0.334000	-0.702000
track_1366003	artist_003027	album_160748	03/1366003.mp3	42.6	mood/theme---dark	mood/theme---sad	-0.577000	-0.269000	-0.425000
track_1366005	artist_003027	album_160748	05/1366005.mp3	36.2	mood/theme---hopeful	0.894000	-0.286000	0.254000
track_1366203	artist_492228	album_160730	03/1366203.mp3	160.8	mood/theme---love	mood/theme---romantic	0.934000	0.198000	0.215000
track_1366604	artist_492316	album_160813	04/1366604.mp3	440.1	mood/theme---uplifting	0.542000	0.096000	0.210000
track_1366700	artist_492259	album_160823	00/1366700.mp3	259.4	mood/theme---melodic	mood/theme---soft	0.726500	-0.202000	-0.194000
track_1366702	artist_471813	album_160826	02/1366702.mp3	258.9	mood/theme---dark	mood/theme---slow	-0.445000	-0.565500	-0.428000
track_1366703	artist_471813	album_160826	03/1366703.mp3	368.6	mood/theme---dark	mood/theme---slow	-0.445000	-0.565500	-0.428000
track_1366704	artist_471813	album_160826	04/1366704.mp3	289.8	mood/theme---dark	mood/theme---slow	-0.445000	-0.565500	-0.428000
track_1366705	artist_471813	album_160826	05/1366705.mp3	240.0	mood/theme---dark	mood/theme---slow	-0.445000	-0.565500	-0.428000
track_1366706	artist_471813	album_160826	06/1366706.mp3	353.2	mood/theme---dark	mood/theme---slow	-0.445000	-0.565500	-0.428000
track_1366707	artist_471813	album_160826	07/1366707.mp3	248.6	mood/theme---dark	mood/theme---slow	-0.445000	-0.565500	-0.428000
track_1366708	artist_471813	album_160826	08/1366708.mp3	305.2	mood/theme---dark	mood/theme---slow	-0.445000	-0.565500	-0.428000
track_1366709	artist_471813	album_160826	09/1366709.mp3	310.3	mood/theme---dark	mood/theme---slow	-0.445000	-0.565500	-0.428000
track_1366710	artist_471813	album_160826	10/1366710.mp3	204.0	mood/theme---dark	mood/theme---slow	-0.445000	-0.565500	-0.428000
track_1366711	artist_471813	album_160826	11/1366711.mp3	370.3	mood/theme---dark	mood/theme---slow	-0.445000	-0.565500	-0.428000
track_1366712	artist_471813	album_160826	12/1366712.mp3	282.9	mood/theme---dark	mood/theme---slow	-0.445000	-0.565500	-0.428000
track_1369907	artist_432564	album_161155	07/1369907.mp3	113.8	mood/theme---dark	-0.604000	-0.204000	-0.148000
track_1370402	artist_490028	album_161205	02/1370402.mp3	82.1	mood/theme---action	mood/theme---epic	mood/theme---movie	mood/theme---trailer	0.475000	0.330500	0.288000
track_1370403	artist_490028	album_161205	03/1370403.mp3	75.7	mood/theme---action	mood/theme---epic	mood/theme---movie	mood/theme---trailer	0.475000	0.330500	0.288000
track_1370404	artist_490028	album_161205	04/1370404.mp3	72.9	mood/theme---action	mood/theme---epic	mood/theme---movie	mood/theme---trailer	0.475000	0.330500	0.288000
track_1370405	artist_490028	album_161205	05/1370405.mp3	107.1	mood/theme---action	mood/theme---epic	mood/theme---movie	mood/theme---trailer	0.475000	0.330500	0.288000
track_1370406	artist_490028	album_161205	06/1370406.mp3	78.8	mood/theme---adventure	mood/theme---epic	mood/theme---movie	mood/theme---trailer	0.553500	0.310000	0.242000
track_1370407	artist_490028	album_161205	07/1370407.mp3	75.7	mood/theme---action	mood/theme---epic	mood/theme---movie	mood/theme---trailer	0.475000	0.330500	0.288000
track_1370408	artist_490028	album_161205	08/1370408.mp3	75.7	mood/theme---action	mood/theme---epic	mood/theme---movie	mood/theme---trailer	0.475000	0.330500	0.288000
track_1370409	artist_490028	album_161205	09/1370409.mp3	75.7	mood/theme---action	mood/theme---epic	mood/theme---movie	mood/theme---trailer	0.475000	0.330500	0.288000
track_1370410	artist_490028	album_161205	10/1370410.mp3	72.9	mood/theme---adventure	mood/theme---epic	mood/theme---movie	mood/theme---trailer	0.553500	0.310000	0.242000
track_1370411	artist_490028	album_161205	11/1370411.mp3	72.9	mood/theme---action	mood/theme---epic	mood/theme---movie	mood/theme---trailer	0.475000	0.330500	0.288000
track_1370705	artist_477499	album_161232	05/1370705.mp3	198.0	mood/theme---dark	mood/theme---dream	0.042000	-0.445000	-0.246000
track_1371001	artist_451073	album_161276	01/1371001.mp3	193.5	mood/theme---advertising	mood/theme---corporate	mood/theme---inspiring	mood/theme---motivational	0.445500	0.128000	0.420000
track_1371002	artist_451073	album_161276	02/1371002.mp3	239.1	mood/theme---advertising	mood/theme---corporate	mood/theme---inspiring	mood/theme---motivational	0.445500	0.128000	0.420000
track_1371512	artist_458008	album_161341	12/1371512.mp3	188.2	mood/theme---summer	0.624000	-0.254000	0.100000
track_1371701	artist_442171	album_161363	01/1371701.mp3	304.7	mood/theme---ambiental	0.708000	-0.686000	-0.050000
track_1371800	artist_362501	album_161376	00/1371800.mp3	166.5	mood/theme---cool	mood/theme---groovy	0.500000	0.078000	0.245000
track_1371801	artist_362501	album_161376	01/1371801.mp3	88.6	mood/theme---party	0.896000	0.680000	0.094000
track_1371804	artist_362501	album_161376	04/1371804.mp3	66.8	mood/theme---dream	mood/theme---hopeful	0.791000	-0.486000	-0.045000
track_1371806	artist_362501	album_161376	06/1371806.mp3	194.9	mood/theme---cool	mood/theme---groovy	0.500000	0.078000	0.245000
track_1371807	artist_362501	album_161376	07/1371807.mp3	90.7	mood/theme---fast	mood/theme---melodic	0.591500	0.298000	0.219000
track_1371808	artist_362501	album_161376	08/1371808.mp3	221.7	mood/theme---cool	mood/theme---dark	0.083000	-0.062000	0.207000
track_1371809	artist_362501	album_161376	09/1371809.mp3	58.8	mood/theme---cool	mood/theme---fast	0.510000	0.219000	0.426000
track_1371811	artist_362501	album_161376	11/1371811.mp3	143.6	mood/theme---dream	0.688000	-0.686000	-0.344000
track_1371812	artist_362501	album_161376	12/1371812.mp3	200.8	mood/theme---groovy	0.230000	0.076000	-0.072000
track_1372200	artist_492925	album_161405	00/1372200.mp3	226.0	mood/theme---upbeat	0.756000	0.062000	0.604000
track_1372208	artist_441157	album_161403	08/1372208.mp3	420.0	mood/theme---relaxing	0.708000	-0.686000	-0.050000
track_1373108	artist_379099	album_161501	08/1373108.mp3	890.0	mood/theme---soundscape	0.708000	-0.686000	-0.050000
track_1374300	artist_493107	album_161595	00/1374300.mp3	199.1	mood/theme---calm	0.750000	-0.900000	-0.373000
track_1374301	artist_493107	album_161595	01/1374301.mp3	298.0	mood/theme---epic	mood/theme---melancholic	0.038000	0.019000	0.107000
track_1374303	artist_493107	album_161595	03/1374303.mp3	187.0	mood/theme---melancholic	-0.638000	-0.388000	-0.446000
track_1374304	artist_493107	album_161595	04/1374304.mp3	106.9	mood/theme---funny	0.836000	0.220000	0.132000
track_1374308	artist_493107	album_161595	08/1374308.mp3	144.9	mood/theme---happy	0.985000	0.470000	0.390000
track_1375202	artist_466156	album_161685	02/1375202.mp3	151.8	mood/theme---inspiring	0.542000	0.096000	0.210000
track_1375203	artist_466156	album_161685	03/1375203.mp3	179.3	mood/theme---inspiring	0.542000	0.096000	0.210000
track_1375204	artist_466156	album_161685	04/1375204.mp3	107.9	mood/theme---inspiring	0.542000	0.096000	0.210000
track_1375205	artist_466156	album_161685	05/1375205.mp3	84.9	mood/theme---inspiring	0.542000	0.096000	0.210000
track_1375901	artist_490363	album_161752	01/1375901.mp3	174.1	mood/theme---documentary	mood/theme---meditative	0.236000	-0.667000	0.050000
track_1375902	artist_490363	album_161752	02/1375902.mp3	264.0	mood/theme---meditative	0.228000	-0.760000	-0.092000
track_1375903	artist_490363	album_161752	03/1375903.mp3	585.0	mood/theme---documentary	mood/theme---film	mood/theme---meditative	0.372667	-0.450667	0.077333
track_1375904	artist_490363	album_161752	04/1375904.mp3	231.5	mood/theme---documentary	mood/theme---nature	0.479000	-0.603000	0.239000
track_1375909	artist_490363	album_161752	09/1375909.mp3	136.2	mood/theme---documentary	mood/theme---meditative	mood/theme---nature	0.395333	-0.655333	0.128667
track_1375910	artist_490363	album_161752	10/1375910.mp3	352.0	mood/theme---dark	mood/theme---documentary	mood/theme---meditative	-0.044000	-0.512667	-0.016000
track_1377202	artist_493360	album_161844	02/1377202.mp3	210.3	mood/theme---upbeat	0.756000	0.062000	0.604000
track_1377206	artist_493360	album_161844	06/1377206.mp3	264.0	mood/theme---upbeat	0.756000	0.062000	0.604000
track_1377207	artist_493360	album_161844	07/1377207.mp3	237.7	mood/theme---love	mood/theme---romantic	0.934000	0.198000	0.215000
track_1377208	artist_493360	album_161844	08/1377208.mp3	203.8	mood/theme---upbeat	0.756000	0.062000	0.604000
track_1377209	artist_493360	album_161844	09/1377209.mp3	234.0	mood/theme---upbeat	0.756000	0.062000	0.604000
track_1377210	artist_493360	album_161844	10/1377210.mp3	217.5	mood/theme---melancholic	mood/theme---sad	-0.594000	-0.361000	-0.574000
track_1377211	artist_493360	album_161844	11/1377211.mp3	235.1	mood/theme---upbeat	0.756000	0.062000	0.604000
track_1377406	artist_493357	album_161866	06/1377406.mp3	426.6	mood/theme---space	0.600000	-0.366000	0.146000
track_1377408	artist_493357	album_161866	08/1377408.mp3	159.4	mood/theme---nature	0.714000	-0.632000	0.286000
track_1378002	artist_484438	album_161922	02/1378002.mp3	209.3	mood/theme---melodic	mood/theme---romantic	0.902500	0.150000	0.172000
track_1378003	artist_484438	album_161922	03/1378003.mp3	219.5	mood/theme---romantic	0.872000	0.062000	0.196000
track_1378004	artist_484438	album_161922	04/1378004.mp3	320.0	mood/theme---calm	mood/theme---melodic	0.841500	-0.331000	-0.112500
track_1378005	artist_484438	album_161922	05/1378005.mp3	204.0	mood/theme---melodic	0.933000	0.238000	0.148000
track_1378006	artist_484438	album_161922	06/1378006.mp3	114.1	mood/theme---game	0.470000	0.576000	-0.014000
track_1378008	artist_484438	album_161922	08/1378008.mp3	262.0	mood/theme---film	0.646000	-0.018000	0.132000
track_1378101	artist_493403	album_161923	01/1378101.mp3	240.8	mood/theme---energetic	0.694000	0.736000	0.804000
track_1380002	artist_438910	album_162098	02/1380002.mp3	383.8	mood/theme---meditative	mood/theme---relaxing	0.468000	-0.723000	-0.071000
track_1380006	artist_438910	album_162098	06/1380006.mp3	315.0	mood/theme---space	0.600000	-0.366000	0.146000
track_1380007	artist_438910	album_162098	07/1380007.mp3	254.6	mood/theme---space	0.600000	-0.366000	0.146000
track_1380601	artist_372323	album_162155	01/1380601.mp3	165.0	mood/theme---love	mood/theme---nature	mood/theme---soundscape	0.806000	-0.328000	0.156667
track_1380602	artist_372323	album_162155	02/1380602.mp3	93.7	mood/theme---nature	0.714000	-0.632000	0.286000
track_1380606	artist_372323	album_162155	06/1380606.mp3	147.6	mood/theme---love	mood/theme---nature	mood/theme---soundscape	0.806000	-0.328000	0.156667
track_1380708	artist_004116	album_162183	08/1380708.mp3	242.4	mood/theme---relaxing	0.708000	-0.686000	-0.050000
track_1380709	artist_004116	album_162183	09/1380709.mp3	231.3	mood/theme---happy	0.985000	0.470000	0.390000
track_1380710	artist_004116	album_162183	10/1380710.mp3	351.6	mood/theme---relaxing	0.708000	-0.686000	-0.050000
track_1380711	artist_004116	album_162183	11/1380711.mp3	95.9	mood/theme---happy	0.985000	0.470000	0.390000
track_1380712	artist_004116	album_162183	12/1380712.mp3	320.0	mood/theme---relaxing	0.708000	-0.686000	-0.050000
track_1381000	artist_475732	album_162202	00/1381000.mp3	217.9	mood/theme---cool	0.770000	0.080000	0.562000
track_1381001	artist_475732	album_162202	01/1381001.mp3	353.3	mood/theme---cool	0.770000	0.080000	0.562000
track_1381003	artist_475732	album_162202	03/1381003.mp3	274.1	mood/theme---cool	0.770000	0.080000	0.562000
track_1381005	artist_475732	album_162202	05/1381005.mp3	264.1	mood/theme---cool	0.770000	0.080000	0.562000
track_1381006	artist_475732	album_162202	06/1381006.mp3	190.2	mood/theme---cool	0.770000	0.080000	0.562000
track_1381008	artist_475732	album_162202	08/1381008.mp3	258.9	mood/theme---cool	0.770000	0.080000	0.562000
track_1381009	artist_475732	album_162202	09/1381009.mp3	317.4	mood/theme---cool	0.770000	0.080000	0.562000
track_1381011	artist_475732	album_162202	11/1381011.mp3	452.4	mood/theme---cool	0.770000	0.080000	0.562000
track_1381310	artist_489220	album_162227	10/1381310.mp3	195.1	mood/theme---background	mood/theme---dark	mood/theme---heavy	-0.435333	-0.194000	0.016000
track_1381312	artist_489220	album_162227	12/1381312.mp3	110.7	mood/theme---dark	mood/theme---heavy	-0.552000	-0.148000	0.026000
track_1381605	artist_347867	album_162261	05/1381605.mp3	147.7	mood/theme---melodic	0.933000	0.238000	0.148000
track_1383310	artist_428874	album_162351	10/1383310.mp3	381.8	mood/theme---christmas	mood/theme---fun	mood/theme---happy	mood/theme---holiday	mood/theme---inspiring	0.835400	0.230800	0.320400
track_1383803	artist_483387	album_162393	03/1383803.mp3	180.0	mood/theme---commercial	mood/theme---corporate	mood/theme---motivational	mood/theme---positive	0.631500	0.050000	0.493000
track_1383900	artist_477775	album_162394	00/1383900.mp3	105.7	mood/theme---game	0.470000	0.576000	-0.014000
track_1384009	artist_489627	album_162402	09/1384009.mp3	299.7	mood/theme---love	0.996000	0.334000	0.234000
track_1384010	artist_489627	album_162402	10/1384010.mp3	258.0	mood/theme---love	0.996000	0.334000	0.234000
track_1384308	artist_466600	album_162426	08/1384308.mp3	31.0	mood/theme---background	mood/theme---inspiring	mood/theme---nature	mood/theme---romantic	0.481500	-0.190000	0.172000
track_1384309	artist_466600	album_162426	09/1384309.mp3	73.0	mood/theme---background	mood/theme---inspiring	mood/theme---nature	mood/theme---romantic	0.481500	-0.190000	0.172000
track_1384401	artist_493872	album_162438	01/1384401.mp3	139.1	mood/theme---corporate	mood/theme---uplifting	0.363000	0.002000	0.350000
track_1384402	artist_493872	album_162438	02/1384402.mp3	89.4	mood/theme---corporate	0.184000	-0.092000	0.490000
track_1384403	artist_493872	album_162438	03/1384403.mp3	87.3	mood/theme---corporate	mood/theme---sad	-0.183000	-0.213000	-0.106000
track_1384404	artist_493872	album_162438	04/1384404.mp3	119.1	mood/theme---corporate	mood/theme---dream	0.436000	-0.389000	0.073000
track_1384405	artist_493872	album_162438	05/1384405.mp3	108.0	mood/theme---corporate	mood/theme---emotional	0.371000	0.168000	0.271000
track_1384406	artist_493872	album_162438	06/1384406.mp3	75.8	mood/theme---corporate	0.184000	-0.092000	0.490000
track_1384407	artist_493872	album_162438	07/1384407.mp3	96.1	mood/theme---corporate	mood/theme---sad	-0.183000	-0.213000	-0.106000
track_1384408	artist_493872	album_162438	08/1384408.mp3	89.7	mood/theme---corporate	mood/theme---dream	0.436000	-0.389000	0.073000
track_1384409	artist_493872	album_162438	09/1384409.mp3	78.8	mood/theme---corporate	mood/theme---sad	-0.183000	-0.213000	-0.106000
track_1384410	artist_493872	album_162438	10/1384410.mp3	109.3	mood/theme---corporate	mood/theme---positive	0.551000	-0.036000	0.600000
track_1384411	artist_493872	album_162438	11/1384411.mp3	93.0	mood/theme---corporate	0.184000	-0.092000	0.490000
track_1384412	artist_493872	album_162438	12/1384412.mp3	69.0	mood/theme---corporate	0.184000	-0.092000	0.490000
track_1385202	artist_435290	album_162510	02/1385202.mp3	319.1	mood/theme---inspiring	0.542000	0.096000	0.210000
track_1385300	artist_368389	album_162514	00/1385300.mp3	175.2	mood/theme---dramatic	mood/theme---sad	-0.408000	0.113000	-0.408000
track_1386702	artist_437980	album_162420	02/1386702.mp3	31.5	mood/theme---action	mood/theme---energetic	0.607000	0.766000	0.704000
track_1386809	artist_456894	album_162661	09/1386809.mp3	349.2	mood/theme---mellow	mood/theme---relaxing	0.487000	-0.801500	-0.189000
track_1387904	artist_443598	album_162792	04/1387904.mp3	230.7	mood/theme---adventure	mood/theme---commercial	mood/theme---documentary	mood/theme---film	mood/theme---love	0.666400	0.087200	0.206800
track_1388000	artist_341393	album_162808	00/1388000.mp3	239.0	mood/theme---emotional	0.558000	0.428000	0.052000
track_1388001	artist_341393	album_162808	01/1388001.mp3	242.5	mood/theme---emotional	0.558000	0.428000	0.052000
track_1388002	artist_341393	album_162808	02/1388002.mp3	323.0	mood/theme---happy	0.985000	0.470000	0.390000
track_1388003	artist_341393	album_162808	03/1388003.mp3	240.1	mood/theme---emotional	0.558000	0.428000	0.052000
track_1388004	artist_341393	album_162808	04/1388004.mp3	242.8	mood/theme---emotional	0.558000	0.428000	0.052000
track_1388005	artist_341393	album_162808	05/1388005.mp3	246.0	mood/theme---emotional	0.558000	0.428000	0.052000
track_1388007	artist_341393	album_162808	07/1388007.mp3	268.6	mood/theme---emotional	0.558000	0.428000	0.052000
track_1388303	artist_494348	album_162838	03/1388303.mp3	198.9	mood/theme---dark	-0.604000	-0.204000	-0.148000
track_1388600	artist_471813	album_162859	00/1388600.mp3	405.7	mood/theme---dark	mood/theme---slow	-0.445000	-0.565500	-0.428000
track_1388601	artist_471813	album_162859	01/1388601.mp3	297.0	mood/theme---dark	mood/theme---slow	-0.445000	-0.565500	-0.428000
track_1388603	artist_471813	album_162859	03/1388603.mp3	248.6	mood/theme---dark	mood/theme---slow	-0.445000	-0.565500	-0.428000
track_1388808	artist_007805	album_162885	08/1388808.mp3	197.0	mood/theme---happy	0.985000	0.470000	0.390000
track_1388809	artist_007805	album_162885	09/1388809.mp3	273.9	mood/theme---sad	-0.550000	-0.334000	-0.702000
track_1388810	artist_007805	album_162885	10/1388810.mp3	176.4	mood/theme---advertising	mood/theme---commercial	mood/theme---happy	0.613667	0.222000	0.236667
track_1388811	artist_007805	album_162885	11/1388811.mp3	169.5	mood/theme---commercial	mood/theme---happy	mood/theme---inspiring	0.713000	0.182000	0.218667
track_1388812	artist_007805	album_162885	12/1388812.mp3	203.7	mood/theme---advertising	mood/theme---commercial	mood/theme---happy	0.613667	0.222000	0.236667
track_1389203	artist_347673	album_162915	03/1389203.mp3	150.0	mood/theme---melancholic	mood/theme---sad	-0.594000	-0.361000	-0.574000
track_1390503	artist_438910	album_163049	03/1390503.mp3	161.0	mood/theme---meditative	mood/theme---slow	-0.029000	-0.843500	-0.400000
track_1390504	artist_438910	album_163049	04/1390504.mp3	268.1	mood/theme---space	0.600000	-0.366000	0.146000
track_1391301	artist_355756	album_163107	01/1391301.mp3	210.1	mood/theme---meditative	mood/theme---space	0.414000	-0.563000	0.027000
track_1391302	artist_355756	album_163107	02/1391302.mp3	300.1	mood/theme---meditative	mood/theme---space	0.414000	-0.563000	0.027000
track_1392703	artist_355756	album_163275	03/1392703.mp3	210.1	mood/theme---relaxing	mood/theme---space	0.654000	-0.526000	0.048000
track_1393000	artist_355756	album_163275	00/1393000.mp3	300.1	mood/theme---relaxing	mood/theme---space	0.654000	-0.526000	0.048000
track_1393010	artist_494920	album_163266	10/1393010.mp3	37.5	mood/theme---ambiental	0.708000	-0.686000	-0.050000
track_1393011	artist_494920	album_163266	11/1393011.mp3	113.2	mood/theme---energetic	0.694000	0.736000	0.804000
track_1393100	artist_355756	album_163298	00/1393100.mp3	240.1	mood/theme---relaxing	mood/theme---space	0.654000	-0.526000	0.048000
track_1393104	artist_355756	album_163298	04/1393104.mp3	270.1	mood/theme---relaxing	mood/theme---space	0.654000	-0.526000	0.048000
track_1393108	artist_355756	album_163298	08/1393108.mp3	270.1	mood/theme---relaxing	mood/theme---space	0.654000	-0.526000	0.048000
track_1393109	artist_355756	album_163298	09/1393109.mp3	270.1	mood/theme---relaxing	mood/theme---space	0.654000	-0.526000	0.048000
track_1393400	artist_355756	album_163301	00/1393400.mp3	210.0	mood/theme---dark	-0.604000	-0.204000	-0.148000
track_1393401	artist_355756	album_163301	01/1393401.mp3	210.0	mood/theme---dark	-0.604000	-0.204000	-0.148000
track_1393402	artist_355756	album_163301	02/1393402.mp3	270.0	mood/theme---dark	-0.604000	-0.204000	-0.148000
track_1393403	artist_355756	album_163301	03/1393403.mp3	270.0	mood/theme---dark	-0.604000	-0.204000	-0.148000
track_1393404	artist_355756	album_163301	04/1393404.mp3	210.0	mood/theme---dark	-0.604000	-0.204000	-0.148000
track_1393405	artist_355756	album_163301	05/1393405.mp3	210.0	mood/theme---dark	-0.604000	-0.204000	-0.148000
track_1393406	artist_355756	album_163301	06/1393406.mp3	270.0	mood/theme---dark	-0.604000	-0.204000	-0.148000
track_1393407	artist_355756	album_163301	07/1393407.mp3	270.0	mood/theme---dark	-0.604000	-0.204000	-0.148000
track_1393408	artist_355756	album_163301	08/1393408.mp3	270.0	mood/theme---dark	-0.604000	-0.204000	-0.148000
track_1393409	artist_355756	album_163301	09/1393409.mp3	90.0	mood/theme---energetic	0.694000	0.736000	0.804000
track_1393612	artist_355756	album_163310	12/1393612.mp3	240.1	mood/theme---relaxing	0.708000	-0.686000	-0.050000
track_1394303	artist_351287	album_163362	03/1394303.mp3	276.0	mood/theme---christmas	mood/theme---holiday	0.907000	-0.049000	0.334000
track_1394307	artist_351287	album_163362	07/1394307.mp3	291.8	mood/theme---christmas	0.918000	0.040000	0.482000
track_1394308	artist_351287	album_163362	08/1394308.mp3	231.6	mood/theme---christmas	0.918000	0.040000	0.482000
track_1394402	artist_456894	album_163277	02/1394402.mp3	90.0	mood/theme---christmas	0.918000	0.040000	0.482000
track_1394403	artist_456894	album_163277	03/1394403.mp3	147.0	mood/theme---advertising	mood/theme---children	mood/theme---christmas	mood/theme---happy	mood/theme---motivational	0.734600	0.218800	0.344400
track_1394904	artist_475790	album_163398	04/1394904.mp3	299.7	mood/theme---funny	0.836000	0.220000	0.132000
track_1395310	artist_341459	album_163200	10/1395310.mp3	222.9	mood/theme---relaxing	0.708000	-0.686000	-0.050000
track_1395500	artist_455057	album_163454	00/1395500.mp3	347.6	mood/theme---love	0.996000	0.334000	0.234000
track_1395501	artist_455057	album_163454	01/1395501.mp3	347.6	mood/theme---emotional	mood/theme---melancholic	-0.040000	0.020000	-0.197000
track_1395507	artist_491731	album_163455	07/1395507.mp3	321.2	mood/theme---cool	0.770000	0.080000	0.562000
track_1395508	artist_491731	album_163455	08/1395508.mp3	274.8	mood/theme---advertising	mood/theme---background	mood/theme---cool	mood/theme---groovy	0.260500	0.021500	0.187500
track_1395611	artist_337741	album_163465	11/1395611.mp3	329.2	mood/theme---inspiring	0.542000	0.096000	0.210000
track_1395702	artist_483387	album_163468	02/1395702.mp3	79.2	mood/theme---christmas	mood/theme---commercial	0.765000	0.010000	0.269000
track_1396101	artist_491533	album_163420	01/1396101.mp3	80.2	mood/theme---advertising	mood/theme---corporate	mood/theme---happy	mood/theme---positive	0.582750	0.153500	0.463500
track_1396105	artist_491533	album_163420	05/1396105.mp3	66.9	mood/theme---happy	mood/theme---positive	0.951500	0.245000	0.550000
track_1396205	artist_495161	album_163537	05/1396205.mp3	247.6	mood/theme---ballad	0.584000	-0.432000	-0.152000
track_1396500	artist_361044	album_163566	00/1396500.mp3	210.3	mood/theme---calm	mood/theme---emotional	mood/theme---melancholic	0.223333	-0.286667	-0.255667
track_1396501	artist_361044	album_163566	01/1396501.mp3	160.8	mood/theme---advertising	mood/theme---background	mood/theme---happy	mood/theme---hopeful	mood/theme---inspiring	mood/theme---motivational	0.545833	0.083667	0.305000
track_1396502	artist_361044	album_163566	02/1396502.mp3	141.9	mood/theme---drama	mood/theme---emotional	mood/theme---film	mood/theme---sad	0.128500	0.146500	-0.139000
track_1396603	artist_495215	album_163550	03/1396603.mp3	213.8	mood/theme---upbeat	0.756000	0.062000	0.604000
track_1396710	artist_340121	album_163588	10/1396710.mp3	292.8	mood/theme---meditative	0.228000	-0.760000	-0.092000
track_1397103	artist_466600	album_163432	03/1397103.mp3	37.0	mood/theme---dramatic	mood/theme---epic	mood/theme---inspiring	mood/theme---trailer	0.268000	0.265500	0.175500
track_1397104	artist_466600	album_163432	04/1397104.mp3	54.0	mood/theme---dramatic	mood/theme---epic	mood/theme---inspiring	mood/theme---trailer	0.268000	0.265500	0.175500
track_1397206	artist_495268	album_163632	06/1397206.mp3	216.6	mood/theme---fast	0.250000	0.358000	0.290000
track_1398100	artist_495358	album_163694	00/1398100.mp3	226.5	mood/theme---love	0.996000	0.334000	0.234000
track_1398101	artist_495358	album_163694	01/1398101.mp3	171.0	mood/theme---upbeat	0.756000	0.062000	0.604000
track_1398412	artist_439371	album_163735	12/1398412.mp3	152.4	mood/theme---corporate	mood/theme---dream	0.436000	-0.389000	0.073000
track_1398500	artist_439371	album_163742	00/1398500.mp3	166.7	mood/theme---christmas	mood/theme---holiday	0.907000	-0.049000	0.334000
track_1398501	artist_439371	album_163742	01/1398501.mp3	83.3	mood/theme---christmas	mood/theme---holiday	0.907000	-0.049000	0.334000
track_1398502	artist_439371	album_163742	02/1398502.mp3	74.6	mood/theme---christmas	mood/theme---holiday	0.907000	-0.049000	0.334000
track_1398801	artist_439371	album_163762	01/1398801.mp3	274.1	mood/theme---nature	mood/theme---relaxing	0.711000	-0.659000	0.118000
track_1398802	artist_439371	album_163762	02/1398802.mp3	198.0	mood/theme---advertising	mood/theme---commercial	mood/theme---corporate	0.346667	0.034667	0.270000
track_1398803	artist_439371	album_163762	03/1398803.mp3	240.0	mood/theme---documentary	mood/theme---nature	0.479000	-0.603000	0.239000
track_1398804	artist_439371	album_163762	04/1398804.mp3	362.0	mood/theme---nature	mood/theme---relaxing	0.711000	-0.659000	0.118000
track_1399011	artist_495449	album_163770	11/1399011.mp3	109.6	mood/theme---film	0.646000	-0.018000	0.132000
track_1400005	artist_483253	album_163815	05/1400005.mp3	288.0	mood/theme---christmas	mood/theme---love	mood/theme---sad	0.454667	0.013333	0.004667
track_1400006	artist_483253	album_163815	06/1400006.mp3	330.6	mood/theme---christmas	mood/theme---epic	mood/theme---sad	0.360667	0.044000	0.146667
track_1400007	artist_483253	album_163815	07/1400007.mp3	328.9	mood/theme---christmas	mood/theme---epic	mood/theme---sad	0.360667	0.044000	0.146667
track_1400401	artist_473461	album_163903	01/1400401.mp3	133.4	mood/theme---children	0.714000	0.076000	-0.130000
track_1400402	artist_473461	album_163903	02/1400402.mp3	138.7	mood/theme---love	0.996000	0.334000	0.234000
track_1400500	artist_001336	album_163917	00/1400500.mp3	133.4	mood/theme---relaxing	0.708000	-0.686000	-0.050000
track_1400501	artist_001336	album_163917	01/1400501.mp3	159.3	mood/theme---energetic	mood/theme---relaxing	mood/theme---space	0.667333	-0.105333	0.300000
track_1400502	artist_001336	album_163917	02/1400502.mp3	82.1	mood/theme---relaxing	0.708000	-0.686000	-0.050000
track_1400503	artist_001336	album_163917	03/1400503.mp3	149.4	mood/theme---relaxing	0.708000	-0.686000	-0.050000
track_1400505	artist_001336	album_163917	05/1400505.mp3	157.8	mood/theme---relaxing	0.708000	-0.686000	-0.050000
track_1400506	artist_001336	album_163917	06/1400506.mp3	126.0	mood/theme---dark	-0.604000	-0.204000	-0.148000
track_1400507	artist_001336	album_163917	07/1400507.mp3	111.3	mood/theme---cool	0.770000	0.080000	0.562000
track_1400508	artist_001336	album_163917	08/1400508.mp3	87.9	mood/theme---dream	0.688000	-0.686000	-0.344000
track_1400805	artist_423996	album_164046	05/1400805.mp3	664.8	mood/theme---dark	-0.604000	-0.204000	-0.148000
track_1400905	artist_495449	album_163937	05/1400905.mp3	60.1	mood/theme---film	0.646000	-0.018000	0.132000
track_1400906	artist_495449	album_163937	06/1400906.mp3	46.1	mood/theme---film	0.646000	-0.018000	0.132000
track_1400908	artist_495449	album_163937	08/1400908.mp3	132.1	mood/theme---film	0.646000	-0.018000	0.132000
track_1400909	artist_495449	album_163937	09/1400909.mp3	87.7	mood/theme---film	0.646000	-0.018000	0.132000
track_1400910	artist_495449	album_163937	10/1400910.mp3	57.4	mood/theme---documentary	mood/theme---film	0.445000	-0.296000	0.162000
track_1400911	artist_495449	album_163937	11/1400911.mp3	82.4	mood/theme---film	0.646000	-0.018000	0.132000
track_1400912	artist_495449	album_163937	12/1400912.mp3	106.6	mood/theme---film	0.646000	-0.018000	0.132000
track_1402101	artist_495484	album_163819	01/1402101.mp3	165.9	mood/theme---corporate	mood/theme---deep	mood/theme---inspiring	0.235333	-0.016667	0.338000
track_1402108	artist_495484	album_163819	08/1402108.mp3	151.5	mood/theme---corporate	mood/theme---happy	mood/theme---inspiring	0.570333	0.158000	0.363333
track_1402109	artist_495484	album_163819	09/1402109.mp3	64.1	mood/theme---adventure	mood/theme---corporate	mood/theme---deep	mood/theme---inspiring	0.385000	0.166000	0.358500
track_1402111	artist_495484	album_163819	11/1402111.mp3	102.8	mood/theme---corporate	mood/theme---deep	mood/theme---happy	mood/theme---inspiring	0.422750	0.105000	0.351000
track_1403004	artist_355756	album_164127	04/1403004.mp3	270.0	mood/theme---relaxing	0.708000	-0.686000	-0.050000
track_1403810	artist_491366	album_164174	10/1403810.mp3	215.0	mood/theme---upbeat	0.756000	0.062000	0.604000
track_1403811	artist_491366	album_164174	11/1403811.mp3	184.0	mood/theme---sexy	0.730000	0.890000	0.604000
track_1403901	artist_491366	album_164186	01/1403901.mp3	231.0	mood/theme---slow	-0.286000	-0.927000	-0.708000
track_1404701	artist_495484	album_164263	01/1404701.mp3	308.1	mood/theme---inspiring	0.542000	0.096000	0.210000
track_1404702	artist_495484	album_164263	02/1404702.mp3	292.0	mood/theme---deep	mood/theme---love	mood/theme---romantic	0.616000	0.114000	0.248000
track_1404703	artist_495484	album_164263	03/1404703.mp3	232.0	mood/theme---background	mood/theme---corporate	mood/theme---deep	mood/theme---love	mood/theme---romantic	0.366000	-0.007200	0.246000
track_1404705	artist_495484	album_164263	05/1404705.mp3	228.0	mood/theme---corporate	mood/theme---deep	mood/theme---inspiring	mood/theme---romantic	mood/theme---sexy	0.461600	0.180400	0.362800
track_1405004	artist_430269	album_164278	04/1405004.mp3	114.9	mood/theme---heavy	-0.500000	-0.092000	0.200000
track_1405005	artist_430269	album_164278	05/1405005.mp3	159.5	mood/theme---action	mood/theme---adventure	mood/theme---epic	mood/theme---trailer	0.537500	0.479000	0.407500
track_1405006	artist_430269	album_164278	06/1405006.mp3	101.2	mood/theme---dark	mood/theme---horror	-0.687000	0.248000	-0.136000
track_1405007	artist_430269	album_164278	07/1405007.mp3	92.6	mood/theme---dark	mood/theme---horror	-0.687000	0.248000	-0.136000
track_1405008	artist_430269	album_164278	08/1405008.mp3	173.2	mood/theme---dark	mood/theme---epic	mood/theme---film	mood/theme---trailer	0.209500	0.046000	0.147500
track_1405009	artist_430269	album_164278	09/1405009.mp3	212.6	mood/theme---energetic	mood/theme---epic	0.704000	0.581000	0.732000
track_1405010	artist_430269	album_164278	10/1405010.mp3	168.0	mood/theme---action	mood/theme---adventure	mood/theme---dramatic	mood/theme---epic	0.450500	0.624000	0.392500
track_1405011	artist_430269	album_164278	11/1405011.mp3	31.8	mood/theme---dark	mood/theme---epic	mood/theme---trailer	0.064000	0.067333	0.152667
track_1405012	artist_430269	album_164278	12/1405012.mp3	125.2	mood/theme---dark	mood/theme---horror	-0.687000	0.248000	-0.136000
track_1405302	artist_460992	album_164308	02/1405302.mp3	106.0	mood/theme---corporate	mood/theme---inspiring	mood/theme---motivational	mood/theme---uplifting	0.520000	0.098000	0.406500
track_1405303	artist_460992	album_164308	03/1405303.mp3	82.1	mood/theme---children	mood/theme---corporate	mood/theme---hopeful	0.597333	-0.100667	0.204667
track_1405304	artist_460992	album_164308	04/1405304.mp3	85.0	mood/theme---corporate	mood/theme---inspiring	mood/theme---positive	0.548000	0.008000	0.470000
track_1405305	artist_460992	album_164308	05/1405305.mp3	118.1	mood/theme---corporate	mood/theme---inspiring	mood/theme---motivational	mood/theme---soft	0.514500	-0.086500	0.220000
track_1405306	artist_460992	album_164308	06/1405306.mp3	117.6	mood/theme---corporate	mood/theme---inspiring	mood/theme---soft	mood/theme---uplifting	0.447000	-0.135500	0.093500
track_1405307	artist_460992	album_164308	07/1405307.mp3	95.1	mood/theme---background	mood/theme---corporate	mood/theme---inspiring	mood/theme---soft	mood/theme---uplifting	0.317200	-0.165600	0.074000
track_1406400	artist_430269	album_164427	00/1406400.mp3	96.1	mood/theme---epic	0.714000	0.426000	0.660000
track_1406401	artist_430269	album_164427	01/1406401.mp3	90.0	mood/theme---dark	mood/theme---epic	mood/theme---heavy	-0.130000	0.043333	0.237333
track_1406402	artist_430269	album_164427	02/1406402.mp3	36.0	mood/theme---epic	mood/theme---inspiring	mood/theme---movie	0.613333	0.214000	0.270667
track_1408401	artist_496168	album_164580	01/1408401.mp3	198.9	mood/theme---ballad	0.584000	-0.432000	-0.152000
track_1412804	artist_351588	album_165095	04/1412804.mp3	287.0	mood/theme---meditative	0.228000	-0.760000	-0.092000
track_1412805	artist_351588	album_165095	05/1412805.mp3	115.4	mood/theme---film	0.646000	-0.018000	0.132000
track_1413009	artist_496290	album_164960	09/1413009.mp3	47.6	mood/theme---film	0.646000	-0.018000	0.132000
track_1413011	artist_496290	album_164960	11/1413011.mp3	160.0	mood/theme---drama	mood/theme---film	0.253000	0.246000	0.047000
track_1413012	artist_496290	album_164960	12/1413012.mp3	190.2	mood/theme---drama	mood/theme---film	0.253000	0.246000	0.047000
track_1414210	artist_496408	album_165114	10/1414210.mp3	205.0	mood/theme---dark	-0.604000	-0.204000	-0.148000
track_1415105	artist_495779	album_165217	05/1415105.mp3	160.0	mood/theme---advertising	mood/theme---film	mood/theme---inspiring	mood/theme---motivational	0.561000	0.146500	0.330500
track_1415106	artist_495779	album_165217	06/1415106.mp3	144.0	mood/theme---advertising	mood/theme---dramatic	mood/theme---energetic	mood/theme---inspiring	mood/theme---motivational	0.405200	0.380000	0.376000
track_1415107	artist_495779	album_165217	07/1415107.mp3	127.8	mood/theme---inspiring	mood/theme---melodic	0.737500	0.167000	0.179000
track_1415108	artist_495779	album_165217	08/1415108.mp3	173.7	mood/theme---advertising	mood/theme---film	mood/theme---inspiring	mood/theme---melodic	mood/theme---motivational	0.635400	0.164800	0.294000
track_1415307	artist_466627	album_164948	07/1415307.mp3	193.3	mood/theme---love	mood/theme---melodic	0.964500	0.286000	0.191000
track_1415312	artist_004227	album_165241	12/1415312.mp3	318.5	mood/theme---dark	-0.604000	-0.204000	-0.148000
track_1415802	artist_005987	album_165278	02/1415802.mp3	232.8	mood/theme---background	-0.202000	-0.286000	-0.004000
track_1415803	artist_005987	album_165278	03/1415803.mp3	104.0	mood/theme---dream	0.688000	-0.686000	-0.344000
track_1415804	artist_005987	album_165278	04/1415804.mp3	233.7	mood/theme---background	-0.202000	-0.286000	-0.004000
track_1416000	artist_439371	album_165297	00/1416000.mp3	33.1	mood/theme---corporate	0.184000	-0.092000	0.490000
track_1416001	artist_439371	album_165297	01/1416001.mp3	103.6	mood/theme---corporate	0.184000	-0.092000	0.490000
track_1416200	artist_004116	album_163853	00/1416200.mp3	95.9	mood/theme---romantic	mood/theme---sad	0.161000	-0.136000	-0.253000
track_1417805	artist_496831	album_165463	05/1417805.mp3	113.5	mood/theme---happy	0.985000	0.470000	0.390000
track_1417806	artist_496831	album_165463	06/1417806.mp3	116.1	mood/theme---cool	mood/theme---happy	0.877500	0.275000	0.476000
track_1417906	artist_496884	album_165470	06/1417906.mp3	164.5	mood/theme---dark	-0.604000	-0.204000	-0.148000
track_1418110	artist_486224	album_165487	10/1418110.mp3	91.4	mood/theme---action	mood/theme---epic	0.617000	0.611000	0.632000
track_1418302	artist_455057	album_165502	02/1418302.mp3	202.4	mood/theme---love	mood/theme---romantic	mood/theme---uplifting	0.803333	0.164000	0.213333
track_1418303	artist_455057	album_165502	03/1418303.mp3	202.4	mood/theme---mellow	mood/theme---romantic	0.569000	-0.427500	-0.066000
track_1419105	artist_486550	album_165579	05/1419105.mp3	30.0	mood/theme---advertising	mood/theme---background	mood/theme---documentary	mood/theme---film	mood/theme---nature	0.329200	-0.258800	0.174000
track_1419106	artist_486550	album_165579	06/1419106.mp3	30.0	mood/theme---background	mood/theme---corporate	mood/theme---documentary	mood/theme---film	mood/theme---inspiring	0.282800	-0.174800	0.204000
track_1419107	artist_486550	album_165579	07/1419107.mp3	60.0	mood/theme---advertising	mood/theme---documentary	0.244000	-0.179000	0.228000
track_1419108	artist_486550	album_165579	08/1419108.mp3	60.5	mood/theme---background	mood/theme---documentary	mood/theme---inspiring	0.194667	-0.254667	0.132667
track_1419109	artist_486550	album_165579	09/1419109.mp3	90.5	mood/theme---background	mood/theme---corporate	mood/theme---documentary	mood/theme---film	mood/theme---hopeful	0.353200	-0.251200	0.212800
track_1419110	artist_486550	album_165579	10/1419110.mp3	180.1	mood/theme---background	mood/theme---corporate	mood/theme---documentary	mood/theme---hopeful	mood/theme---inspiring	0.332400	-0.228400	0.228400
track_1419912	artist_419285	album_165727	12/1419912.mp3	213.9	mood/theme---slow	-0.286000	-0.927000	-0.708000
track_1420409	artist_497198	album_165677	09/1420409.mp3	215.5	mood/theme---happy	mood/theme---summer	0.804500	0.108000	0.245000
track_1420410	artist_497198	album_165677	10/1420410.mp3	184.8	mood/theme---deep	mood/theme---happy	0.482500	0.208000	0.352000
track_1420411	artist_497198	album_165677	11/1420411.mp3	194.4	mood/theme---funny	mood/theme---happy	0.910500	0.345000	0.261000
track_1420412	artist_497198	album_165677	12/1420412.mp3	200.0	mood/theme---deep	mood/theme---happy	mood/theme---romantic	0.612333	0.159333	0.300000
track_1420500	artist_497198	album_165681	00/1420500.mp3	192.2	mood/theme---deep	mood/theme---happy	mood/theme---summer	0.529667	0.054000	0.268000
track_1420501	artist_497198	album_165681	01/1420501.mp3	277.1	mood/theme---deep	mood/theme---happy	mood/theme---summer	0.529667	0.054000	0.268000
track_1420502	artist_497198	album_165681	02/1420502.mp3	164.0	mood/theme---deep	mood/theme---happy	mood/theme---summer	0.529667	0.054000	0.268000
track_1420503	artist_497198	album_165681	03/1420503.mp3	200.6	mood/theme---deep	mood/theme---happy	mood/theme---summer	0.529667	0.054000	0.268000
track_1420504	artist_497198	album_165681	04/1420504.mp3	137.6	mood/theme---deep	mood/theme---happy	mood/theme---summer	0.529667	0.054000	0.268000
track_1420505	artist_497198	album_165681	05/1420505.mp3	193.2	mood/theme---deep	mood/theme---happy	mood/theme---summer	0.529667	0.054000	0.268000
track_1420506	artist_497198	album_165681	06/1420506.mp3	142.4	mood/theme---happy	mood/theme---summer	0.804500	0.108000	0.245000
track_1420507	artist_497198	album_165681	07/1420507.mp3	133.0	mood/theme---happy	mood/theme---summer	0.804500	0.108000	0.245000
track_1420508	artist_497198	album_165681	08/1420508.mp3	154.5	mood/theme---deep	mood/theme---happy	mood/theme---summer	0.529667	0.054000	0.268000
track_1420509	artist_497198	album_165681	09/1420509.mp3	162.7	mood/theme---deep	mood/theme---happy	mood/theme---summer	0.529667	0.054000	0.268000
track_1420510	artist_497198	album_165681	10/1420510.mp3	182.8	mood/theme---deep	mood/theme---happy	mood/theme---summer	0.529667	0.054000	0.268000
track_1420511	artist_497198	album_165681	11/1420511.mp3	199.7	mood/theme---deep	mood/theme---happy	mood/theme---summer	0.529667	0.054000	0.268000
track_1420512	artist_497200	album_165682	12/1420512.mp3	177.8	mood/theme---deep	mood/theme---summer	0.302000	-0.154000	0.207000
track_1420600	artist_497203	album_165689	00/1420600.mp3	189.0	mood/theme---deep	-0.020000	-0.054000	0.314000
track_1420601	artist_497203	album_165689	01/1420601.mp3	150.8	mood/theme---deep	-0.020000	-0.054000	0.314000
track_1420602	artist_497203	album_165689	02/1420602.mp3	148.5	mood/theme---deep	-0.020000	-0.054000	0.314000
track_1420603	artist_497203	album_165689	03/1420603.mp3	164.6	mood/theme---deep	-0.020000	-0.054000	0.314000
track_1420604	artist_497203	album_165689	04/1420604.mp3	194.0	mood/theme---deep	-0.020000	-0.054000	0.314000
track_1420605	artist_497203	album_165689	05/1420605.mp3	223.8	mood/theme---deep	-0.020000	-0.054000	0.314000
track_1420606	artist_497203	album_165690	06/1420606.mp3	166.8	mood/theme---deep	-0.020000	-0.054000	0.314000
track_1420607	artist_497203	album_165690	07/1420607.mp3	203.5	mood/theme---deep	-0.020000	-0.054000	0.314000
track_1420609	artist_497203	album_165690	09/1420609.mp3	223.9	mood/theme---deep	-0.020000	-0.054000	0.314000
track_1420612	artist_497203	album_165690	12/1420612.mp3	240.0	mood/theme---deep	-0.020000	-0.054000	0.314000
track_1420700	artist_490860	album_165694	00/1420700.mp3	182.9	mood/theme---deep	mood/theme---happy	0.482500	0.208000	0.352000
track_1420701	artist_490860	album_165694	01/1420701.mp3	214.5	mood/theme---funny	mood/theme---happy	mood/theme---romantic	0.897667	0.250667	0.239333
track_1420702	artist_490860	album_165694	02/1420702.mp3	181.0	mood/theme---deep	mood/theme---happy	mood/theme---romantic	0.612333	0.159333	0.300000
track_1420704	artist_490860	album_165694	04/1420704.mp3	177.0	mood/theme---funny	mood/theme---happy	0.910500	0.345000	0.261000
track_1420705	artist_490860	album_165694	05/1420705.mp3	193.4	mood/theme---happy	0.985000	0.470000	0.390000
track_1420706	artist_490860	album_165694	06/1420706.mp3	181.6	mood/theme---deep	mood/theme---happy	mood/theme---summer	0.529667	0.054000	0.268000
track_1420707	artist_490860	album_165694	07/1420707.mp3	165.5	mood/theme---deep	mood/theme---funny	mood/theme---happy	mood/theme---summer	0.606250	0.095500	0.234000
