TRACK_ID	ARTIST_ID	ALBUM_ID	PATH	DURATION	TAGS	V	A	D
track_0006606	artist_000787	album_001009	6606.mp3	224.9	mood/theme---melodic	0.933	0.238	0.148
track_0006607	artist_000787	album_001009	6607.mp3	251.5	mood/theme---melodic	0.933	0.238	0.148
track_0006608	artist_000787	album_001009	6608.mp3	274.3	mood/theme---melodic	0.933	0.238	0.148
track_0006609	artist_000787	album_001009	6609.mp3	239.3	mood/theme---melodic	0.933	0.238	0.148
track_0006610	artist_000787	album_001009	6610.mp3	234.3	mood/theme---melodic	0.933	0.238	0.148
track_0006611	artist_000787	album_001009	6611.mp3	322.2	mood/theme---melodic	0.933	0.238	0.148
track_0007400	artist_001064	album_001115	7400.mp3	146.1	mood/theme---drama	-0.14	0.51	-0.038
track_0007401	artist_001064	album_001115	7401.mp3	132.1	mood/theme---drama	-0.14	0.51	-0.038
track_0011006	artist_001619	album_001628	11006.mp3	361.7	mood/theme---dark	-0.604	-0.204	-0.148
track_0012100	artist_001822	album_001781	12100.mp3	198.3	"mood/theme---energetic	mood/theme---heavy"	0.097	0.322	0.502
track_0012101	artist_001822	album_001781	12101.mp3	237.4	"mood/theme---energetic	mood/theme---heavy"	0.097	0.322	0.502
track_0012102	artist_001822	album_001781	12102.mp3	202.5	"mood/theme---energetic	mood/theme---heavy"	0.097	0.322	0.502
track_0012303	artist_001858	album_001820	12303.mp3	331.9	mood/theme---retro	0.3	-0.448	-0.358
track_0013400	artist_001968	album_001938	13400.mp3	204.9	mood/theme---ballad	0.584	-0.432	-0.152
track_0016000	artist_002324	album_002269	16000.mp3	162.7	"mood/theme---dramatic	mood/theme---epic	mood/theme---powerful	mood/theme---upbeat"	0.4425	0.427	0.53525
track_0016101	artist_002320	album_002284	16101.mp3	374.9	mood/theme---heavy	-0.5	-0.092	0.2
track_0019202	artist_002831	album_002700	19202.mp3	310.9	"mood/theme---meditative	mood/theme---space"	0.414	-0.563	0.027
track_0019203	artist_002831	album_002700	19203.mp3	254.8	"mood/theme---meditative	mood/theme---space"	0.414	-0.563	0.027
track_0019205	artist_002831	album_002700	19205.mp3	273.3	"mood/theme---meditative	mood/theme---space"	0.414	-0.563	0.027
track_0021502	artist_003177	album_003005	21502.mp3	105.9	"mood/theme---fun	mood/theme---positive"	0.877	0.353	0.522
track_0021506	artist_003177	album_003005	21506.mp3	210.1	mood/theme---relaxing	0.708	-0.686	-0.05
track_0021509	artist_003177	album_003005	21509.mp3	95.3	"mood/theme---positive	mood/theme---relaxing"	0.813	-0.333	0.33
track_0022101	artist_000587	album_003080	22101.mp3	187.1	mood/theme---dark	-0.604	-0.204	-0.148
track_0026403	artist_003944	album_003615	26403.mp3	176.5	mood/theme---inspiring	0.542	0.096	0.21
track_0026404	artist_003944	album_003615	26404.mp3	171.4	"mood/theme---documentary	mood/theme---emotional	mood/theme---romantic"	0.558	-0.028	0.146667
track_0026405	artist_003944	album_003615	26405.mp3	241.0	"mood/theme---melancholic	mood/theme---sad"	-0.594	-0.361	-0.574
track_0031207	artist_004347	album_003910	31207.mp3	343.9	mood/theme---dream	0.688	-0.686	-0.344
track_0031208	artist_004347	album_003910	31208.mp3	468.6	mood/theme---dream	0.688	-0.686	-0.344
track_0031209	artist_004347	album_003910	31209.mp3	264.0	mood/theme---dream	0.688	-0.686	-0.344
track_0031210	artist_004347	album_003910	31210.mp3	154.4	mood/theme---dream	0.688	-0.686	-0.344
track_0034008	artist_004729	album_004177	34008.mp3	190.1	"mood/theme---meditative	mood/theme---relaxing"	0.468	-0.723	-0.071
track_0034009	artist_004729	album_004177	34009.mp3	172.3	"mood/theme---meditative	mood/theme---relaxing"	0.468	-0.723	-0.071
track_0034010	artist_004729	album_004177	34010.mp3	169.2	"mood/theme---meditative	mood/theme---relaxing"	0.468	-0.723	-0.071
track_0036708	artist_005126	album_004490	36708.mp3	338.1	mood/theme---dark	-0.604	-0.204	-0.148
track_0036709	artist_005126	album_004490	36709.mp3	354.6	mood/theme---dark	-0.604	-0.204	-0.148
track_0036710	artist_005126	album_004490	36710.mp3	471.1	mood/theme---dark	-0.604	-0.204	-0.148
track_0036711	artist_005126	album_004490	36711.mp3	384.1	mood/theme---dark	-0.604	-0.204	-0.148
track_0036712	artist_005126	album_004490	36712.mp3	580.1	mood/theme---dark	-0.604	-0.204	-0.148
track_0045605	artist_006278	album_005471	45605.mp3	204.0	"mood/theme---dark	mood/theme---dream"	0.042	-0.445	-0.246
track_0045607	artist_006278	album_005471	45607.mp3	209.8	"mood/theme---dark	mood/theme---dream"	0.042	-0.445	-0.246
track_0047400	artist_005721	album_005726	47400.mp3	268.1	mood/theme---dream	0.688	-0.686	-0.344
track_0047401	artist_005721	album_005726	47401.mp3	296.0	mood/theme---dream	0.688	-0.686	-0.344
track_0047402	artist_005721	album_005726	47402.mp3	124.5	mood/theme---dream	0.688	-0.686	-0.344
track_0047403	artist_005721	album_005726	47403.mp3	87.9	mood/theme---dream	0.688	-0.686	-0.344
track_0047404	artist_005721	album_005726	47404.mp3	62.5	"mood/theme---dream	mood/theme---melancholic"	0.025	-0.537	-0.395
track_0049100	artist_006808	album_005959	49100.mp3	276.0	mood/theme---meditative	0.228	-0.76	-0.092
track_0074000	artist_005240	album_006561	74000.mp3	352.2	"mood/theme---adventure	mood/theme---corporate"	0.509	0.311	0.455
track_0074001	artist_005240	album_006561	74001.mp3	240.8	"mood/theme---adventure	mood/theme---corporate"	0.509	0.311	0.455
track_0078304	artist_007872	album_007098	78304.mp3	228.5	"mood/theme---drama	mood/theme---emotional	mood/theme---horror	mood/theme---melodic"	0.14525	0.469	0.0095
track_0078305	artist_007872	album_007098	78305.mp3	199.5	"mood/theme---adventure	mood/theme---drama	mood/theme---emotional"	0.417333	0.550667	0.144667
track_0078306	artist_007872	album_007098	78306.mp3	210.1	"mood/theme---dark	mood/theme---drama	mood/theme---dream	mood/theme---emotional"	0.1255	0.012	-0.1195
track_0078307	artist_007872	album_007098	78307.mp3	235.5	"mood/theme---ballad	mood/theme---drama	mood/theme---emotional	mood/theme---sad"	0.113	0.043	-0.21
track_0078308	artist_007872	album_007098	78308.mp3	267.4	"mood/theme---adventure	mood/theme---drama	mood/theme---emotional"	0.417333	0.550667	0.144667
track_0078309	artist_007872	album_007098	78309.mp3	212.0	"mood/theme---adventure	mood/theme---drama"	0.347	0.612	0.191
track_0078310	artist_007872	album_007098	78310.mp3	233.2	"mood/theme---adventure	mood/theme---drama	mood/theme---emotional	mood/theme---horror"	0.1205	0.588	0.0775
track_0078311	artist_007872	album_007098	78311.mp3	186.2	"mood/theme---ballad	mood/theme---drama	mood/theme---emotional	mood/theme---soft"	0.3805	-0.034	-0.1685
track_0078312	artist_007872	album_007098	78312.mp3	183.5	"mood/theme---adventure	mood/theme---travel"	0.848	0.546	0.245
track_0080500	artist_001935	album_007365	80500.mp3	129.3	mood/theme---mellow	0.266	-0.917	-0.328
track_0080501	artist_001935	album_007365	80501.mp3	193.6	mood/theme---mellow	0.266	-0.917	-0.328
track_0080502	artist_001935	album_007365	80502.mp3	129.0	mood/theme---mellow	0.266	-0.917	-0.328
track_0080503	artist_001935	album_007365	80503.mp3	153.1	mood/theme---mellow	0.266	-0.917	-0.328
track_0080504	artist_001935	album_007365	80504.mp3	111.9	mood/theme---mellow	0.266	-0.917	-0.328
track_0080505	artist_001935	album_007365	80505.mp3	197.0	mood/theme---mellow	0.266	-0.917	-0.328
track_0080506	artist_001935	album_007365	80506.mp3	117.4	mood/theme---mellow	0.266	-0.917	-0.328
track_0080507	artist_001935	album_007365	80507.mp3	151.2	mood/theme---mellow	0.266	-0.917	-0.328
track_0080508	artist_001935	album_007365	80508.mp3	237.3	mood/theme---mellow	0.266	-0.917	-0.328
track_0080509	artist_001935	album_007365	80509.mp3	193.6	mood/theme---mellow	0.266	-0.917	-0.328
track_0082808	artist_003471	album_007631	82808.mp3	148.0	mood/theme---ballad	0.584	-0.432	-0.152
track_0086200	artist_005071	album_008272	86200.mp3	122.8	mood/theme---calm	0.75	-0.9	-0.373
track_0089808	artist_007982	album_008697	89808.mp3	152.0	mood/theme---cool	0.77	0.08	0.562
track_0094710	artist_007063	album_009604	94710.mp3	235.4	mood/theme---drama	-0.14	0.51	-0.038
track_0095400	artist_005361	album_009723	95400.mp3	97.0	mood/theme---dark	-0.604	-0.204	-0.148
track_0095408	artist_005361	album_009723	95408.mp3	92.3	mood/theme---soft	0.52	-0.642	-0.536
track_0095411	artist_005361	album_009723	95411.mp3	110.9	mood/theme---soft	0.52	-0.642	-0.536
track_0095612	artist_336764	album_009831	95612.mp3	253.5	mood/theme---happy	0.985	0.47	0.39
track_0099810	artist_001336	album_010924	99810.mp3	330.4	"mood/theme---dark	mood/theme---slow"	-0.445	-0.5655	-0.428
track_0099811	artist_001336	album_010924	99811.mp3	316.9	"mood/theme---dark	mood/theme---slow"	-0.445	-0.5655	-0.428
track_0099812	artist_001336	album_010924	99812.mp3	318.9	"mood/theme---dark	mood/theme---slow"	-0.445	-0.5655	-0.428
track_0100603	artist_336984	album_011091	100603.mp3	151.5	mood/theme---advertising	0.244	0.216	0.264
track_0100610	artist_336984	album_011091	100610.mp3	203.1	mood/theme---advertising	0.244	0.216	0.264
track_0108505	artist_007392	album_013067	108505.mp3	448.5	mood/theme---cool	0.77	0.08	0.562
track_0111012	artist_004116	album_013948	111012.mp3	462.7	"mood/theme---energetic	mood/theme---happy"	0.8395	0.603	0.597
track_0114200	artist_006819	album_014943	114200.mp3	244.8	mood/theme---relaxing	0.708	-0.686	-0.05
track_0114201	artist_006819	album_014943	114201.mp3	291.4	mood/theme---relaxing	0.708	-0.686	-0.05
track_0116600	artist_006186	album_015574	116600.mp3	703.8	mood/theme---meditative	0.228	-0.76	-0.092
track_0117800	artist_337576	album_015799	117800.mp3	259.0	mood/theme---meditative	0.228	-0.76	-0.092
track_0128300	artist_337907	album_018111	128300.mp3	90.1	"mood/theme---calm	mood/theme---dream	mood/theme---emotional"	0.665333	-0.386	-0.221667
track_0128301	artist_337907	album_018111	128301.mp3	130.5	"mood/theme---calm	mood/theme---emotional"	0.654	-0.236	-0.1605
track_0128306	artist_337907	album_018111	128306.mp3	91.2	mood/theme---groovy	0.23	0.076	-0.072
track_0128307	artist_337907	album_018111	128307.mp3	87.2	mood/theme---groovy	0.23	0.076	-0.072
track_0128308	artist_337907	album_018111	128308.mp3	141.6	mood/theme---groovy	0.23	0.076	-0.072
track_0132205	artist_338059	album_018692	132205.mp3	205.6	mood/theme---dream	0.688	-0.686	-0.344
track_0132206	artist_338059	album_018692	132206.mp3	322.2	mood/theme---dream	0.688	-0.686	-0.344
track_0132207	artist_338059	album_018692	132207.mp3	272.3	mood/theme---dream	0.688	-0.686	-0.344
track_0133600	artist_007063	album_018982	133600.mp3	165.0	"mood/theme---energetic	mood/theme---sport"	0.712	0.568	0.559
track_0141800	artist_338444	album_020266	141800.mp3	461.4	"mood/theme---deep	mood/theme---soundscape"	0.344	-0.37	0.132
track_0146600	artist_338059	album_020957	146600.mp3	240.4	mood/theme---dream	0.688	-0.686	-0.344
track_0146602	artist_338059	album_020957	146602.mp3	218.0	mood/theme---dream	0.688	-0.686	-0.344
track_0146605	artist_338059	album_020957	146605.mp3	217.8	mood/theme---dream	0.688	-0.686	-0.344
track_0146606	artist_338059	album_020957	146606.mp3	313.7	mood/theme---dream	0.688	-0.686	-0.344
track_0146607	artist_338059	album_020957	146607.mp3	60.0	mood/theme---dream	0.688	-0.686	-0.344
track_0147504	artist_338677	album_021156	147504.mp3	321.9	mood/theme---retro	0.3	-0.448	-0.358
track_0152712	artist_338660	album_021772	152712.mp3	63.2	mood/theme---ambiental	0.708	-0.686	-0.05
track_0153400	artist_003177	album_021883	153400.mp3	290.7	"mood/theme---meditative	mood/theme---space"	0.414	-0.563	0.027
track_0155502	artist_338660	album_022323	155502.mp3	212.0	mood/theme---ambiental	0.708	-0.686	-0.05
track_0155503	artist_338660	album_022323	155503.mp3	210.9	mood/theme---ambiental	0.708	-0.686	-0.05
track_0155504	artist_338660	album_022323	155504.mp3	329.3	mood/theme---ambiental	0.708	-0.686	-0.05
track_0155505	artist_338660	album_022323	155505.mp3	222.2	mood/theme---ambiental	0.708	-0.686	-0.05
track_0155506	artist_338660	album_022323	155506.mp3	132.6	mood/theme---ambiental	0.708	-0.686	-0.05
track_0155507	artist_338660	album_022323	155507.mp3	361.0	mood/theme---ambiental	0.708	-0.686	-0.05
track_0155508	artist_338660	album_022323	155508.mp3	375.4	mood/theme---ambiental	0.708	-0.686	-0.05
track_0155509	artist_338660	album_022323	155509.mp3	147.5	mood/theme---ambiental	0.708	-0.686	-0.05
track_0155510	artist_338660	album_022323	155510.mp3	254.9	mood/theme---ambiental	0.708	-0.686	-0.05
track_0155511	artist_338660	album_022323	155511.mp3	54.6	mood/theme---ambiental	0.708	-0.686	-0.05
track_0155512	artist_338660	album_022323	155512.mp3	202.9	mood/theme---ambiental	0.708	-0.686	-0.05
track_0158611	artist_338660	album_022804	158611.mp3	160.2	mood/theme---ambiental	0.708	-0.686	-0.05
track_0158612	artist_338660	album_022804	158612.mp3	269.5	mood/theme---ambiental	0.708	-0.686	-0.05
track_0159207	artist_339226	album_022879	159207.mp3	224.6	mood/theme---melodic	0.933	0.238	0.148
track_0159801	artist_007506	album_022948	159801.mp3	433.6	"mood/theme---background	mood/theme---film"	0.222	-0.152	0.064
track_0159807	artist_007506	album_022948	159807.mp3	376.6	"mood/theme---background	mood/theme---film"	0.222	-0.152	0.064
track_0165309	artist_339383	album_024226	165309.mp3	366.5	"mood/theme---melodic	mood/theme---relaxing"	0.8205	-0.224	0.049
track_0165311	artist_339383	album_024226	165311.mp3	240.0	mood/theme---melodic	0.933	0.238	0.148
track_0166604	artist_339527	album_024435	166604.mp3	183.3	"mood/theme---ballad	mood/theme---sad"	0.017	-0.383	-0.427
track_0166607	artist_339527	album_024435	166607.mp3	212.2	mood/theme---romantic	0.872	0.062	0.196
track_0168800	artist_338660	album_024809	168800.mp3	278.0	mood/theme---ambiental	0.708	-0.686	-0.05
track_0168801	artist_338660	album_024809	168801.mp3	370.7	mood/theme---ambiental	0.708	-0.686	-0.05
track_0168802	artist_338660	album_024809	168802.mp3	136.2	mood/theme---ambiental	0.708	-0.686	-0.05
track_0168803	artist_338660	album_024809	168803.mp3	376.0	mood/theme---ambiental	0.708	-0.686	-0.05
track_0168805	artist_338660	album_024809	168805.mp3	100.8	mood/theme---ambiental	0.708	-0.686	-0.05
track_0168806	artist_338660	album_024809	168806.mp3	299.2	mood/theme---ambiental	0.708	-0.686	-0.05
track_0168807	artist_338660	album_024809	168807.mp3	248.7	mood/theme---ambiental	0.708	-0.686	-0.05
track_0168808	artist_338660	album_024809	168808.mp3	316.4	mood/theme---ambiental	0.708	-0.686	-0.05
track_0168809	artist_338660	album_024809	168809.mp3	158.0	mood/theme---ambiental	0.708	-0.686	-0.05
track_0168810	artist_338660	album_024809	168810.mp3	94.0	mood/theme---ambiental	0.708	-0.686	-0.05
track_0168811	artist_338660	album_024809	168811.mp3	268.5	mood/theme---ambiental	0.708	-0.686	-0.05
track_0168812	artist_338660	album_024809	168812.mp3	208.3	mood/theme---ambiental	0.708	-0.686	-0.05
track_0184207	artist_340347	album_027615	184207.mp3	144.4	mood/theme---ambiental	0.708	-0.686	-0.05
track_0202200	artist_008094	album_030054	202200.mp3	315.9	mood/theme---film	0.646	-0.018	0.132
track_0202201	artist_008094	album_030054	202201.mp3	296.9	mood/theme---film	0.646	-0.018	0.132
track_0202205	artist_008094	album_030054	202205.mp3	221.7	mood/theme---film	0.646	-0.018	0.132
track_0202208	artist_008094	album_030054	202208.mp3	396.1	mood/theme---film	0.646	-0.018	0.132
track_0206000	artist_341323	album_030556	206000.mp3	262.8	"mood/theme---documentary	mood/theme---drama"	0.052	-0.032	0.077
track_0206006	artist_341323	album_030556	206006.mp3	182.0	mood/theme---energetic	0.694	0.736	0.804
track_0206011	artist_341323	album_030556	206011.mp3	211.2	mood/theme---energetic	0.694	0.736	0.804
track_0207501	artist_341393	album_030719	207501.mp3	208.8	"mood/theme---emotional	mood/theme---energetic"	0.626	0.582	0.428
track_0207506	artist_341393	album_030719	207506.mp3	223.6	"mood/theme---emotional	mood/theme---energetic"	0.626	0.582	0.428
track_0209006	artist_341393	album_030932	209006.mp3	224.8	mood/theme---emotional	0.558	0.428	0.052
track_0209102	artist_341393	album_030932	209102.mp3	227.3	mood/theme---emotional	0.558	0.428	0.052
track_0211412	artist_341393	album_031222	211412.mp3	245.4	mood/theme---energetic	0.694	0.736	0.804
track_0216906	artist_000989	album_031856	216906.mp3	147.3	mood/theme---meditative	0.228	-0.76	-0.092
track_0217705	artist_339226	album_032199	217705.mp3	196.7	mood/theme---melodic	0.933	0.238	0.148
track_0217706	artist_339226	album_032199	217706.mp3	228.0	mood/theme---melodic	0.933	0.238	0.148
track_0217709	artist_339226	album_032199	217709.mp3	259.4	mood/theme---dark	-0.604	-0.204	-0.148
track_0230805	artist_341393	album_034020	230805.mp3	214.0	mood/theme---emotional	0.558	0.428	0.052
track_0230903	artist_341393	album_034020	230903.mp3	223.2	mood/theme---emotional	0.558	0.428	0.052
track_0230905	artist_341393	album_034020	230905.mp3	208.0	mood/theme---emotional	0.558	0.428	0.052
track_0231611	artist_337114	album_034119	231611.mp3	390.2	mood/theme---melancholic	-0.638	-0.388	-0.446
track_0236401	artist_002208	album_034523	236401.mp3	220.0	mood/theme---ballad	0.584	-0.432	-0.152
track_0238201	artist_343280	album_034729	238201.mp3	122.0	mood/theme---romantic	0.872	0.062	0.196
track_0238202	artist_343280	album_034729	238202.mp3	100.6	mood/theme---romantic	0.872	0.062	0.196
track_0238203	artist_343280	album_034729	238203.mp3	96.2	mood/theme---romantic	0.872	0.062	0.196
track_0238204	artist_343280	album_034729	238204.mp3	163.2	mood/theme---romantic	0.872	0.062	0.196
track_0242212	artist_337786	album_035203	242212.mp3	183.0	mood/theme---dark	-0.604	-0.204	-0.148
track_0242410	artist_343767	album_035540	242410.mp3	296.2	mood/theme---dream	0.688	-0.686	-0.344
track_0242610	artist_343767	album_035540	242610.mp3	245.2	mood/theme---dream	0.688	-0.686	-0.344
track_0245406	artist_007506	album_035527	245406.mp3	270.5	"mood/theme---background	mood/theme---film"	0.222	-0.152	0.064
track_0245501	artist_343767	album_035540	245501.mp3	189.4	mood/theme---dream	0.688	-0.686	-0.344
track_0248009	artist_344700	album_035836	248009.mp3	585.0	"mood/theme---meditative	mood/theme---space"	0.414	-0.563	0.027
track_0248109	artist_002444	album_035882	248109.mp3	349.8	"mood/theme---dream	mood/theme---mellow	mood/theme---relaxing"	0.554	-0.763	-0.240667
track_0250100	artist_004965	album_036034	250100.mp3	1267.0	mood/theme---dream	0.688	-0.686	-0.344
track_0251100	artist_004965	album_036179	251100.mp3	817.7	mood/theme---dream	0.688	-0.686	-0.344
track_0257205	artist_345727	album_036872	257205.mp3	285.3	mood/theme---deep	-0.02	-0.054	0.314
track_0260307	artist_005217	album_037271	260307.mp3	211.3	mood/theme---calm	0.75	-0.9	-0.373
track_0260311	artist_005217	album_037271	260311.mp3	201.5	mood/theme---fast	0.25	0.358	0.29
track_0261812	artist_339202	album_037432	261812.mp3	388.6	mood/theme---dream	0.688	-0.686	-0.344
track_0264302	artist_007625	album_037710	264302.mp3	537.6	"mood/theme---deep	mood/theme---sad"	-0.285	-0.194	-0.194
track_0267904	artist_341323	album_038075	267904.mp3	120.0	"mood/theme---commercial	mood/theme---documentary"	0.428	-0.297	0.124
track_0268310	artist_004118	album_038133	268310.mp3	162.0	mood/theme---ambiental	0.708	-0.686	-0.05
track_0268311	artist_004118	album_038133	268311.mp3	96.4	mood/theme---ambiental	0.708	-0.686	-0.05
track_0268312	artist_004118	album_038133	268312.mp3	268.1	mood/theme---ambiental	0.708	-0.686	-0.05
track_0277804	artist_347359	album_039102	277804.mp3	227.4	mood/theme---emotional	0.558	0.428	0.052
track_0277806	artist_347359	album_039102	277806.mp3	229.6	"mood/theme---adventure	mood/theme---emotional"	0.696	0.571	0.236
track_0283205	artist_003581	album_039547	283205.mp3	133.3	"mood/theme---game	mood/theme---happy"	0.7275	0.523	0.188
track_0283809	artist_337114	album_039796	283809.mp3	285.3	mood/theme---drama	-0.14	0.51	-0.038
track_0290511	artist_347845	album_040199	290511.mp3	244.0	mood/theme---relaxing	0.708	-0.686	-0.05
track_0292501	artist_005117	album_040370	292501.mp3	171.1	"mood/theme---epic	mood/theme---inspiring	mood/theme---powerful	mood/theme---uplifting"	0.591	0.3195	0.51775
track_0313811	artist_338437	album_042473	313811.mp3	250.0	mood/theme---cool	0.77	0.08	0.562
track_0313812	artist_338437	album_042473	313812.mp3	287.1	mood/theme---cool	0.77	0.08	0.562
track_0316203	artist_349009	album_042739	316203.mp3	204.1	"mood/theme---energetic	mood/theme---movie"	0.639	0.428	0.373
track_0316204	artist_349009	album_042739	316204.mp3	176.0	"mood/theme---energetic	mood/theme---movie"	0.639	0.428	0.373
track_0316205	artist_349009	album_042739	316205.mp3	276.9	"mood/theme---energetic	mood/theme---movie"	0.639	0.428	0.373
track_0316206	artist_349009	album_042739	316206.mp3	216.1	"mood/theme---energetic	mood/theme---movie"	0.639	0.428	0.373
track_0318710	artist_337114	album_043033	318710.mp3	253.6	"mood/theme---nature	mood/theme---soft"	0.617	-0.637	-0.125
track_0324611	artist_336871	album_043607	324611.mp3	274.4	mood/theme---ballad	0.584	-0.432	-0.152
track_0324612	artist_336871	album_043607	324612.mp3	300.7	"mood/theme---ballad	mood/theme---melodic"	0.7585	-0.097	-0.002
track_0329405	artist_349709	album_044182	329405.mp3	178.1	"mood/theme---film	mood/theme---inspiring	mood/theme---relaxing"	0.632	-0.202667	0.097333
track_0338209	artist_004965	album_044813	338209.mp3	720.4	mood/theme---meditative	0.228	-0.76	-0.092
track_0340512	artist_344700	album_044997	340512.mp3	756.0	"mood/theme---meditative	mood/theme---relaxing"	0.468	-0.723	-0.071
track_0341608	artist_350184	album_045086	341608.mp3	199.1	mood/theme---melodic	0.933	0.238	0.148
track_0345903	artist_336871	album_045486	345903.mp3	270.3	mood/theme---cool	0.77	0.08	0.562
track_0345905	artist_336871	album_045486	345905.mp3	230.0	mood/theme---melodic	0.933	0.238	0.148
track_0345908	artist_336871	album_045486	345908.mp3	257.5	"mood/theme---meditative	mood/theme---slow"	-0.029	-0.8435	-0.4
track_0345909	artist_336871	album_045486	345909.mp3	280.7	"mood/theme---cool	mood/theme---slow"	0.242	-0.4235	-0.073
track_0345910	artist_336871	album_045486	345910.mp3	274.1	mood/theme---ballad	0.584	-0.432	-0.152
track_0345911	artist_336871	album_045486	345911.mp3	213.6	mood/theme---cool	0.77	0.08	0.562
track_0347604	artist_341393	album_045709	347604.mp3	262.6	"mood/theme---emotional	mood/theme---soft"	0.539	-0.107	-0.242
track_0348704	artist_350519	album_045760	348704.mp3	286.6	mood/theme---party	0.896	0.68	0.094
track_0357511	artist_002741	album_046520	357511.mp3	249.1	mood/theme---inspiring	0.542	0.096	0.21
track_0357512	artist_002741	album_046520	357512.mp3	352.8	mood/theme---inspiring	0.542	0.096	0.21
track_0360810	artist_341968	album_046778	360810.mp3	215.4	mood/theme---commercial	0.612	-0.02	0.056
track_0361002	artist_343767	album_046816	361002.mp3	230.7	mood/theme---dream	0.688	-0.686	-0.344
track_0361003	artist_343767	album_046816	361003.mp3	332.8	mood/theme---dream	0.688	-0.686	-0.344
track_0361701	artist_343564	album_047808	361701.mp3	299.4	mood/theme---heavy	-0.5	-0.092	0.2
track_0366006	artist_348291	album_047223	366006.mp3	245.1	mood/theme---melancholic	-0.638	-0.388	-0.446
track_0366009	artist_348291	album_047223	366009.mp3	222.7	"mood/theme---ballad	mood/theme---hopeful"	0.739	-0.359	0.051
track_0366011	artist_348291	album_047223	366011.mp3	213.8	"mood/theme---ballad	mood/theme---hopeful	mood/theme---melancholic	mood/theme---sad"	0.0725	-0.36	-0.2615
track_0366012	artist_348291	album_047223	366012.mp3	165.8	mood/theme---dark	-0.604	-0.204	-0.148
track_0369905	artist_004934	album_047529	369905.mp3	261.4	"mood/theme---happy	mood/theme---love	mood/theme---summer"	0.868333	0.183333	0.241333
track_0369908	artist_004934	album_047529	369908.mp3	309.0	mood/theme---deep	-0.02	-0.054	0.314
track_0369910	artist_004934	album_047529	369910.mp3	194.6	mood/theme---movie	0.584	0.12	-0.058
track_0373302	artist_340121	album_047767	373302.mp3	273.1	mood/theme---meditative	0.228	-0.76	-0.092
track_0376310	artist_350876	album_048048	376310.mp3	110.9	"mood/theme---dream	mood/theme---space"	0.644	-0.526	-0.099
track_0378211	artist_351326	album_048169	378211.mp3	423.8	mood/theme---soundscape	0.708	-0.686	-0.05
track_0378605	artist_351691	album_048197	378605.mp3	302.4	mood/theme---ballad	0.584	-0.432	-0.152
track_0380612	artist_351588	album_048352	380612.mp3	528.1	mood/theme---space	0.6	-0.366	0.146
track_0385608	artist_005801	album_048731	385608.mp3	243.9	"mood/theme---epic	mood/theme---inspiring	mood/theme---upbeat"	0.670667	0.194667	0.491333
track_0387400	artist_003944	album_048890	387400.mp3	168.2	"mood/theme---dark	mood/theme---inspiring	mood/theme---relaxing"	0.215333	-0.264667	0.004
track_0387401	artist_003944	album_048890	387401.mp3	129.8	"mood/theme---emotional	mood/theme---melancholic"	-0.04	0.02	-0.197
track_0387403	artist_003944	album_048890	387403.mp3	276.2	mood/theme---inspiring	0.542	0.096	0.21
track_0387412	artist_003944	album_048892	387412.mp3	48.0	mood/theme---inspiring	0.542	0.096	0.21
track_0387501	artist_352042	album_048909	387501.mp3	218.0	"mood/theme---dream	mood/theme---love	mood/theme---melancholic	mood/theme---romantic"	0.4795	-0.1695	-0.09
track_0387508	artist_352042	album_048909	387508.mp3	279.6	mood/theme---powerful	0.566	0.66	0.991
track_0387511	artist_352042	album_048909	387511.mp3	261.1	"mood/theme---dark	mood/theme---dramatic	mood/theme---emotional	mood/theme---powerful"	0.0635	0.361	0.19525
track_0389702	artist_352100	album_049110	389702.mp3	185.3	mood/theme---game	0.47	0.576	-0.014
track_0390000	artist_003786	album_049125	390000.mp3	159.5	"mood/theme---happy	mood/theme---hopeful	mood/theme---positive"	0.932333	0.068	0.451333
track_0390001	artist_003786	album_049125	390001.mp3	177.6	"mood/theme---hopeful	mood/theme---inspiring"	0.718	-0.095	0.232
track_0390002	artist_003786	album_049125	390002.mp3	153.6	"mood/theme---children	mood/theme---inspiring"	0.628	0.086	0.04
track_0390003	artist_003786	album_049125	390003.mp3	136.9	"mood/theme---film	mood/theme---hopeful"	0.77	-0.152	0.193
track_0390004	artist_003786	album_049125	390004.mp3	193.8	mood/theme---sad	-0.55	-0.334	-0.702
track_0391307	artist_342618	album_049247	391307.mp3	228.1	mood/theme---film	0.646	-0.018	0.132
track_0392210	artist_352224	album_049317	392210.mp3	207.3	mood/theme---melodic	0.933	0.238	0.148
track_0395005	artist_352335	album_049542	395005.mp3	315.5	"mood/theme---mellow	mood/theme---space"	0.433	-0.6415	-0.091
track_0399200	artist_003944	album_049823	399200.mp3	273.1	"mood/theme---happy	mood/theme---inspiring	mood/theme---uplifting"	0.689667	0.220667	0.27
track_0399201	artist_003944	album_049823	399201.mp3	206.5	"mood/theme---mellow	mood/theme---relaxing	mood/theme---romantic"	0.615333	-0.513667	-0.060667
track_0399202	artist_003944	album_049823	399202.mp3	220.6	"mood/theme---mellow	mood/theme---romantic"	0.569	-0.4275	-0.066
track_0399203	artist_003944	album_049823	399203.mp3	248.1	mood/theme---positive	0.918	0.02	0.71
track_0399204	artist_003944	album_049823	399204.mp3	264.9	"mood/theme---happy	mood/theme---positive"	0.9515	0.245	0.55
track_0399401	artist_008094	album_049846	399401.mp3	326.0	mood/theme---film	0.646	-0.018	0.132
track_0399500	artist_008094	album_049846	399500.mp3	268.0	mood/theme---film	0.646	-0.018	0.132
track_0400107	artist_352042	album_049887	400107.mp3	751.8	"mood/theme---dark	mood/theme---meditative"	-0.188	-0.482	-0.12
track_0429005	artist_006237	album_052257	429005.mp3	201.0	mood/theme---ballad	0.584	-0.432	-0.152
track_0429007	artist_006237	album_052257	429007.mp3	199.4	"mood/theme---ballad	mood/theme---slow"	0.149	-0.6795	-0.43
track_0432804	artist_353741	album_052546	432804.mp3	198.9	mood/theme---sport	0.73	0.4	0.314
track_0442602	artist_336426	album_053442	442602.mp3	304.0	mood/theme---film	0.646	-0.018	0.132
track_0461012	artist_352042	album_054952	461012.mp3	281.5	mood/theme---powerful	0.566	0.66	0.991
track_0468500	artist_355519	album_056395	468500.mp3	237.2	"mood/theme---christmas	mood/theme---holiday"	0.907	-0.049	0.334
track_0476802	artist_352042	album_056244	476802.mp3	188.7	"mood/theme---emotional	mood/theme---inspiring	mood/theme---love	mood/theme---melancholic	mood/theme---soft"	0.3956	-0.0344	-0.0972
track_0476810	artist_352042	album_056244	476810.mp3	162.8	mood/theme---deep	-0.02	-0.054	0.314
track_0477305	artist_355362	album_056298	477305.mp3	223.7	"mood/theme---corporate	mood/theme---positive	mood/theme---relaxing"	0.603333	-0.252667	0.383333
track_0477306	artist_355362	album_056298	477306.mp3	383.3	mood/theme---epic	0.714	0.426	0.66
track_0477307	artist_355362	album_056298	477307.mp3	333.2	"mood/theme---drama	mood/theme---dramatic	mood/theme---emotional	mood/theme---melancholic	mood/theme---sad"	-0.2072	0.1552	-0.2496
track_0477308	artist_355362	album_056298	477308.mp3	425.1	mood/theme---epic	0.714	0.426	0.66
track_0477309	artist_355362	album_056298	477309.mp3	210.2	"mood/theme---action	mood/theme---adventure	mood/theme---epic	mood/theme---positive"	0.7465	0.489	0.5985
track_0477310	artist_355362	album_056298	477310.mp3	66.9	"mood/theme---calm	mood/theme---melancholic	mood/theme---romantic	mood/theme---sad"	0.1085	-0.39	-0.33125
track_0477311	artist_355362	album_056298	477311.mp3	130.2	"mood/theme---corporate	mood/theme---relaxing	mood/theme---romantic"	0.588	-0.238667	0.212
track_0477312	artist_355362	album_056298	477312.mp3	110.0	"mood/theme---action	mood/theme---epic"	0.617	0.611	0.632
track_0480707	artist_355612	album_056666	480707.mp3	240.0	mood/theme---cool	0.77	0.08	0.562
track_0480712	artist_355612	album_056666	480712.mp3	183.0	mood/theme---cool	0.77	0.08	0.562
track_0481709	artist_341393	album_056768	481709.mp3	306.3	"mood/theme---emotional	mood/theme---romantic	mood/theme---soft"	0.65	-0.050667	-0.096
track_0501200	artist_353316	album_058672	501200.mp3	208.0	mood/theme---emotional	0.558	0.428	0.052
track_0501300	artist_356144	album_058685	501300.mp3	103.9	mood/theme---romantic	0.872	0.062	0.196
track_0506100	artist_356362	album_059347	506100.mp3	233.3	mood/theme---game	0.47	0.576	-0.014
track_0530904	artist_357887	album_061979	530904.mp3	325.9	mood/theme---dream	0.688	-0.686	-0.344
track_0530905	artist_357887	album_061979	530905.mp3	317.3	mood/theme---dream	0.688	-0.686	-0.344
track_0530906	artist_357887	album_061979	530906.mp3	212.9	mood/theme---dream	0.688	-0.686	-0.344
track_0530907	artist_357887	album_061979	530907.mp3	196.6	mood/theme---dream	0.688	-0.686	-0.344
track_0541009	artist_358348	album_063088	541009.mp3	192.9	mood/theme---dark	-0.604	-0.204	-0.148
track_0541010	artist_358348	album_063088	541010.mp3	130.1	mood/theme---dark	-0.604	-0.204	-0.148
track_0541011	artist_358348	album_063088	541011.mp3	154.8	mood/theme---dark	-0.604	-0.204	-0.148
track_0541012	artist_358348	album_063088	541012.mp3	156.6	mood/theme---dark	-0.604	-0.204	-0.148
track_0554901	artist_006417	album_064534	554901.mp3	244.6	mood/theme---nature	0.714	-0.632	0.286
track_0579302	artist_004116	album_067400	579302.mp3	233.4	mood/theme---action	0.52	0.796	0.604
track_0579303	artist_004116	album_067400	579303.mp3	220.0	"mood/theme---epic	mood/theme---happy"	0.8495	0.448	0.525
track_0579304	artist_004116	album_067400	579304.mp3	162.8	"mood/theme---calm	mood/theme---happy"	0.8675	-0.215	0.0085
track_0579308	artist_004116	album_067400	579308.mp3	145.9	"mood/theme---action	mood/theme---calm	mood/theme---romantic"	0.714	-0.014	0.142333
track_0579312	artist_004116	album_067400	579312.mp3	191.3	"mood/theme---sad	mood/theme---space"	0.025	-0.35	-0.278
track_0579912	artist_007063	album_066860	579912.mp3	173.8	mood/theme---commercial	0.612	-0.02	0.056
track_0587000	artist_337114	album_067874	587000.mp3	203.3	mood/theme---relaxing	0.708	-0.686	-0.05
track_0588700	artist_337114	album_067874	588700.mp3	228.6	"mood/theme---background	mood/theme---relaxing	mood/theme---soft"	0.342	-0.538	-0.196667
track_0588701	artist_337114	album_067874	588701.mp3	228.6	"mood/theme---christmas	mood/theme---melodic	mood/theme---relaxing	mood/theme---upbeat"	0.82875	-0.0865	0.296
track_0588703	artist_337114	album_067874	588703.mp3	143.8	mood/theme---melodic	0.933	0.238	0.148
track_0588704	artist_337114	album_067874	588704.mp3	174.2	mood/theme---relaxing	0.708	-0.686	-0.05
track_0588705	artist_337114	album_067874	588705.mp3	188.6	"mood/theme---christmas	mood/theme---relaxing	mood/theme---upbeat"	0.794	-0.194667	0.345333
track_0588706	artist_337114	album_067874	588706.mp3	313.4	"mood/theme---drama	mood/theme---melodic	mood/theme---relaxing	mood/theme---upbeat"	0.56425	0.031	0.166
track_0588707	artist_337114	album_067874	588707.mp3	208.5	"mood/theme---melodic	mood/theme---relaxing"	0.8205	-0.224	0.049
track_0588708	artist_337114	album_067874	588708.mp3	187.1	"mood/theme---melodic	mood/theme---relaxing	mood/theme---upbeat"	0.799	-0.128667	0.234
track_0588709	artist_337114	album_067874	588709.mp3	132.1	mood/theme---melodic	0.933	0.238	0.148
track_0589408	artist_355362	album_067944	589408.mp3	130.7	"mood/theme---adventure	mood/theme---epic	mood/theme---love	mood/theme---romantic"	0.854	0.384	0.3775
track_0589409	artist_355362	album_067944	589409.mp3	92.2	"mood/theme---action	mood/theme---adventure	mood/theme---epic"	0.689333	0.645333	0.561333
track_0589410	artist_355362	album_067944	589410.mp3	110.1	"mood/theme---love	mood/theme---melancholic	mood/theme---romantic"	0.41	0.002667	-0.005333
track_0589411	artist_355362	album_067944	589411.mp3	98.2	mood/theme---action	0.52	0.796	0.604
track_0589412	artist_355362	album_067944	589412.mp3	107.4	"mood/theme---corporate	mood/theme---relaxing"	0.446	-0.389	0.22
track_0600112	artist_341323	album_069335	600112.mp3	128.3	"mood/theme---adventure	mood/theme---documentary	mood/theme---drama	mood/theme---film	mood/theme---sport	mood/theme---travel"	0.529333	0.235	0.181667
track_0604700	artist_341393	album_069909	604700.mp3	221.8	"mood/theme---emotional	mood/theme---romantic	mood/theme---soft"	0.65	-0.050667	-0.096
track_0604701	artist_341393	album_069909	604701.mp3	174.7	"mood/theme---emotional	mood/theme---romantic	mood/theme---soft"	0.65	-0.050667	-0.096
track_0606902	artist_006916	album_070337	606902.mp3	378.7	mood/theme---relaxing	0.708	-0.686	-0.05
track_0606904	artist_006916	album_070337	606904.mp3	288.1	mood/theme---relaxing	0.708	-0.686	-0.05
track_0606911	artist_006916	album_070337	606911.mp3	272.0	mood/theme---relaxing	0.708	-0.686	-0.05
track_0608912	artist_361274	album_070504	608912.mp3	207.6	"mood/theme---happy	mood/theme---romantic"	0.9285	0.266	0.293
track_0614901	artist_361501	album_071164	614901.mp3	226.0	"mood/theme---dream	mood/theme---relaxing"	0.698	-0.686	-0.197
track_0614902	artist_361501	album_071164	614902.mp3	359.6	mood/theme---emotional	0.558	0.428	0.052
track_0620607	artist_002189	album_071877	620607.mp3	702.2	mood/theme---cool	0.77	0.08	0.562
track_0620608	artist_002189	album_071877	620608.mp3	236.3	mood/theme---energetic	0.694	0.736	0.804
track_0620609	artist_002189	album_071877	620609.mp3	308.6	mood/theme---energetic	0.694	0.736	0.804
track_0620611	artist_002189	album_071877	620611.mp3	221.6	mood/theme---cool	0.77	0.08	0.562
track_0620612	artist_002189	album_071877	620612.mp3	350.9	mood/theme---energetic	0.694	0.736	0.804
track_0620912	artist_337114	album_071979	620912.mp3	325.3	mood/theme---relaxing	0.708	-0.686	-0.05
track_0625208	artist_356759	album_072408	625208.mp3	292.8	mood/theme---relaxing	0.708	-0.686	-0.05
track_0625209	artist_356759	album_072408	625209.mp3	366.7	mood/theme---relaxing	0.708	-0.686	-0.05
track_0625210	artist_356759	album_072408	625210.mp3	316.2	mood/theme---relaxing	0.708	-0.686	-0.05
track_0625211	artist_356759	album_072408	625211.mp3	260.1	mood/theme---relaxing	0.708	-0.686	-0.05
track_0625212	artist_356759	album_072408	625212.mp3	193.6	mood/theme---relaxing	0.708	-0.686	-0.05
track_0628406	artist_362118	album_072779	628406.mp3	234.0	mood/theme---documentary	0.244	-0.574	0.192
track_0628407	artist_362118	album_072779	628407.mp3	317.0	mood/theme---emotional	0.558	0.428	0.052
track_0628408	artist_362118	album_072779	628408.mp3	313.1	"mood/theme---happy	mood/theme---travel"	0.9235	0.424	0.23
track_0628409	artist_362118	album_072779	628409.mp3	302.0	mood/theme---love	0.996	0.334	0.234
track_0628410	artist_362118	album_072779	628410.mp3	274.2	mood/theme---happy	0.985	0.47	0.39
track_0628412	artist_362118	album_072779	628412.mp3	287.9	"mood/theme---adventure	mood/theme---dream	mood/theme---emotional"	0.693333	0.152	0.042667
track_0629103	artist_343151	album_072849	629103.mp3	371.9	mood/theme---uplifting	0.542	0.096	0.21
track_0633200	artist_340121	album_073275	633200.mp3	356.2	"mood/theme---dream	mood/theme---love	mood/theme---sad"	0.378	-0.228667	-0.270667
track_0633201	artist_340121	album_073275	633201.mp3	388.6	"mood/theme---dream	mood/theme---love"	0.842	-0.176	-0.055
track_0633206	artist_340121	album_073275	633206.mp3	393.6	"mood/theme---dream	mood/theme---emotional	mood/theme---love"	0.747333	0.025333	-0.019333
track_0635107	artist_004625	album_073505	635107.mp3	307.0	mood/theme---travel	0.862	0.378	0.07
track_0635300	artist_354921	album_073525	635300.mp3	156.5	mood/theme---emotional	0.558	0.428	0.052
track_0635301	artist_354921	album_073525	635301.mp3	120.9	mood/theme---emotional	0.558	0.428	0.052
track_0635305	artist_337741	album_073522	635305.mp3	384.2	mood/theme---soundscape	0.708	-0.686	-0.05
track_0635607	artist_340121	album_073562	635607.mp3	292.2	mood/theme---dream	0.688	-0.686	-0.344
track_0636309	artist_344764	album_073655	636309.mp3	111.6	"mood/theme---film	mood/theme---game"	0.558	0.279	0.059
track_0636310	artist_344764	album_073655	636310.mp3	168.5	"mood/theme---film	mood/theme---game"	0.558	0.279	0.059
track_0636311	artist_344764	album_073655	636311.mp3	286.0	"mood/theme---film	mood/theme---game"	0.558	0.279	0.059
track_0636312	artist_344764	album_073655	636312.mp3	48.6	"mood/theme---film	mood/theme---game"	0.558	0.279	0.059
track_0646803	artist_346032	album_074961	646803.mp3	109.7	mood/theme---sad	-0.55	-0.334	-0.702
track_0646804	artist_346032	album_074961	646804.mp3	144.9	mood/theme---sad	-0.55	-0.334	-0.702
track_0659900	artist_359034	album_076553	659900.mp3	147.5	mood/theme---dark	-0.604	-0.204	-0.148
track_0659901	artist_359034	album_076553	659901.mp3	183.5	mood/theme---dark	-0.604	-0.204	-0.148
track_0659902	artist_359034	album_076553	659902.mp3	215.5	mood/theme---dark	-0.604	-0.204	-0.148
track_0659903	artist_359034	album_076553	659903.mp3	179.5	mood/theme---dark	-0.604	-0.204	-0.148
track_0659904	artist_359034	album_076553	659904.mp3	172.0	mood/theme---dark	-0.604	-0.204	-0.148
track_0661300	artist_008094	album_076717	661300.mp3	217.2	mood/theme---film	0.646	-0.018	0.132
track_0661301	artist_008094	album_076717	661301.mp3	312.4	mood/theme---film	0.646	-0.018	0.132
track_0661309	artist_008094	album_076717	661309.mp3	323.1	mood/theme---film	0.646	-0.018	0.132
track_0661310	artist_008094	album_076717	661310.mp3	223.4	mood/theme---film	0.646	-0.018	0.132
track_0661311	artist_008094	album_076717	661311.mp3	234.8	mood/theme---film	0.646	-0.018	0.132
track_0661312	artist_008094	album_076717	661312.mp3	258.0	mood/theme---film	0.646	-0.018	0.132
track_0661601	artist_362501	album_076763	661601.mp3	219.9	mood/theme---groovy	0.23	0.076	-0.072
track_0661602	artist_362501	album_076763	661602.mp3	175.3	mood/theme---fun	0.836	0.686	0.334
track_0661603	artist_362501	album_076763	661603.mp3	182.5	"mood/theme---groovy	mood/theme---uplifting"	0.386	0.086	0.069
track_0661604	artist_362501	album_076763	661604.mp3	205.0	mood/theme---melodic	0.933	0.238	0.148
track_0661609	artist_362501	album_076763	661609.mp3	104.8	"mood/theme---energetic	mood/theme---melodic"	0.8135	0.487	0.476
track_0661610	artist_362501	album_076763	661610.mp3	194.4	mood/theme---groovy	0.23	0.076	-0.072
track_0664811	artist_354449	album_077257	664811.mp3	347.5	"mood/theme---adventure	mood/theme---relaxing"	0.771	0.014	0.185
track_0664812	artist_354449	album_077257	664812.mp3	384.1	"mood/theme---adventure	mood/theme---relaxing"	0.771	0.014	0.185
track_0665104	artist_341642	album_077179	665104.mp3	489.4	mood/theme---space	0.6	-0.366	0.146
track_0665105	artist_341642	album_077179	665105.mp3	294.6	mood/theme---space	0.6	-0.366	0.146
track_0665106	artist_341642	album_077179	665106.mp3	418.0	mood/theme---space	0.6	-0.366	0.146
track_0665107	artist_341642	album_077179	665107.mp3	515.6	mood/theme---space	0.6	-0.366	0.146
track_0665108	artist_341642	album_077179	665108.mp3	274.9	mood/theme---space	0.6	-0.366	0.146
track_0665109	artist_341642	album_077179	665109.mp3	233.1	mood/theme---space	0.6	-0.366	0.146
track_0665110	artist_341642	album_077179	665110.mp3	331.2	mood/theme---space	0.6	-0.366	0.146
track_0665112	artist_341642	album_077179	665112.mp3	317.6	mood/theme---space	0.6	-0.366	0.146
track_0666305	artist_355005	album_077315	666305.mp3	81.1	"mood/theme---children	mood/theme---funny"	0.775	0.148	0.001
track_0671505	artist_362548	album_077887	671505.mp3	262.0	"mood/theme---ballad	mood/theme---love"	0.79	-0.049	0.041
track_0674309	artist_364152	album_078257	674309.mp3	68.0	mood/theme---film	0.646	-0.018	0.132
track_0674310	artist_364152	album_078257	674310.mp3	59.7	mood/theme---film	0.646	-0.018	0.132
track_0675709	artist_340121	album_078470	675709.mp3	296.5	"mood/theme---dream	mood/theme---love	mood/theme---meditative"	0.637333	-0.370667	-0.067333
track_0677104	artist_006120	album_078708	677104.mp3	477.2	mood/theme---melodic	0.933	0.238	0.148
track_0677106	artist_006120	album_078708	677106.mp3	373.7	mood/theme---melodic	0.933	0.238	0.148
track_0677107	artist_006120	album_078708	677107.mp3	544.7	mood/theme---energetic	0.694	0.736	0.804
track_0677108	artist_006120	album_078708	677108.mp3	334.7	"mood/theme---energetic	mood/theme---sport"	0.712	0.568	0.559
track_0680606	artist_337741	album_079096	680606.mp3	270.4	mood/theme---soundscape	0.708	-0.686	-0.05
track_0680607	artist_337741	album_079096	680607.mp3	281.9	mood/theme---soundscape	0.708	-0.686	-0.05
track_0680608	artist_337741	album_079096	680608.mp3	322.2	mood/theme---soundscape	0.708	-0.686	-0.05
track_0680609	artist_337741	album_079096	680609.mp3	248.1	mood/theme---soundscape	0.708	-0.686	-0.05
track_0680610	artist_337741	album_079096	680610.mp3	159.8	mood/theme---soundscape	0.708	-0.686	-0.05
track_0682405	artist_340121	album_079368	682405.mp3	248.2	mood/theme---epic	0.714	0.426	0.66
track_0682504	artist_340121	album_079368	682504.mp3	446.0	"mood/theme---dark	mood/theme---dream"	0.042	-0.445	-0.246
track_0682600	artist_340121	album_079368	682600.mp3	222.0	mood/theme---meditative	0.228	-0.76	-0.092
track_0683802	artist_007872	album_079549	683802.mp3	216.3	mood/theme---ballad	0.584	-0.432	-0.152
track_0683804	artist_007872	album_079549	683804.mp3	211.1	mood/theme---ballad	0.584	-0.432	-0.152
track_0683805	artist_007872	album_079549	683805.mp3	201.9	mood/theme---ballad	0.584	-0.432	-0.152
track_0683807	artist_007872	album_079549	683807.mp3	206.1	mood/theme---dark	-0.604	-0.204	-0.148
track_0697303	artist_365230	album_081319	697303.mp3	64.0	mood/theme---funny	0.836	0.22	0.132
track_0698107	artist_356877	album_081423	698107.mp3	220.2	mood/theme---party	0.896	0.68	0.094
track_0698108	artist_356877	album_081423	698108.mp3	175.0	mood/theme---fast	0.25	0.358	0.29
track_0699100	artist_351032	album_081503	699100.mp3	183.2	mood/theme---game	0.47	0.576	-0.014
track_0700907	artist_004793	album_081738	700907.mp3	270.9	"mood/theme---dream	mood/theme---meditative"	0.458	-0.723	-0.218
track_0700909	artist_004793	album_081738	700909.mp3	323.5	"mood/theme---dream	mood/theme---meditative"	0.458	-0.723	-0.218
track_0702500	artist_355362	album_081921	702500.mp3	115.5	"mood/theme---drama	mood/theme---dramatic	mood/theme---film	mood/theme---melancholic"	-0.0995	0.166	-0.1165
track_0702501	artist_355362	album_081921	702501.mp3	126.1	"mood/theme---dramatic	mood/theme---film"	0.19	0.271	0.009
track_0702502	artist_355362	album_081921	702502.mp3	105.0	"mood/theme---drama	mood/theme---dramatic	mood/theme---film	mood/theme---love	mood/theme---romantic"	0.4216	0.2896	0.082
track_0702503	artist_355362	album_081921	702503.mp3	151.8	mood/theme---dream	0.688	-0.686	-0.344
track_0702504	artist_355362	album_081921	702504.mp3	35.2	"mood/theme---drama	mood/theme---film"	0.253	0.246	0.047
track_0702505	artist_355362	album_081921	702505.mp3	184.1	"mood/theme---drama	mood/theme---emotional	mood/theme---romantic"	0.43	0.333333	0.07
track_0708401	artist_341323	album_082646	708401.mp3	181.9	"mood/theme---meditative	mood/theme---nature	mood/theme---relaxing"	0.55	-0.692667	0.048
track_0718300	artist_366162	album_083791	718300.mp3	209.3	"mood/theme---background	mood/theme---melodic"	0.3655	-0.024	0.072
track_0718301	artist_366162	album_083791	718301.mp3	152.5	"mood/theme---melancholic	mood/theme---retro"	-0.169	-0.418	-0.402
track_0718302	artist_366162	album_083791	718302.mp3	176.1	mood/theme---background	-0.202	-0.286	-0.004
track_0718304	artist_366162	album_083791	718304.mp3	213.6	"mood/theme---background	mood/theme---cool"	0.284	-0.103	0.279
track_0718305	artist_366162	album_083791	718305.mp3	170.4	mood/theme---background	-0.202	-0.286	-0.004
track_0718307	artist_366162	album_083791	718307.mp3	183.3	"mood/theme---background	mood/theme---melodic"	0.3655	-0.024	0.072
track_0718308	artist_366162	album_083791	718308.mp3	179.0	mood/theme---background	-0.202	-0.286	-0.004
track_0718311	artist_366162	album_083791	718311.mp3	209.1	"mood/theme---melodic	mood/theme---soft"	0.7265	-0.202	-0.194
track_0725211	artist_366456	album_084719	725211.mp3	180.1	mood/theme---meditative	0.228	-0.76	-0.092
track_0725212	artist_366456	album_084719	725212.mp3	246.1	"mood/theme---dream	mood/theme---meditative	mood/theme---relaxing"	0.541333	-0.710667	-0.162
track_0726601	artist_362679	album_084898	726601.mp3	217.1	mood/theme---action	0.52	0.796	0.604
track_0726908	artist_366549	album_084946	726908.mp3	394.9	mood/theme---dream	0.688	-0.686	-0.344
track_0727904	artist_002740	album_085078	727904.mp3	134.8	"mood/theme---drama	mood/theme---emotional"	0.209	0.469	0.007
track_0727905	artist_002740	album_085078	727905.mp3	149.6	"mood/theme---emotional	mood/theme---groovy"	0.394	0.252	-0.01
track_0727906	artist_002740	album_085078	727906.mp3	104.1	"mood/theme---corporate	mood/theme---drama	mood/theme---emotional	mood/theme---groovy"	0.208	0.2305	0.108
track_0727907	artist_002740	album_085078	727907.mp3	137.9	"mood/theme---drama	mood/theme---emotional"	0.209	0.469	0.007
track_0727908	artist_002740	album_085078	727908.mp3	132.2	"mood/theme---emotional	mood/theme---groovy	mood/theme---inspiring	mood/theme---positive	mood/theme---uplifting"	0.558	0.1432	0.222
track_0727909	artist_002740	album_085078	727909.mp3	139.0	"mood/theme---drama	mood/theme---groovy"	0.045	0.293	-0.055
track_0727910	artist_002740	album_085078	727910.mp3	192.3	"mood/theme---groovy	mood/theme---inspiring"	0.386	0.086	0.069
track_0727911	artist_002740	album_085078	727911.mp3	147.2	mood/theme---relaxing	0.708	-0.686	-0.05
track_0728111	artist_002740	album_085097	728111.mp3	145.0	mood/theme---drama	-0.14	0.51	-0.038
track_0729300	artist_338447	album_085233	729300.mp3	323.9	mood/theme---film	0.646	-0.018	0.132
track_0729301	artist_338447	album_085233	729301.mp3	204.7	mood/theme---film	0.646	-0.018	0.132
track_0729302	artist_338447	album_085233	729302.mp3	233.7	mood/theme---film	0.646	-0.018	0.132
track_0729303	artist_338447	album_085233	729303.mp3	316.2	mood/theme---film	0.646	-0.018	0.132
track_0729304	artist_338447	album_085233	729304.mp3	399.8	mood/theme---film	0.646	-0.018	0.132
track_0729305	artist_338447	album_085233	729305.mp3	279.9	mood/theme---film	0.646	-0.018	0.132
track_0729306	artist_338447	album_085233	729306.mp3	282.0	mood/theme---film	0.646	-0.018	0.132
track_0729307	artist_338447	album_085233	729307.mp3	269.8	mood/theme---film	0.646	-0.018	0.132
track_0729308	artist_338447	album_085233	729308.mp3	208.7	mood/theme---film	0.646	-0.018	0.132
track_0729309	artist_338447	album_085233	729309.mp3	329.3	mood/theme---film	0.646	-0.018	0.132
track_0747506	artist_337741	album_087400	747506.mp3	330.1	mood/theme---soundscape	0.708	-0.686	-0.05
track_0749611	artist_357317	album_087671	749611.mp3	297.6	mood/theme---melodic	0.933	0.238	0.148
track_0749612	artist_357317	album_087671	749612.mp3	219.4	mood/theme---melodic	0.933	0.238	0.148
track_0752300	artist_347673	album_088021	752300.mp3	121.7	mood/theme---background	-0.202	-0.286	-0.004
track_0757500	artist_365142	album_088601	757500.mp3	107.0	"mood/theme---adventure	mood/theme---dream	mood/theme---love	mood/theme---melodic	mood/theme---nature"	0.833	-0.0064	0.1488
track_0759300	artist_350333	album_088801	759300.mp3	198.6	mood/theme---game	0.47	0.576	-0.014
track_0759301	artist_350333	album_088801	759301.mp3	154.1	mood/theme---game	0.47	0.576	-0.014
track_0759302	artist_350333	album_088801	759302.mp3	227.7	mood/theme---game	0.47	0.576	-0.014
track_0759303	artist_350333	album_088801	759303.mp3	60.8	mood/theme---game	0.47	0.576	-0.014
track_0759304	artist_350333	album_088801	759304.mp3	188.2	mood/theme---game	0.47	0.576	-0.014
track_0760009	artist_368019	album_088908	760009.mp3	112.4	mood/theme---dark	-0.604	-0.204	-0.148
track_0765209	artist_352172	album_089629	765209.mp3	292.1	"mood/theme---dream	mood/theme---romantic"	0.78	-0.312	-0.074
track_0768506	artist_337391	album_090035	768506.mp3	187.9	mood/theme---epic	0.714	0.426	0.66
track_0768905	artist_347104	album_090076	768905.mp3	605.4	mood/theme---epic	0.714	0.426	0.66
track_0768910	artist_347104	album_090076	768910.mp3	467.5	mood/theme---epic	0.714	0.426	0.66
track_0779309	artist_341968	album_091315	779309.mp3	264.0	mood/theme---film	0.646	-0.018	0.132
track_0783503	artist_369008	album_091891	783503.mp3	154.3	mood/theme---game	0.47	0.576	-0.014
track_0783508	artist_369008	album_091891	783508.mp3	99.1	mood/theme---sad	-0.55	-0.334	-0.702
track_0783509	artist_369008	album_091891	783509.mp3	128.2	mood/theme---relaxing	0.708	-0.686	-0.05
track_0784902	artist_365142	album_092073	784902.mp3	202.3	"mood/theme---action	mood/theme---sport"	0.625	0.598	0.459
track_0785607	artist_369094	album_092143	785607.mp3	114.2	mood/theme---romantic	0.872	0.062	0.196
track_0786205	artist_002189	album_092202	786205.mp3	341.5	mood/theme---dream	0.688	-0.686	-0.344
track_0786206	artist_002189	album_092202	786206.mp3	217.4	mood/theme---dream	0.688	-0.686	-0.344
track_0794600	artist_369472	album_093251	794600.mp3	239.7	mood/theme---film	0.646	-0.018	0.132
track_0794804	artist_369472	album_093251	794804.mp3	367.2	mood/theme---film	0.646	-0.018	0.132
track_0795410	artist_340262	album_093346	795410.mp3	240.0	"mood/theme---action	mood/theme---energetic"	0.607	0.766	0.704
track_0798200	artist_370191	album_094038	798200.mp3	58.1	"mood/theme---epic	mood/theme---film	mood/theme---trailer"	0.480667	0.129333	0.246
track_0798201	artist_370191	album_094038	798201.mp3	257.9	"mood/theme---epic	mood/theme---film	mood/theme---trailer"	0.480667	0.129333	0.246
track_0801407	artist_349009	album_093808	801407.mp3	372.8	"mood/theme---dark	mood/theme---energetic"	0.045	0.266	0.328
track_0807111	artist_356511	album_094319	807111.mp3	345.2	mood/theme---film	0.646	-0.018	0.132
track_0810100	artist_368880	album_094635	810100.mp3	313.9	mood/theme---relaxing	0.708	-0.686	-0.05
track_0816200	artist_365142	album_095316	816200.mp3	182.4	"mood/theme---children	mood/theme---documentary	mood/theme---emotional	mood/theme---love	mood/theme---soft"	0.6064	-0.0756	-0.0376
track_0816201	artist_365142	album_095316	816201.mp3	138.5	"mood/theme---documentary	mood/theme---dream	mood/theme---emotional	mood/theme---love"	0.6215	-0.1245	0.0335
track_0816202	artist_365142	album_095316	816202.mp3	200.9	"mood/theme---documentary	mood/theme---drama	mood/theme---emotional	mood/theme---love	mood/theme---soft"	0.4356	0.0112	-0.0192
track_0818600	artist_002740	album_095667	818600.mp3	76.9	"mood/theme---epic	mood/theme---powerful"	0.64	0.543	0.8255
track_0818601	artist_002740	album_095667	818601.mp3	146.8	"mood/theme---epic	mood/theme---film"	0.68	0.204	0.396
track_0818602	artist_002740	album_095667	818602.mp3	68.1	"mood/theme---adventure	mood/theme---drama	mood/theme---film"	0.446667	0.402	0.171333
track_0818603	artist_002740	album_095667	818603.mp3	88.6	"mood/theme---epic	mood/theme---film"	0.68	0.204	0.396
track_0818605	artist_002740	album_095667	818605.mp3	73.4	mood/theme---epic	0.714	0.426	0.66
track_0818606	artist_002740	album_095667	818606.mp3	175.5	"mood/theme---adventure	mood/theme---drama	mood/theme---epic"	0.469333	0.55	0.347333
track_0818607	artist_002740	album_095667	818607.mp3	55.2	"mood/theme---epic	mood/theme---trailer"	0.398	0.203	0.303
track_0818608	artist_002740	album_095667	818608.mp3	90.3	"mood/theme---epic	mood/theme---film"	0.68	0.204	0.396
track_0818610	artist_002740	album_095669	818610.mp3	66.9	"mood/theme---adventure	mood/theme---emotional"	0.696	0.571	0.236
track_0818611	artist_002740	album_095669	818611.mp3	148.8	mood/theme---adventure	0.834	0.714	0.42
track_0818612	artist_002740	album_095669	818612.mp3	30.8	"mood/theme---adventure	mood/theme---epic"	0.774	0.57	0.54
track_0824300	artist_364644	album_096389	824300.mp3	162.3	"mood/theme---dark	mood/theme---deep	mood/theme---epic	mood/theme---movie"	0.1685	0.072	0.192
track_0824301	artist_364644	album_096389	824301.mp3	206.7	"mood/theme---action	mood/theme---epic	mood/theme---powerful"	0.6	0.627333	0.751667
track_0824302	artist_364644	album_096389	824302.mp3	183.7	"mood/theme---epic	mood/theme---hopeful	mood/theme---movie	mood/theme---powerful"	0.6895	0.23	0.46175
track_0824303	artist_364644	album_096389	824303.mp3	175.7	"mood/theme---epic	mood/theme---movie	mood/theme---powerful"	0.621333	0.402	0.531
track_0824304	artist_364644	album_096389	824304.mp3	144.6	"mood/theme---action	mood/theme---epic	mood/theme---movie"	0.606	0.447333	0.402
track_0824305	artist_364644	album_096389	824305.mp3	115.9	"mood/theme---dark	mood/theme---epic	mood/theme---movie"	0.231333	0.114	0.151333
track_0824306	artist_364644	album_096389	824306.mp3	298.7	"mood/theme---deep	mood/theme---hopeful	mood/theme---movie"	0.486	-0.073333	0.17
track_0828909	artist_347891	album_098889	828909.mp3	272.0	mood/theme---dream	0.688	-0.686	-0.344
track_0834109	artist_346131	album_097535	834109.mp3	363.0	mood/theme---space	0.6	-0.366	0.146
track_0840600	artist_371725	album_098339	840600.mp3	184.1	mood/theme---happy	0.985	0.47	0.39
track_0842401	artist_371757	album_098432	842401.mp3	266.6	"mood/theme---epic	mood/theme---powerful	mood/theme---uplifting"	0.607333	0.394	0.620333
track_0842402	artist_371757	album_098432	842402.mp3	270.6	"mood/theme---epic	mood/theme---powerful	mood/theme---uplifting"	0.607333	0.394	0.620333
track_0842403	artist_371757	album_098432	842403.mp3	231.6	"mood/theme---epic	mood/theme---powerful	mood/theme---uplifting"	0.607333	0.394	0.620333
track_0843206	artist_363229	album_098556	843206.mp3	155.1	mood/theme---meditative	0.228	-0.76	-0.092
track_0843207	artist_363229	album_098556	843207.mp3	174.0	mood/theme---meditative	0.228	-0.76	-0.092
track_0843208	artist_363229	album_098556	843208.mp3	170.2	mood/theme---meditative	0.228	-0.76	-0.092
track_0843211	artist_363229	album_098556	843211.mp3	168.0	mood/theme---meditative	0.228	-0.76	-0.092
track_0843212	artist_363229	album_098556	843212.mp3	165.3	mood/theme---meditative	0.228	-0.76	-0.092
track_0843404	artist_365142	album_098561	843404.mp3	233.7	"mood/theme---drama	mood/theme---emotional	mood/theme---soft	mood/theme---travel"	0.45	0.1685	-0.113
track_0843405	artist_365142	album_098561	843405.mp3	145.0	"mood/theme---drama	mood/theme---emotional	mood/theme---soft"	0.312667	0.098667	-0.174
track_0843406	artist_365142	album_098561	843406.mp3	160.7	"mood/theme---documentary	mood/theme---meditative	mood/theme---nature"	0.395333	-0.655333	0.128667
track_0843407	artist_365142	album_098561	843407.mp3	226.3	"mood/theme---action	mood/theme---drama	mood/theme---horror"	-0.13	0.668667	0.147333
track_0843408	artist_365142	album_098561	843408.mp3	203.7	"mood/theme---drama	mood/theme---emotional	mood/theme---soft"	0.312667	0.098667	-0.174
track_0843409	artist_365142	album_098561	843409.mp3	146.9	"mood/theme---christmas	mood/theme---emotional	mood/theme---nature	mood/theme---soft"	0.6775	-0.2015	0.071
track_0843410	artist_365142	album_098561	843410.mp3	227.1	"mood/theme---documentary	mood/theme---drama	mood/theme---nature	mood/theme---soft"	0.3345	-0.3345	-0.024
track_0846405	artist_364878	album_098940	846405.mp3	214.3	mood/theme---dream	0.688	-0.686	-0.344
track_0846501	artist_360462	album_098926	846501.mp3	102.0	mood/theme---nature	0.714	-0.632	0.286
track_0847200	artist_347673	album_099004	847200.mp3	65.4	"mood/theme---meditative	mood/theme---relaxing"	0.468	-0.723	-0.071
track_0858712	artist_366613	album_100495	858712.mp3	522.1	"mood/theme---epic	mood/theme---film	mood/theme---game"	0.61	0.328	0.259333
track_0860007	artist_337741	album_100668	860007.mp3	395.6	mood/theme---soundscape	0.708	-0.686	-0.05
track_0865201	artist_361353	album_101367	865201.mp3	211.7	mood/theme---melancholic	-0.638	-0.388	-0.446
track_0866705	artist_355362	album_101584	866705.mp3	194.5	"mood/theme---epic	mood/theme---film	mood/theme---movie"	0.648	0.176	0.244667
track_0866706	artist_355362	album_101584	866706.mp3	107.4	mood/theme---movie	0.584	0.12	-0.058
track_0866707	artist_355362	album_101584	866707.mp3	137.6	"mood/theme---dark	mood/theme---epic	mood/theme---trailer"	0.064	0.067333	0.152667
track_0866708	artist_355362	album_101584	866708.mp3	80.3	mood/theme---movie	0.584	0.12	-0.058
track_0866709	artist_355362	album_101584	866709.mp3	98.7	"mood/theme---dramatic	mood/theme---epic	mood/theme---movie"	0.344	0.368667	0.162667
track_0866710	artist_355362	album_101584	866710.mp3	143.1	"mood/theme---dramatic	mood/theme---epic	mood/theme---film	mood/theme---movie"	0.4195	0.272	0.155
track_0869207	artist_340676	album_101931	869207.mp3	257.6	mood/theme---melancholic	-0.638	-0.388	-0.446
track_0872000	artist_362636	album_102312	872000.mp3	395.2	mood/theme---uplifting	0.542	0.096	0.21
track_0872001	artist_362636	album_102312	872001.mp3	307.4	mood/theme---energetic	0.694	0.736	0.804
track_0872003	artist_362636	album_102312	872003.mp3	294.3	mood/theme---energetic	0.694	0.736	0.804
track_0873804	artist_007805	album_102547	873804.mp3	224.0	mood/theme---slow	-0.286	-0.927	-0.708
track_0875306	artist_344764	album_102732	875306.mp3	184.0	mood/theme---calm	0.75	-0.9	-0.373
track_0875308	artist_344764	album_102732	875308.mp3	217.4	mood/theme---background	-0.202	-0.286	-0.004
track_0878306	artist_005721	album_103160	878306.mp3	459.2	"mood/theme---dream	mood/theme---melancholic	mood/theme---uplifting"	0.197333	-0.326	-0.193333
track_0878307	artist_005721	album_103160	878307.mp3	457.6	"mood/theme---dream	mood/theme---uplifting"	0.615	-0.295	-0.067
track_0878308	artist_005721	album_103160	878308.mp3	222.8	mood/theme---dream	0.688	-0.686	-0.344
track_0878309	artist_005721	album_103160	878309.mp3	329.1	"mood/theme---dream	mood/theme---melancholic	mood/theme---uplifting"	0.197333	-0.326	-0.193333
track_0878310	artist_005721	album_103160	878310.mp3	504.2	"mood/theme---dream	mood/theme---uplifting"	0.615	-0.295	-0.067
track_0880702	artist_364882	album_103465	880702.mp3	703.9	mood/theme---christmas	0.918	0.04	0.482
track_0887202	artist_376782	album_104336	887202.mp3	193.0	mood/theme---energetic	0.694	0.736	0.804
track_0887203	artist_376782	album_104336	887203.mp3	338.9	mood/theme---energetic	0.694	0.736	0.804
track_0887204	artist_376782	album_104336	887204.mp3	211.3	mood/theme---energetic	0.694	0.736	0.804
track_0887205	artist_376782	album_104336	887205.mp3	99.7	mood/theme---energetic	0.694	0.736	0.804
track_0887206	artist_376782	album_104336	887206.mp3	198.9	mood/theme---energetic	0.694	0.736	0.804
track_0887207	artist_376782	album_104336	887207.mp3	198.9	mood/theme---energetic	0.694	0.736	0.804
track_0887208	artist_376782	album_104336	887208.mp3	202.9	mood/theme---energetic	0.694	0.736	0.804
track_0887209	artist_376782	album_104336	887209.mp3	325.1	mood/theme---energetic	0.694	0.736	0.804
track_0887210	artist_376782	album_104336	887210.mp3	241.0	mood/theme---energetic	0.694	0.736	0.804
track_0887211	artist_376782	album_104336	887211.mp3	197.4	mood/theme---energetic	0.694	0.736	0.804
track_0889606	artist_374651	album_104616	889606.mp3	305.3	"mood/theme---relaxing	mood/theme---slow"	0.211	-0.8065	-0.379
track_0889610	artist_374651	album_104616	889610.mp3	446.1	"mood/theme---relaxing	mood/theme---slow"	0.211	-0.8065	-0.379
track_0890103	artist_362548	album_104694	890103.mp3	151.0	mood/theme---energetic	0.694	0.736	0.804
track_0890610	artist_340121	album_104742	890610.mp3	568.7	mood/theme---love	0.996	0.334	0.234
track_0891912	artist_352350	album_104906	891912.mp3	264.0	mood/theme---film	0.646	-0.018	0.132
track_0892001	artist_352350	album_104914	892001.mp3	261.4	mood/theme---film	0.646	-0.018	0.132
track_0892004	artist_352350	album_104914	892004.mp3	161.5	mood/theme---groovy	0.23	0.076	-0.072
track_0893400	artist_356592	album_105098	893400.mp3	54.0	mood/theme---dark	-0.604	-0.204	-0.148
track_0893401	artist_356592	album_105098	893401.mp3	42.0	mood/theme---dark	-0.604	-0.204	-0.148
track_0893402	artist_356592	album_105098	893402.mp3	70.0	mood/theme---dark	-0.604	-0.204	-0.148
track_0893403	artist_356592	album_105098	893403.mp3	40.0	"mood/theme---energetic	mood/theme---film"	0.67	0.359	0.468
track_0893404	artist_356592	album_105098	893404.mp3	39.1	mood/theme---christmas	0.918	0.04	0.482
track_0893409	artist_350284	album_105106	893409.mp3	164.0	mood/theme---epic	0.714	0.426	0.66
track_0893501	artist_350284	album_105106	893501.mp3	252.0	mood/theme---epic	0.714	0.426	0.66
track_0893810	artist_368880	album_105144	893810.mp3	261.0	mood/theme---nature	0.714	-0.632	0.286
track_0896604	artist_341278	album_105490	896604.mp3	247.7	mood/theme---energetic	0.694	0.736	0.804
track_0896606	artist_341278	album_105490	896606.mp3	238.4	mood/theme---energetic	0.694	0.736	0.804
track_0896611	artist_341278	album_105490	896611.mp3	247.4	mood/theme---energetic	0.694	0.736	0.804
track_0897105	artist_004812	album_105547	897105.mp3	425.0	"mood/theme---calm	mood/theme---relaxing"	0.729	-0.793	-0.2115
track_0902704	artist_001885	album_106292	902704.mp3	268.6	mood/theme---melodic	0.933	0.238	0.148
track_0902705	artist_001885	album_106292	902705.mp3	317.7	mood/theme---melodic	0.933	0.238	0.148
track_0902706	artist_001885	album_106292	902706.mp3	296.2	mood/theme---melodic	0.933	0.238	0.148
track_0902707	artist_001885	album_106292	902707.mp3	282.5	mood/theme---melodic	0.933	0.238	0.148
track_0902708	artist_001885	album_106292	902708.mp3	209.9	mood/theme---melodic	0.933	0.238	0.148
track_0902710	artist_001885	album_106292	902710.mp3	351.1	mood/theme---melodic	0.933	0.238	0.148
track_0902711	artist_001885	album_106292	902711.mp3	228.1	mood/theme---melodic	0.933	0.238	0.148
track_0902712	artist_001885	album_106292	902712.mp3	183.6	mood/theme---melodic	0.933	0.238	0.148
track_0903600	artist_347673	album_106400	903600.mp3	155.6	"mood/theme---background	mood/theme---relaxing"	0.253	-0.486	-0.027
track_0903601	artist_347673	album_106400	903601.mp3	157.9	"mood/theme---background	mood/theme---relaxing"	0.253	-0.486	-0.027
track_0903602	artist_347673	album_106400	903602.mp3	131.7	"mood/theme---background	mood/theme---relaxing"	0.253	-0.486	-0.027
track_0903603	artist_347673	album_106400	903603.mp3	235.4	"mood/theme---background	mood/theme---relaxing"	0.253	-0.486	-0.027
track_0903604	artist_347673	album_106400	903604.mp3	141.7	"mood/theme---background	mood/theme---relaxing"	0.253	-0.486	-0.027
track_0903605	artist_347673	album_106400	903605.mp3	134.5	"mood/theme---background	mood/theme---relaxing"	0.253	-0.486	-0.027
track_0905011	artist_337741	album_106581	905011.mp3	256.7	mood/theme---soundscape	0.708	-0.686	-0.05
track_0905012	artist_337741	album_106581	905012.mp3	279.5	mood/theme---soundscape	0.708	-0.686	-0.05
track_0907106	artist_348254	album_107229	907106.mp3	360.0	mood/theme---film	0.646	-0.018	0.132
track_0907107	artist_348254	album_107229	907107.mp3	355.2	mood/theme---film	0.646	-0.018	0.132
track_0907108	artist_348254	album_107229	907108.mp3	188.9	mood/theme---film	0.646	-0.018	0.132
track_0910810	artist_375935	album_107762	910810.mp3	200.0	mood/theme---horror	-0.77	0.7	-0.124
track_0912701	artist_384306	album_108011	912701.mp3	293.3	mood/theme---dark	-0.604	-0.204	-0.148
track_0913700	artist_342174	album_108167	913700.mp3	269.3	mood/theme---retro	0.3	-0.448	-0.358
track_0913701	artist_342174	album_108167	913701.mp3	298.0	mood/theme---retro	0.3	-0.448	-0.358
track_0913702	artist_342174	album_108167	913702.mp3	318.0	mood/theme---retro	0.3	-0.448	-0.358
track_0919605	artist_337741	album_108930	919605.mp3	316.2	"mood/theme---melodic	mood/theme---soundscape"	0.8205	-0.224	0.049
track_0919606	artist_337741	album_108930	919606.mp3	440.4	"mood/theme---melodic	mood/theme---soundscape"	0.8205	-0.224	0.049
track_0919607	artist_337741	album_108930	919607.mp3	393.3	"mood/theme---melodic	mood/theme---soundscape"	0.8205	-0.224	0.049
track_0920000	artist_365142	album_108992	920000.mp3	202.2	"mood/theme---children	mood/theme---documentary	mood/theme---dream"	0.548667	-0.394667	-0.094
track_0920001	artist_365142	album_108992	920001.mp3	234.1	"mood/theme---documentary	mood/theme---emotional"	0.401	-0.073	0.122
track_0925507	artist_347673	album_109448	925507.mp3	145.0	"mood/theme---background	mood/theme---emotional"	0.178	0.071	0.024
track_0926201	artist_365914	album_109517	926201.mp3	198.1	"mood/theme---ballad	mood/theme---slow"	0.149	-0.6795	-0.43
track_0926202	artist_365914	album_109517	926202.mp3	134.0	mood/theme---ballad	0.584	-0.432	-0.152
track_0926203	artist_365914	album_109517	926203.mp3	238.7	mood/theme---ballad	0.584	-0.432	-0.152
track_0933502	artist_363229	album_109656	933502.mp3	259.1	"mood/theme---love	mood/theme---meditative"	0.612	-0.213	0.071
track_0933505	artist_363229	album_109656	933505.mp3	285.3	"mood/theme---love	mood/theme---meditative"	0.612	-0.213	0.071
track_0934508	artist_363229	album_109656	934508.mp3	310.6	"mood/theme---love	mood/theme---meditative"	0.612	-0.213	0.071
track_0935511	artist_007584	album_109785	935511.mp3	244.8	mood/theme---space	0.6	-0.366	0.146
track_0937102	artist_349503	album_110001	937102.mp3	1112.6	"mood/theme---dream	mood/theme---melancholic"	0.025	-0.537	-0.395
track_0937106	artist_349503	album_110001	937106.mp3	356.2	"mood/theme---dream	mood/theme---melancholic	mood/theme---romantic"	0.307333	-0.337333	-0.198
track_0939804	artist_002816	album_110362	939804.mp3	99.9	mood/theme---energetic	0.694	0.736	0.804
track_0939810	artist_002816	album_110362	939810.mp3	127.2	mood/theme---energetic	0.694	0.736	0.804
track_0941706	artist_007584	album_110623	941706.mp3	147.7	mood/theme---space	0.6	-0.366	0.146
track_0941707	artist_007584	album_110623	941707.mp3	258.0	"mood/theme---space	mood/theme---uplifting"	0.571	-0.135	0.178
track_0941708	artist_007584	album_110623	941708.mp3	454.2	mood/theme---space	0.6	-0.366	0.146
track_0944111	artist_368582	album_110899	944111.mp3	260.9	mood/theme---melancholic	-0.638	-0.388	-0.446
track_0945200	artist_421686	album_111017	945200.mp3	183.6	"mood/theme---happy	mood/theme---summer"	0.8045	0.108	0.245
track_0945201	artist_421686	album_111017	945201.mp3	196.6	"mood/theme---happy	mood/theme---summer"	0.8045	0.108	0.245
track_0945202	artist_421686	album_111017	945202.mp3	145.3	"mood/theme---happy	mood/theme---summer"	0.8045	0.108	0.245
track_0945203	artist_421686	album_111017	945203.mp3	272.5	"mood/theme---happy	mood/theme---summer"	0.8045	0.108	0.245
track_0945204	artist_421686	album_111017	945204.mp3	192.9	"mood/theme---happy	mood/theme---summer"	0.8045	0.108	0.245
track_0945205	artist_421686	album_111017	945205.mp3	234.8	"mood/theme---happy	mood/theme---summer"	0.8045	0.108	0.245
track_0945206	artist_421686	album_111017	945206.mp3	240.0	"mood/theme---happy	mood/theme---summer"	0.8045	0.108	0.245
track_0945207	artist_421686	album_111017	945207.mp3	165.1	"mood/theme---happy	mood/theme---summer"	0.8045	0.108	0.245
track_0948210	artist_340768	album_111444	948210.mp3	216.0	mood/theme---sexy	0.73	0.89	0.604
track_0950100	artist_357317	album_111692	950100.mp3	295.5	mood/theme---melodic	0.933	0.238	0.148
track_0950101	artist_357317	album_111692	950101.mp3	251.6	mood/theme---melodic	0.933	0.238	0.148
track_0950102	artist_357317	album_111692	950102.mp3	256.4	"mood/theme---energetic	mood/theme---melodic"	0.8135	0.487	0.476
track_0950103	artist_357317	album_111692	950103.mp3	278.0	"mood/theme---energetic	mood/theme---melodic"	0.8135	0.487	0.476
track_0950104	artist_357317	album_111692	950104.mp3	308.9	"mood/theme---energetic	mood/theme---melodic"	0.8135	0.487	0.476
track_0950105	artist_357317	album_111692	950105.mp3	418.4	mood/theme---melodic	0.933	0.238	0.148
track_0950106	artist_357317	album_111692	950106.mp3	321.0	"mood/theme---energetic	mood/theme---melodic"	0.8135	0.487	0.476
track_0950107	artist_357317	album_111692	950107.mp3	261.9	"mood/theme---energetic	mood/theme---melodic"	0.8135	0.487	0.476
track_0950302	artist_006278	album_111719	950302.mp3	150.9	mood/theme---slow	-0.286	-0.927	-0.708
track_0952001	artist_368089	album_111938	952001.mp3	168.6	mood/theme---love	0.996	0.334	0.234
track_0953706	artist_352865	album_112130	953706.mp3	1207.2	mood/theme---dark	-0.604	-0.204	-0.148
track_0956102	artist_373067	album_112437	956102.mp3	324.0	mood/theme---soft	0.52	-0.642	-0.536
track_0956103	artist_373067	album_112437	956103.mp3	240.2	mood/theme---soft	0.52	-0.642	-0.536
track_0958805	artist_368880	album_112741	958805.mp3	276.8	mood/theme---deep	-0.02	-0.054	0.314
track_0958808	artist_368880	album_112741	958808.mp3	236.9	mood/theme---deep	-0.02	-0.054	0.314
track_0958809	artist_368880	album_112741	958809.mp3	222.6	mood/theme---deep	-0.02	-0.054	0.314
track_0961605	artist_337939	album_113039	961605.mp3	144.7	"mood/theme---meditative	mood/theme---relaxing"	0.468	-0.723	-0.071
track_0962910	artist_338522	album_113191	962910.mp3	222.1	mood/theme---energetic	0.694	0.736	0.804
track_0963304	artist_375935	album_113226	963304.mp3	61.0	"mood/theme---drama	mood/theme---film"	0.253	0.246	0.047
track_0963305	artist_375935	album_113226	963305.mp3	150.0	mood/theme---film	0.646	-0.018	0.132
track_0963401	artist_365142	album_113239	963401.mp3	205.7	"mood/theme---emotional	mood/theme---love"	0.777	0.381	0.143
track_0963810	artist_339603	album_113315	963810.mp3	226.0	mood/theme---space	0.6	-0.366	0.146
track_0965303	artist_367887	album_113522	965303.mp3	199.3	mood/theme---christmas	0.918	0.04	0.482
track_0965304	artist_367887	album_113522	965304.mp3	97.3	mood/theme---christmas	0.918	0.04	0.482
track_0965305	artist_367887	album_113522	965305.mp3	129.8	mood/theme---christmas	0.918	0.04	0.482
track_0965306	artist_367887	album_113522	965306.mp3	94.4	mood/theme---christmas	0.918	0.04	0.482
track_0965307	artist_367887	album_113522	965307.mp3	135.4	mood/theme---christmas	0.918	0.04	0.482
track_0965308	artist_367887	album_113522	965308.mp3	225.8	mood/theme---christmas	0.918	0.04	0.482
track_0965309	artist_367887	album_113522	965309.mp3	344.8	mood/theme---christmas	0.918	0.04	0.482
track_0965310	artist_367887	album_113522	965310.mp3	210.3	mood/theme---christmas	0.918	0.04	0.482
track_0965311	artist_367887	album_113522	965311.mp3	174.6	mood/theme---christmas	0.918	0.04	0.482
track_0965312	artist_367887	album_113522	965312.mp3	220.7	mood/theme---christmas	0.918	0.04	0.482
track_0965601	artist_373214	album_113559	965601.mp3	185.5	mood/theme---drama	-0.14	0.51	-0.038
track_0966110	artist_005801	album_113624	966110.mp3	244.6	"mood/theme---hopeful	mood/theme---inspiring	mood/theme---meditative"	0.554667	-0.316667	0.124
track_0966300	artist_364644	album_113652	966300.mp3	49.4	"mood/theme---movie	mood/theme---slow"	0.149	-0.4035	-0.383
track_0966301	artist_364644	album_113652	966301.mp3	98.6	"mood/theme---movie	mood/theme---slow"	0.149	-0.4035	-0.383
track_0966302	artist_364644	album_113652	966302.mp3	113.3	"mood/theme---movie	mood/theme---slow"	0.149	-0.4035	-0.383
track_0966304	artist_364644	album_113652	966304.mp3	103.5	mood/theme---movie	0.584	0.12	-0.058
track_0966305	artist_364644	album_113652	966305.mp3	54.9	mood/theme---movie	0.584	0.12	-0.058
track_0966306	artist_364644	album_113652	966306.mp3	290.8	mood/theme---movie	0.584	0.12	-0.058
track_0969703	artist_356176	album_114095	969703.mp3	186.2	mood/theme---fun	0.836	0.686	0.334
track_0970600	artist_004729	album_114250	970600.mp3	199.8	"mood/theme---meditative	mood/theme---relaxing"	0.468	-0.723	-0.071
track_0970601	artist_004729	album_114250	970601.mp3	221.4	"mood/theme---meditative	mood/theme---relaxing"	0.468	-0.723	-0.071
track_0972906	artist_423882	album_114523	972906.mp3	378.0	mood/theme---relaxing	0.708	-0.686	-0.05
track_0972907	artist_423882	album_114523	972907.mp3	279.0	mood/theme---relaxing	0.708	-0.686	-0.05
track_0974304	artist_422812	album_114731	974304.mp3	64.7	mood/theme---melodic	0.933	0.238	0.148
track_0974305	artist_422812	album_114731	974305.mp3	191.0	mood/theme---melodic	0.933	0.238	0.148
track_0975402	artist_348254	album_114845	975402.mp3	198.2	mood/theme---emotional	0.558	0.428	0.052
track_0976705	artist_347673	album_115007	976705.mp3	85.4	mood/theme---trailer	0.082	-0.02	-0.054
track_0976706	artist_347673	album_115007	976706.mp3	76.8	mood/theme---trailer	0.082	-0.02	-0.054
track_0976707	artist_347673	album_115007	976707.mp3	68.6	mood/theme---trailer	0.082	-0.02	-0.054
track_0976708	artist_347673	album_115007	976708.mp3	123.3	mood/theme---trailer	0.082	-0.02	-0.054
track_0976709	artist_347673	album_115007	976709.mp3	106.0	"mood/theme---christmas	mood/theme---trailer"	0.5	0.01	0.214
track_0976710	artist_347673	album_115007	976710.mp3	123.4	mood/theme---trailer	0.082	-0.02	-0.054
track_0976711	artist_347673	album_115007	976711.mp3	133.1	"mood/theme---romantic	mood/theme---trailer"	0.477	0.021	0.071
track_0978707	artist_338998	album_115265	978707.mp3	178.2	mood/theme---christmas	0.918	0.04	0.482
track_0979204	artist_362218	album_115317	979204.mp3	210.1	mood/theme---relaxing	0.708	-0.686	-0.05
track_0981208	artist_347673	album_115550	981208.mp3	125.0	"mood/theme---christmas	mood/theme---positive"	0.918	0.03	0.596
track_0981909	artist_007584	album_115647	981909.mp3	303.3	"mood/theme---relaxing	mood/theme---space	mood/theme---summer"	0.644	-0.435333	0.065333
track_0981910	artist_007584	album_115647	981910.mp3	229.8	mood/theme---fun	0.836	0.686	0.334
track_0981911	artist_007584	album_115647	981911.mp3	203.0	mood/theme---sad	-0.55	-0.334	-0.702
track_0981912	artist_007584	album_115647	981912.mp3	460.0	"mood/theme---sad	mood/theme---space"	0.025	-0.35	-0.278
track_0982406	artist_375935	album_115711	982406.mp3	165.0	mood/theme---commercial	0.612	-0.02	0.056
track_0982407	artist_375935	album_115711	982407.mp3	165.0	"mood/theme---documentary	mood/theme---happy"	0.6145	-0.052	0.291
track_0982408	artist_375935	album_115711	982408.mp3	165.0	mood/theme---film	0.646	-0.018	0.132
track_0984510	artist_368880	album_115888	984510.mp3	321.6	mood/theme---retro	0.3	-0.448	-0.358
track_0985000	artist_428049	album_115967	985000.mp3	256.1	"mood/theme---melodic	mood/theme---travel"	0.8975	0.308	0.109
track_0986601	artist_362433	album_116123	986601.mp3	267.8	"mood/theme---game	mood/theme---movie"	0.527	0.348	-0.036
track_0988503	artist_005240	album_116314	988503.mp3	75.2	"mood/theme---adventure	mood/theme---drama	mood/theme---emotional"	0.417333	0.550667	0.144667
track_0988504	artist_005240	album_116314	988504.mp3	232.9	"mood/theme---adventure	mood/theme---drama	mood/theme---emotional"	0.417333	0.550667	0.144667
track_0988505	artist_005240	album_116314	988505.mp3	308.6	"mood/theme---adventure	mood/theme---drama	mood/theme---emotional"	0.417333	0.550667	0.144667
track_0988506	artist_005240	album_116314	988506.mp3	960.0	"mood/theme---adventure	mood/theme---drama	mood/theme---emotional"	0.417333	0.550667	0.144667
track_0988508	artist_005240	album_116314	988508.mp3	135.8	"mood/theme---adventure	mood/theme---drama	mood/theme---emotional"	0.417333	0.550667	0.144667
track_0988509	artist_005240	album_116314	988509.mp3	189.8	"mood/theme---adventure	mood/theme---drama	mood/theme---emotional"	0.417333	0.550667	0.144667
track_0988511	artist_005240	album_116314	988511.mp3	180.0	"mood/theme---adventure	mood/theme---drama	mood/theme---emotional"	0.417333	0.550667	0.144667
track_0989712	artist_347673	album_116437	989712.mp3	140.0	"mood/theme---background	mood/theme---inspiring	mood/theme---soft"	0.286667	-0.277333	-0.11
track_0991710	artist_428829	album_116662	991710.mp3	115.2	"mood/theme---christmas	mood/theme---happy"	0.9515	0.255	0.436
track_0993603	artist_362433	album_116869	993603.mp3	190.5	mood/theme---movie	0.584	0.12	-0.058
track_0993605	artist_362433	album_116869	993605.mp3	258.0	"mood/theme---happy	mood/theme---movie	mood/theme---retro"	0.623	0.047333	-0.008667
track_0993607	artist_362433	album_116869	993607.mp3	236.2	"mood/theme---game	mood/theme---movie"	0.527	0.348	-0.036
track_0995906	artist_420796	album_117121	995906.mp3	215.4	mood/theme---relaxing	0.708	-0.686	-0.05
track_0995907	artist_420796	album_117121	995907.mp3	345.4	mood/theme---relaxing	0.708	-0.686	-0.05
track_0995908	artist_420796	album_117121	995908.mp3	345.1	mood/theme---relaxing	0.708	-0.686	-0.05
track_0995909	artist_420796	album_117121	995909.mp3	401.3	mood/theme---relaxing	0.708	-0.686	-0.05
track_0995910	artist_420796	album_117121	995910.mp3	281.0	mood/theme---relaxing	0.708	-0.686	-0.05
track_0995911	artist_420796	album_117121	995911.mp3	406.2	mood/theme---relaxing	0.708	-0.686	-0.05
track_0998102	artist_375935	album_117411	998102.mp3	205.0	mood/theme---energetic	0.694	0.736	0.804
track_1001307	artist_429975	album_117834	1001307.mp3	255.5	"mood/theme---corporate	mood/theme---dramatic	mood/theme---inspiring"	0.153333	0.188	0.195333
track_1001308	artist_429975	album_117834	1001308.mp3	192.3	"mood/theme---action	mood/theme---dramatic"	0.127	0.678	0.245
track_1001311	artist_429975	album_117834	1001311.mp3	188.6	"mood/theme---corporate	mood/theme---dramatic	mood/theme---trailer"	-0.0	0.149333	0.107333
track_1001312	artist_429975	album_117834	1001312.mp3	281.3	"mood/theme---epic	mood/theme---film	mood/theme---inspiring	mood/theme---soft"	0.6055	-0.0345	0.1165
track_1009600	artist_431065	album_118866	1009600.mp3	93.7	mood/theme---romantic	0.872	0.062	0.196
track_1009601	artist_431065	album_118866	1009601.mp3	33.5	mood/theme---energetic	0.694	0.736	0.804
track_1009604	artist_431065	album_118866	1009604.mp3	173.9	mood/theme---film	0.646	-0.018	0.132
track_1009701	artist_352184	album_118897	1009701.mp3	196.9	mood/theme---retro	0.3	-0.448	-0.358
track_1010008	artist_352184	album_118897	1010008.mp3	165.0	mood/theme---retro	0.3	-0.448	-0.358
track_1012000	artist_431465	album_119184	1012000.mp3	147.0	"mood/theme---emotional	mood/theme---epic	mood/theme---film"	0.639333	0.278667	0.281333
track_1012001	artist_431465	album_119184	1012001.mp3	209.6	"mood/theme---emotional	mood/theme---epic	mood/theme---film"	0.639333	0.278667	0.281333
track_1012002	artist_431465	album_119184	1012002.mp3	121.4	"mood/theme---emotional	mood/theme---epic	mood/theme---film"	0.639333	0.278667	0.281333
track_1012003	artist_431465	album_119184	1012003.mp3	206.0	"mood/theme---emotional	mood/theme---epic	mood/theme---film"	0.639333	0.278667	0.281333
track_1012004	artist_431465	album_119184	1012004.mp3	101.2	"mood/theme---emotional	mood/theme---epic	mood/theme---film"	0.639333	0.278667	0.281333
track_1012005	artist_431465	album_119184	1012005.mp3	131.9	"mood/theme---emotional	mood/theme---epic	mood/theme---film"	0.639333	0.278667	0.281333
track_1012007	artist_431465	album_119184	1012007.mp3	150.0	"mood/theme---emotional	mood/theme---epic	mood/theme---film"	0.639333	0.278667	0.281333
track_1014400	artist_007584	album_119428	1014400.mp3	163.8	"mood/theme---sad	mood/theme---space"	0.025	-0.35	-0.278
track_1018801	artist_378747	album_119982	1018801.mp3	212.1	mood/theme---hopeful	0.894	-0.286	0.254
track_1023305	artist_432273	album_120335	1023305.mp3	115.3	"mood/theme---documentary	mood/theme---dream"	0.466	-0.63	-0.076
track_1023306	artist_432273	album_120335	1023306.mp3	133.6	mood/theme---documentary	0.244	-0.574	0.192
track_1024405	artist_365142	album_120421	1024405.mp3	211.8	"mood/theme---emotional	mood/theme---hopeful	mood/theme---love"	0.816	0.158667	0.18
track_1026811	artist_370789	album_120715	1026811.mp3	215.3	"mood/theme---sad	mood/theme---slow"	-0.418	-0.6305	-0.705
track_1027507	artist_432967	album_120820	1027507.mp3	448.1	mood/theme---relaxing	0.708	-0.686	-0.05
track_1027508	artist_432967	album_120820	1027508.mp3	450.6	mood/theme---relaxing	0.708	-0.686	-0.05
track_1027705	artist_432967	album_120854	1027705.mp3	395.1	mood/theme---relaxing	0.708	-0.686	-0.05
track_1027906	artist_348448	album_120865	1027906.mp3	228.6	mood/theme---positive	0.918	0.02	0.71
track_1027907	artist_348448	album_120865	1027907.mp3	190.9	mood/theme---positive	0.918	0.02	0.71
track_1027909	artist_348448	album_120865	1027909.mp3	159.8	mood/theme---motivational	0.812	0.292	0.716
track_1028503	artist_433123	album_120924	1028503.mp3	741.2	"mood/theme---meditative	mood/theme---relaxing"	0.468	-0.723	-0.071
track_1028504	artist_433123	album_120924	1028504.mp3	477.1	"mood/theme---meditative	mood/theme---relaxing"	0.468	-0.723	-0.071
track_1028505	artist_433123	album_120924	1028505.mp3	567.0	"mood/theme---meditative	mood/theme---relaxing"	0.468	-0.723	-0.071
track_1028506	artist_433123	album_120924	1028506.mp3	510.0	"mood/theme---meditative	mood/theme---relaxing"	0.468	-0.723	-0.071
track_1028507	artist_433123	album_120924	1028507.mp3	605.0	"mood/theme---meditative	mood/theme---relaxing"	0.468	-0.723	-0.071
track_1028508	artist_433123	album_120924	1028508.mp3	602.8	"mood/theme---meditative	mood/theme---relaxing"	0.468	-0.723	-0.071
track_1028900	artist_366613	album_120946	1028900.mp3	152.0	mood/theme---sad	-0.55	-0.334	-0.702
track_1028901	artist_366613	album_120946	1028901.mp3	131.6	mood/theme---sad	-0.55	-0.334	-0.702
track_1028902	artist_366613	album_120946	1028902.mp3	239.3	mood/theme---sad	-0.55	-0.334	-0.702
track_1028903	artist_366613	album_120946	1028903.mp3	124.5	mood/theme---sad	-0.55	-0.334	-0.702
track_1028904	artist_366613	album_120946	1028904.mp3	164.3	mood/theme---sad	-0.55	-0.334	-0.702
track_1028905	artist_366613	album_120946	1028905.mp3	138.7	mood/theme---sad	-0.55	-0.334	-0.702
track_1028906	artist_366613	album_120946	1028906.mp3	138.0	mood/theme---sad	-0.55	-0.334	-0.702
track_1028908	artist_366613	album_120946	1028908.mp3	157.7	mood/theme---sad	-0.55	-0.334	-0.702
track_1028910	artist_366613	album_120946	1028910.mp3	141.6	mood/theme---sad	-0.55	-0.334	-0.702
track_1028911	artist_366613	album_120946	1028911.mp3	221.9	mood/theme---sad	-0.55	-0.334	-0.702
track_1028912	artist_366613	album_120946	1028912.mp3	243.1	mood/theme---sad	-0.55	-0.334	-0.702
track_1029002	artist_339574	album_120961	1029002.mp3	251.1	"mood/theme---epic	mood/theme---powerful"	0.64	0.543	0.8255
track_1029507	artist_433352	album_121048	1029507.mp3	197.0	mood/theme---ambiental	0.708	-0.686	-0.05
track_1029508	artist_433352	album_121048	1029508.mp3	207.6	mood/theme---ambiental	0.708	-0.686	-0.05
track_1029509	artist_433352	album_121048	1029509.mp3	219.6	mood/theme---ambiental	0.708	-0.686	-0.05
track_1029510	artist_433352	album_121048	1029510.mp3	197.5	mood/theme---ambiental	0.708	-0.686	-0.05
track_1029512	artist_433352	album_121048	1029512.mp3	180.3	mood/theme---ambiental	0.708	-0.686	-0.05
track_1029909	artist_423996	album_121099	1029909.mp3	2642.7	mood/theme---dark	-0.604	-0.204	-0.148
track_1030101	artist_431422	album_121126	1030101.mp3	166.3	"mood/theme---deep	mood/theme---melodic"	0.4565	0.092	0.231
track_1030102	artist_431422	album_121126	1030102.mp3	358.0	"mood/theme---deep	mood/theme---melodic"	0.4565	0.092	0.231
track_1031105	artist_375935	album_121299	1031105.mp3	130.0	"mood/theme---commercial	mood/theme---corporate	mood/theme---energetic	mood/theme---motivational	mood/theme---uplifting"	0.5688	0.2024	0.4552
track_1031106	artist_370893	album_121305	1031106.mp3	312.0	mood/theme---slow	-0.286	-0.927	-0.708
track_1031108	artist_370893	album_121305	1031108.mp3	450.5	mood/theme---slow	-0.286	-0.927	-0.708
track_1032700	artist_007584	album_121538	1032700.mp3	245.5	"mood/theme---fun	mood/theme---space"	0.718	0.16	0.24
track_1032701	artist_007584	album_121538	1032701.mp3	177.7	"mood/theme---fun	mood/theme---space	mood/theme---uplifting"	0.659333	0.138667	0.23
track_1032702	artist_007584	album_121538	1032702.mp3	236.6	mood/theme---space	0.6	-0.366	0.146
track_1032802	artist_432148	album_121545	1032802.mp3	198.5	mood/theme---cool	0.77	0.08	0.562
track_1032908	artist_433686	album_121570	1032908.mp3	251.2	mood/theme---love	0.996	0.334	0.234
track_1032911	artist_433686	album_121570	1032911.mp3	234.8	mood/theme---melancholic	-0.638	-0.388	-0.446
track_1032912	artist_433686	album_121570	1032912.mp3	237.9	"mood/theme---melancholic	mood/theme---sad"	-0.594	-0.361	-0.574
track_1033908	artist_422519	album_121726	1033908.mp3	261.4	mood/theme---emotional	0.558	0.428	0.052
track_1033909	artist_422519	album_121726	1033909.mp3	168.5	mood/theme---emotional	0.558	0.428	0.052
track_1033910	artist_422519	album_121726	1033910.mp3	144.3	mood/theme---emotional	0.558	0.428	0.052
track_1033911	artist_422519	album_121726	1033911.mp3	118.2	mood/theme---emotional	0.558	0.428	0.052
track_1033912	artist_422519	album_121726	1033912.mp3	188.3	mood/theme---emotional	0.558	0.428	0.052
track_1034807	artist_367193	album_121808	1034807.mp3	268.2	mood/theme---party	0.896	0.68	0.094
track_1036003	artist_420821	album_121960	1036003.mp3	202.0	mood/theme---romantic	0.872	0.062	0.196
track_1036105	artist_369180	album_121991	1036105.mp3	290.4	mood/theme---inspiring	0.542	0.096	0.21
track_1036106	artist_369180	album_121991	1036106.mp3	311.3	mood/theme---emotional	0.558	0.428	0.052
track_1036107	artist_369180	album_121991	1036107.mp3	405.0	mood/theme---inspiring	0.542	0.096	0.21
track_1036108	artist_369180	album_121991	1036108.mp3	341.0	"mood/theme---dream	mood/theme---emotional	mood/theme---inspiring"	0.596	-0.054	-0.027333
track_1036110	artist_369180	album_121991	1036110.mp3	210.1	"mood/theme---emotional	mood/theme---inspiring"	0.55	0.262	0.131
track_1036802	artist_434427	album_122056	1036802.mp3	261.8	mood/theme---ballad	0.584	-0.432	-0.152
track_1037711	artist_369529	album_122188	1037711.mp3	264.7	"mood/theme---emotional	mood/theme---film"	0.602	0.205	0.092
track_1037900	artist_347673	album_122208	1037900.mp3	174.0	"mood/theme---ambiental	mood/theme---background"	0.253	-0.486	-0.027
track_1037901	artist_347673	album_122208	1037901.mp3	200.0	"mood/theme---ambiental	mood/theme---background"	0.253	-0.486	-0.027
track_1038507	artist_434449	album_122310	1038507.mp3	183.7	mood/theme---groovy	0.23	0.076	-0.072
track_1038508	artist_361044	album_122311	1038508.mp3	281.7	mood/theme---action	0.52	0.796	0.604
track_1038509	artist_361044	album_122311	1038509.mp3	172.0	mood/theme---action	0.52	0.796	0.604
track_1038510	artist_361044	album_122311	1038510.mp3	179.1	"mood/theme---action	mood/theme---adventure"	0.677	0.755	0.512
track_1038511	artist_361044	album_122311	1038511.mp3	221.8	"mood/theme---action	mood/theme---adventure"	0.677	0.755	0.512
track_1038512	artist_361044	album_122311	1038512.mp3	359.9	"mood/theme---action	mood/theme---adventure"	0.677	0.755	0.512
track_1041104	artist_434893	album_122878	1041104.mp3	158.7	mood/theme---energetic	0.694	0.736	0.804
track_1041500	artist_435024	album_122690	1041500.mp3	232.1	mood/theme---melodic	0.933	0.238	0.148
track_1042000	artist_434945	album_122750	1042000.mp3	70.0	"mood/theme---drama	mood/theme---film"	0.253	0.246	0.047
track_1042001	artist_434945	album_122750	1042001.mp3	54.1	"mood/theme---drama	mood/theme---film"	0.253	0.246	0.047
track_1042002	artist_434945	album_122750	1042002.mp3	64.7	"mood/theme---drama	mood/theme---film"	0.253	0.246	0.047
track_1042003	artist_434945	album_122750	1042003.mp3	118.0	"mood/theme---drama	mood/theme---film"	0.253	0.246	0.047
track_1042004	artist_434945	album_122750	1042004.mp3	73.1	"mood/theme---drama	mood/theme---film"	0.253	0.246	0.047
track_1042006	artist_434945	album_122750	1042006.mp3	80.5	"mood/theme---drama	mood/theme---film"	0.253	0.246	0.047
track_1042007	artist_434945	album_122750	1042007.mp3	52.1	"mood/theme---drama	mood/theme---film"	0.253	0.246	0.047
track_1042008	artist_434945	album_122750	1042008.mp3	96.8	"mood/theme---drama	mood/theme---film"	0.253	0.246	0.047
track_1042009	artist_434945	album_122750	1042009.mp3	48.1	"mood/theme---drama	mood/theme---film"	0.253	0.246	0.047
track_1042010	artist_434945	album_122750	1042010.mp3	68.0	"mood/theme---drama	mood/theme---film"	0.253	0.246	0.047
track_1042011	artist_434945	album_122750	1042011.mp3	52.0	"mood/theme---drama	mood/theme---film"	0.253	0.246	0.047
track_1042012	artist_434945	album_122750	1042012.mp3	50.1	"mood/theme---drama	mood/theme---film"	0.253	0.246	0.047
track_1044810	artist_362473	album_123046	1044810.mp3	127.3	"mood/theme---dream	mood/theme---emotional"	0.623	-0.129	-0.146
track_1044811	artist_362473	album_123046	1044811.mp3	329.6	"mood/theme---dream	mood/theme---emotional"	0.623	-0.129	-0.146
track_1044812	artist_362473	album_123046	1044812.mp3	178.7	"mood/theme---dream	mood/theme---emotional"	0.623	-0.129	-0.146
track_1048300	artist_435725	album_123543	1048300.mp3	108.0	mood/theme---film	0.646	-0.018	0.132
track_1048301	artist_435725	album_123543	1048301.mp3	105.0	mood/theme---film	0.646	-0.018	0.132
track_1048302	artist_008094	album_123550	1048302.mp3	215.9	"mood/theme---emotional	mood/theme---film"	0.602	0.205	0.092
track_1048303	artist_008094	album_123550	1048303.mp3	292.0	"mood/theme---emotional	mood/theme---film"	0.602	0.205	0.092
track_1048304	artist_008094	album_123550	1048304.mp3	224.0	"mood/theme---emotional	mood/theme---film"	0.602	0.205	0.092
track_1048305	artist_008094	album_123550	1048305.mp3	288.3	"mood/theme---emotional	mood/theme---film"	0.602	0.205	0.092
track_1049512	artist_008094	album_123610	1049512.mp3	225.6	"mood/theme---emotional	mood/theme---film"	0.602	0.205	0.092
track_1049702	artist_008094	album_123636	1049702.mp3	224.0	"mood/theme---emotional	mood/theme---film"	0.602	0.205	0.092
track_1049703	artist_008094	album_123636	1049703.mp3	247.3	"mood/theme---emotional	mood/theme---film"	0.602	0.205	0.092
track_1049704	artist_008094	album_123636	1049704.mp3	280.9	"mood/theme---emotional	mood/theme---film"	0.602	0.205	0.092
track_1049705	artist_008094	album_123636	1049705.mp3	262.6	"mood/theme---emotional	mood/theme---film"	0.602	0.205	0.092
track_1049706	artist_008094	album_123636	1049706.mp3	269.6	"mood/theme---emotional	mood/theme---film"	0.602	0.205	0.092
track_1049707	artist_008094	album_123636	1049707.mp3	259.5	"mood/theme---emotional	mood/theme---film"	0.602	0.205	0.092
track_1049708	artist_008094	album_123636	1049708.mp3	251.0	"mood/theme---emotional	mood/theme---film"	0.602	0.205	0.092
track_1049709	artist_008094	album_123636	1049709.mp3	210.2	"mood/theme---emotional	mood/theme---film"	0.602	0.205	0.092
track_1049710	artist_008094	album_123636	1049710.mp3	221.4	"mood/theme---emotional	mood/theme---film"	0.602	0.205	0.092
track_1049711	artist_008094	album_123636	1049711.mp3	278.1	"mood/theme---emotional	mood/theme---film"	0.602	0.205	0.092
track_1049712	artist_008094	album_123636	1049712.mp3	280.0	"mood/theme---emotional	mood/theme---film"	0.602	0.205	0.092
track_1051204	artist_436034	album_123815	1051204.mp3	263.1	mood/theme---love	0.996	0.334	0.234
track_1051207	artist_436034	album_123815	1051207.mp3	168.6	"mood/theme---happy	mood/theme---hopeful"	0.9395	0.092	0.322
track_1052307	artist_432545	album_123927	1052307.mp3	64.0	"mood/theme---advertising	mood/theme---documentary	mood/theme---film"	0.378	-0.125333	0.196
track_1052308	artist_432545	album_123927	1052308.mp3	80.0	"mood/theme---advertising	mood/theme---documentary	mood/theme---film"	0.378	-0.125333	0.196
track_1052309	artist_432545	album_123927	1052309.mp3	104.0	"mood/theme---advertising	mood/theme---documentary	mood/theme---film"	0.378	-0.125333	0.196
track_1052310	artist_432545	album_123927	1052310.mp3	123.1	"mood/theme---advertising	mood/theme---documentary	mood/theme---film"	0.378	-0.125333	0.196
track_1052311	artist_432545	album_123927	1052311.mp3	65.8	"mood/theme---advertising	mood/theme---documentary	mood/theme---film"	0.378	-0.125333	0.196
track_1052312	artist_432545	album_123927	1052312.mp3	62.0	"mood/theme---advertising	mood/theme---documentary	mood/theme---film"	0.378	-0.125333	0.196
track_1052800	artist_368389	album_124010	1052800.mp3	137.4	mood/theme---hopeful	0.894	-0.286	0.254
track_1052801	artist_368389	album_124010	1052801.mp3	234.0	mood/theme---hopeful	0.894	-0.286	0.254
track_1053502	artist_435992	album_124137	1053502.mp3	254.5	mood/theme---energetic	0.694	0.736	0.804
track_1053503	artist_435992	album_124137	1053503.mp3	369.0	mood/theme---energetic	0.694	0.736	0.804
track_1053504	artist_435992	album_124137	1053504.mp3	328.5	mood/theme---energetic	0.694	0.736	0.804
track_1053505	artist_435992	album_124137	1053505.mp3	265.0	mood/theme---energetic	0.694	0.736	0.804
track_1053506	artist_435992	album_124137	1053506.mp3	278.5	mood/theme---energetic	0.694	0.736	0.804
track_1053507	artist_435992	album_124137	1053507.mp3	353.5	mood/theme---energetic	0.694	0.736	0.804
track_1053508	artist_435992	album_124137	1053508.mp3	314.5	mood/theme---energetic	0.694	0.736	0.804
track_1053509	artist_435992	album_124137	1053509.mp3	264.0	mood/theme---energetic	0.694	0.736	0.804
track_1053510	artist_435992	album_124137	1053510.mp3	286.0	mood/theme---energetic	0.694	0.736	0.804
track_1053511	artist_435992	album_124137	1053511.mp3	287.6	mood/theme---energetic	0.694	0.736	0.804
track_1053609	artist_431108	album_124153	1053609.mp3	150.9	mood/theme---meditative	0.228	-0.76	-0.092
track_1053610	artist_431108	album_124153	1053610.mp3	108.3	mood/theme---meditative	0.228	-0.76	-0.092
track_1055908	artist_004854	album_124487	1055908.mp3	309.4	mood/theme---energetic	0.694	0.736	0.804
track_1055911	artist_007051	album_124488	1055911.mp3	335.5	mood/theme---meditative	0.228	-0.76	-0.092
track_1056400	artist_375104	album_124594	1056400.mp3	30.0	mood/theme---dream	0.688	-0.686	-0.344
track_1056402	artist_375104	album_124594	1056402.mp3	253.2	mood/theme---dream	0.688	-0.686	-0.344
track_1056405	artist_375104	album_124594	1056405.mp3	110.3	mood/theme---dream	0.688	-0.686	-0.344
track_1056406	artist_375104	album_124594	1056406.mp3	30.3	mood/theme---dream	0.688	-0.686	-0.344
track_1056407	artist_375104	album_124594	1056407.mp3	127.1	mood/theme---dream	0.688	-0.686	-0.344
track_1056409	artist_375104	album_124594	1056409.mp3	216.9	mood/theme---dream	0.688	-0.686	-0.344
track_1056411	artist_375104	album_124594	1056411.mp3	30.9	mood/theme---dream	0.688	-0.686	-0.344
track_1057311	artist_436816	album_124681	1057311.mp3	192.1	mood/theme---relaxing	0.708	-0.686	-0.05
track_1057312	artist_436816	album_124681	1057312.mp3	224.1	mood/theme---relaxing	0.708	-0.686	-0.05
track_1057411	artist_007872	album_124697	1057411.mp3	216.9	"mood/theme---energetic	mood/theme---upbeat"	0.725	0.399	0.704
track_1057412	artist_007872	album_124697	1057412.mp3	216.9	"mood/theme---energetic	mood/theme---upbeat"	0.725	0.399	0.704
track_1057709	artist_348759	album_124741	1057709.mp3	289.0	mood/theme---emotional	0.558	0.428	0.052
track_1057808	artist_373214	album_124755	1057808.mp3	41.9	mood/theme---drama	-0.14	0.51	-0.038
track_1061405	artist_007063	album_125285	1061405.mp3	185.7	mood/theme---commercial	0.612	-0.02	0.056
track_1061406	artist_007063	album_125285	1061406.mp3	153.2	mood/theme---emotional	0.558	0.428	0.052
track_1061407	artist_007063	album_125285	1061407.mp3	151.8	mood/theme---sport	0.73	0.4	0.314
track_1061409	artist_007063	album_125285	1061409.mp3	208.0	"mood/theme---drama	mood/theme---emotional"	0.209	0.469	0.007
track_1061410	artist_007063	album_125285	1061410.mp3	185.5	mood/theme---commercial	0.612	-0.02	0.056
track_1061412	artist_007063	album_125285	1061412.mp3	166.1	mood/theme---commercial	0.612	-0.02	0.056
track_1061502	artist_007063	album_125285	1061502.mp3	124.1	mood/theme---commercial	0.612	-0.02	0.056
track_1062500	artist_435992	album_125436	1062500.mp3	225.5	"mood/theme---calm	mood/theme---christmas	mood/theme---holiday	mood/theme---relaxing"	0.818	-0.421	0.06125
track_1062501	artist_435992	album_125436	1062501.mp3	328.0	"mood/theme---calm	mood/theme---christmas	mood/theme---holiday	mood/theme---relaxing"	0.818	-0.421	0.06125
track_1062502	artist_435992	album_125436	1062502.mp3	211.3	"mood/theme---calm	mood/theme---christmas	mood/theme---holiday	mood/theme---relaxing"	0.818	-0.421	0.06125
track_1062503	artist_435992	album_125436	1062503.mp3	228.0	"mood/theme---calm	mood/theme---christmas	mood/theme---holiday	mood/theme---relaxing"	0.818	-0.421	0.06125
track_1062504	artist_435992	album_125436	1062504.mp3	230.0	"mood/theme---calm	mood/theme---christmas	mood/theme---holiday	mood/theme---relaxing"	0.818	-0.421	0.06125
track_1062505	artist_435992	album_125436	1062505.mp3	187.5	"mood/theme---calm	mood/theme---christmas	mood/theme---holiday	mood/theme---relaxing"	0.818	-0.421	0.06125
track_1062506	artist_435992	album_125436	1062506.mp3	522.5	"mood/theme---calm	mood/theme---christmas	mood/theme---holiday	mood/theme---relaxing"	0.818	-0.421	0.06125
track_1062600	artist_428449	album_125456	1062600.mp3	183.8	"mood/theme---advertising	mood/theme---motivational"	0.528	0.254	0.49
track_1065111	artist_431036	album_125806	1065111.mp3	128.0	mood/theme---background	-0.202	-0.286	-0.004
track_1066200	artist_437998	album_126023	1066200.mp3	324.3	mood/theme---relaxing	0.708	-0.686	-0.05
track_1066201	artist_437998	album_126023	1066201.mp3	358.5	mood/theme---film	0.646	-0.018	0.132
track_1066202	artist_437998	album_126023	1066202.mp3	407.6	mood/theme---relaxing	0.708	-0.686	-0.05
track_1066203	artist_437998	album_126023	1066203.mp3	470.3	"mood/theme---adventure	mood/theme---film"	0.74	0.348	0.276
track_1066204	artist_437998	album_126023	1066204.mp3	280.6	"mood/theme---film	mood/theme---nature	mood/theme---sad"	0.27	-0.328	-0.094667
track_1066205	artist_437998	album_126023	1066205.mp3	427.3	mood/theme---relaxing	0.708	-0.686	-0.05
track_1066206	artist_437998	album_126023	1066206.mp3	291.1	"mood/theme---film	mood/theme---love	mood/theme---sad"	0.364	-0.006	-0.112
track_1066302	artist_361634	album_126002	1066302.mp3	359.0	"mood/theme---energetic	mood/theme---love	mood/theme---retro"	0.663333	0.207333	0.226667
track_1066500	artist_437980	album_126061	1066500.mp3	160.2	"mood/theme---advertising	mood/theme---happy	mood/theme---positive	mood/theme---uplifting"	0.67225	0.2005	0.3935
track_1066503	artist_437980	album_126061	1066503.mp3	164.1	"mood/theme---advertising	mood/theme---happy	mood/theme---positive	mood/theme---uplifting"	0.67225	0.2005	0.3935
track_1066505	artist_437980	album_126061	1066505.mp3	192.0	"mood/theme---advertising	mood/theme---happy	mood/theme---positive	mood/theme---uplifting"	0.67225	0.2005	0.3935
track_1066506	artist_437980	album_126061	1066506.mp3	151.7	"mood/theme---advertising	mood/theme---happy	mood/theme---positive	mood/theme---uplifting"	0.67225	0.2005	0.3935
track_1066511	artist_437980	album_126061	1066511.mp3	173.8	"mood/theme---advertising	mood/theme---emotional	mood/theme---inspiring	mood/theme---positive	mood/theme---uplifting"	0.5608	0.1712	0.2892
track_1066801	artist_437571	album_126092	1066801.mp3	217.4	mood/theme---energetic	0.694	0.736	0.804
track_1066803	artist_437571	album_126092	1066803.mp3	238.4	mood/theme---energetic	0.694	0.736	0.804
track_1066804	artist_437571	album_126092	1066804.mp3	251.3	mood/theme---energetic	0.694	0.736	0.804
track_1066805	artist_437571	album_126092	1066805.mp3	240.0	mood/theme---energetic	0.694	0.736	0.804
track_1066806	artist_437571	album_126092	1066806.mp3	228.0	mood/theme---energetic	0.694	0.736	0.804
track_1066807	artist_437571	album_126092	1066807.mp3	248.0	mood/theme---energetic	0.694	0.736	0.804
track_1068405	artist_367264	album_126290	1068405.mp3	216.0	"mood/theme---ambiental	mood/theme---relaxing"	0.708	-0.686	-0.05
track_1068406	artist_367264	album_126290	1068406.mp3	219.5	"mood/theme---ambiental	mood/theme---relaxing"	0.708	-0.686	-0.05
track_1069008	artist_007872	album_126405	1069008.mp3	218.8	mood/theme---ballad	0.584	-0.432	-0.152
track_1069009	artist_007872	album_126405	1069009.mp3	218.8	mood/theme---ballad	0.584	-0.432	-0.152
track_1069400	artist_349425	album_126603	1069400.mp3	357.4	"mood/theme---hopeful	mood/theme---melodic"	0.9135	-0.024	0.201
track_1070602	artist_341278	album_126794	1070602.mp3	92.0	mood/theme---energetic	0.694	0.736	0.804
track_1070604	artist_341278	album_126794	1070604.mp3	193.8	mood/theme---energetic	0.694	0.736	0.804
track_1070605	artist_341278	album_126794	1070605.mp3	287.5	mood/theme---energetic	0.694	0.736	0.804
track_1070701	artist_420821	album_126851	1070701.mp3	169.0	mood/theme---melodic	0.933	0.238	0.148
track_1070703	artist_435725	album_126850	1070703.mp3	85.0	mood/theme---film	0.646	-0.018	0.132
track_1070704	artist_435725	album_126850	1070704.mp3	123.2	mood/theme---film	0.646	-0.018	0.132
track_1072505	artist_359452	album_127256	1072505.mp3	297.2	"mood/theme---dream	mood/theme---love"	0.842	-0.176	-0.055
track_1072902	artist_354832	album_127466	1072902.mp3	336.9	mood/theme---party	0.896	0.68	0.094
track_1072903	artist_354832	album_127466	1072903.mp3	244.3	mood/theme---love	0.996	0.334	0.234
track_1072904	artist_354832	album_127466	1072904.mp3	229.0	mood/theme---party	0.896	0.68	0.094
track_1072906	artist_354832	album_127466	1072906.mp3	287.5	"mood/theme---fun	mood/theme---retro"	0.568	0.119	-0.012
track_1072907	artist_354832	album_127466	1072907.mp3	208.9	mood/theme---romantic	0.872	0.062	0.196
track_1072909	artist_354832	album_127466	1072909.mp3	222.6	"mood/theme---fun	mood/theme---game"	0.653	0.631	0.16
track_1072911	artist_354832	album_127466	1072911.mp3	247.2	mood/theme---melodic	0.933	0.238	0.148
track_1072912	artist_354832	album_127466	1072912.mp3	148.6	mood/theme---fun	0.836	0.686	0.334
track_1073211	artist_428449	album_127485	1073211.mp3	362.8	"mood/theme---advertising	mood/theme---motivational"	0.528	0.254	0.49
track_1073212	artist_428449	album_127485	1073212.mp3	314.7	"mood/theme---advertising	mood/theme---motivational"	0.528	0.254	0.49
track_1073700	artist_337741	album_127510	1073700.mp3	215.3	mood/theme---soundscape	0.708	-0.686	-0.05
track_1073701	artist_337741	album_127510	1073701.mp3	295.4	mood/theme---soundscape	0.708	-0.686	-0.05
track_1073702	artist_337741	album_127510	1073702.mp3	288.0	mood/theme---soundscape	0.708	-0.686	-0.05
track_1073705	artist_369472	album_127513	1073705.mp3	109.2	mood/theme---emotional	0.558	0.428	0.052
track_1073708	artist_369472	album_127513	1073708.mp3	84.3	mood/theme---emotional	0.558	0.428	0.052
track_1074904	artist_428489	album_128059	1074904.mp3	109.1	mood/theme---children	0.714	0.076	-0.13
track_1075402	artist_438714	album_128091	1075402.mp3	222.4	mood/theme---relaxing	0.708	-0.686	-0.05
track_1075802	artist_340438	album_128130	1075802.mp3	392.3	mood/theme---emotional	0.558	0.428	0.052
track_1075906	artist_370489	album_128155	1075906.mp3	265.0	mood/theme---energetic	0.694	0.736	0.804
track_1076600	artist_336640	album_128234	1076600.mp3	180.8	mood/theme---movie	0.584	0.12	-0.058
track_1076601	artist_336640	album_128234	1076601.mp3	296.2	mood/theme---movie	0.584	0.12	-0.058
track_1076602	artist_336640	album_128234	1076602.mp3	256.8	mood/theme---movie	0.584	0.12	-0.058
track_1076603	artist_336640	album_128234	1076603.mp3	289.8	mood/theme---movie	0.584	0.12	-0.058
track_1077911	artist_430529	album_128382	1077911.mp3	263.3	mood/theme---energetic	0.694	0.736	0.804
track_1078606	artist_007805	album_128459	1078606.mp3	177.2	mood/theme---film	0.646	-0.018	0.132
track_1078607	artist_007805	album_128459	1078607.mp3	69.2	mood/theme---film	0.646	-0.018	0.132
track_1078608	artist_007805	album_128459	1078608.mp3	50.6	mood/theme---film	0.646	-0.018	0.132
track_1078609	artist_007805	album_128459	1078609.mp3	50.4	mood/theme---film	0.646	-0.018	0.132
track_1078610	artist_007805	album_128459	1078610.mp3	45.5	mood/theme---film	0.646	-0.018	0.132
track_1078611	artist_007805	album_128459	1078611.mp3	489.1	mood/theme---film	0.646	-0.018	0.132
track_1078705	artist_439140	album_128469	1078705.mp3	326.4	mood/theme---energetic	0.694	0.736	0.804
track_1078706	artist_439140	album_128469	1078706.mp3	230.0	mood/theme---energetic	0.694	0.736	0.804
track_1078707	artist_439140	album_128469	1078707.mp3	102.5	mood/theme---energetic	0.694	0.736	0.804
track_1078708	artist_439140	album_128469	1078708.mp3	128.0	mood/theme---energetic	0.694	0.736	0.804
track_1078709	artist_439140	album_128469	1078709.mp3	210.1	mood/theme---energetic	0.694	0.736	0.804
track_1078710	artist_439140	album_128469	1078710.mp3	111.6	mood/theme---energetic	0.694	0.736	0.804
track_1078711	artist_439140	album_128469	1078711.mp3	303.3	mood/theme---energetic	0.694	0.736	0.804
track_1078712	artist_439140	album_128469	1078712.mp3	186.8	mood/theme---energetic	0.694	0.736	0.804
track_1079400	artist_005240	album_128551	1079400.mp3	192.0	"mood/theme---adventure	mood/theme---children	mood/theme---corporate	mood/theme---documentary	mood/theme---drama	mood/theme---film	mood/theme---funny"	0.474	0.119429	0.171143
track_1079401	artist_005240	album_128551	1079401.mp3	140.0	"mood/theme---action	mood/theme---adventure	mood/theme---documentary	mood/theme---drama	mood/theme---film"	0.4208	0.2856	0.262
track_1079805	artist_361785	album_128620	1079805.mp3	219.0	mood/theme---energetic	0.694	0.736	0.804
track_1079809	artist_355942	album_128617	1079809.mp3	246.1	mood/theme---film	0.646	-0.018	0.132
track_1079811	artist_355942	album_128617	1079811.mp3	240.8	mood/theme---film	0.646	-0.018	0.132
track_1080210	artist_351616	album_128678	1080210.mp3	259.6	mood/theme---love	0.996	0.334	0.234
track_1080900	artist_350452	album_128746	1080900.mp3	270.0	mood/theme---film	0.646	-0.018	0.132
track_1081000	artist_370789	album_128761	1081000.mp3	382.5	"mood/theme---happy	mood/theme---love"	0.9905	0.402	0.312
track_1081002	artist_370789	album_128761	1081002.mp3	300.0	"mood/theme---happy	mood/theme---love"	0.9905	0.402	0.312
track_1081003	artist_370789	album_128761	1081003.mp3	560.5	"mood/theme---happy	mood/theme---love"	0.9905	0.402	0.312
track_1081004	artist_370789	album_128761	1081004.mp3	249.1	"mood/theme---happy	mood/theme---love"	0.9905	0.402	0.312
track_1081703	artist_352416	album_128867	1081703.mp3	250.9	mood/theme---relaxing	0.708	-0.686	-0.05
track_1081704	artist_352416	album_128867	1081704.mp3	339.7	mood/theme---relaxing	0.708	-0.686	-0.05
track_1081705	artist_352416	album_128867	1081705.mp3	252.0	mood/theme---relaxing	0.708	-0.686	-0.05
track_1081706	artist_352416	album_128867	1081706.mp3	212.3	mood/theme---relaxing	0.708	-0.686	-0.05
track_1081707	artist_352416	album_128867	1081707.mp3	216.0	mood/theme---relaxing	0.708	-0.686	-0.05
track_1081708	artist_352416	album_128867	1081708.mp3	260.1	mood/theme---relaxing	0.708	-0.686	-0.05
track_1081709	artist_352416	album_128867	1081709.mp3	263.9	mood/theme---relaxing	0.708	-0.686	-0.05
track_1081710	artist_352416	album_128867	1081710.mp3	268.2	mood/theme---relaxing	0.708	-0.686	-0.05
track_1081711	artist_352416	album_128867	1081711.mp3	258.5	mood/theme---relaxing	0.708	-0.686	-0.05
track_1081712	artist_352416	album_128867	1081712.mp3	251.1	mood/theme---relaxing	0.708	-0.686	-0.05
track_1081801	artist_001365	album_128882	1081801.mp3	137.2	mood/theme---happy	0.985	0.47	0.39
track_1082100	artist_439398	album_128916	1082100.mp3	118.3	"mood/theme---love	mood/theme---movie	mood/theme---romantic	mood/theme---trailer"	0.6335	0.124	0.0795
track_1082101	artist_439398	album_128916	1082101.mp3	117.6	"mood/theme---epic	mood/theme---movie	mood/theme---trailer"	0.46	0.175333	0.182667
track_1082102	artist_439398	album_128916	1082102.mp3	106.9	"mood/theme---epic	mood/theme---trailer"	0.398	0.203	0.303
track_1082103	artist_439398	album_128916	1082103.mp3	116.0	"mood/theme---movie	mood/theme---trailer"	0.333	0.05	-0.056
track_1082105	artist_439398	album_128916	1082105.mp3	62.9	"mood/theme---movie	mood/theme---trailer"	0.333	0.05	-0.056
track_1082112	artist_368142	album_128915	1082112.mp3	264.0	mood/theme---energetic	0.694	0.736	0.804
track_1083302	artist_437980	album_129027	1083302.mp3	165.5	"mood/theme---energetic	mood/theme---happy	mood/theme---uplifting"	0.740333	0.434	0.468
track_1083303	artist_437980	album_129027	1083303.mp3	155.0	"mood/theme---energetic	mood/theme---happy	mood/theme---uplifting"	0.740333	0.434	0.468
track_1083305	artist_437980	album_129027	1083305.mp3	73.4	"mood/theme---energetic	mood/theme---happy	mood/theme---uplifting"	0.740333	0.434	0.468
track_1083409	artist_439604	album_129035	1083409.mp3	242.9	mood/theme---film	0.646	-0.018	0.132
track_1083411	artist_439604	album_129037	1083411.mp3	63.3	mood/theme---film	0.646	-0.018	0.132
track_1083412	artist_439604	album_129037	1083412.mp3	70.8	mood/theme---film	0.646	-0.018	0.132
track_1083509	artist_352428	album_129055	1083509.mp3	192.8	"mood/theme---christmas	mood/theme---soft"	0.719	-0.301	-0.027
track_1083510	artist_352428	album_129055	1083510.mp3	183.9	"mood/theme---christmas	mood/theme---soft"	0.719	-0.301	-0.027
track_1083511	artist_352428	album_129055	1083511.mp3	180.6	"mood/theme---christmas	mood/theme---soft"	0.719	-0.301	-0.027
track_1083512	artist_352428	album_129055	1083512.mp3	150.3	"mood/theme---christmas	mood/theme---soft"	0.719	-0.301	-0.027
track_1084200	artist_439398	album_129138	1084200.mp3	134.7	mood/theme---trailer	0.082	-0.02	-0.054
track_1084201	artist_439398	album_129138	1084201.mp3	78.0	mood/theme---trailer	0.082	-0.02	-0.054
track_1084710	artist_439604	album_129220	1084710.mp3	261.5	mood/theme---film	0.646	-0.018	0.132
track_1084910	artist_435725	album_129252	1084910.mp3	41.0	mood/theme---film	0.646	-0.018	0.132
track_1084911	artist_435725	album_129252	1084911.mp3	33.2	mood/theme---film	0.646	-0.018	0.132
track_1084912	artist_435725	album_129252	1084912.mp3	90.5	mood/theme---film	0.646	-0.018	0.132
track_1085610	artist_006845	album_129375	1085610.mp3	555.9	mood/theme---melodic	0.933	0.238	0.148
track_1086300	artist_360077	album_129476	1086300.mp3	58.5	mood/theme---soft	0.52	-0.642	-0.536
track_1086307	artist_350876	album_129480	1086307.mp3	223.2	mood/theme---melodic	0.933	0.238	0.148
track_1086601	artist_375935	album_129525	1086601.mp3	125.0	"mood/theme---documentary	mood/theme---travel"	0.553	-0.098	0.131
track_1087100	artist_419438	album_129599	1087100.mp3	126.6	"mood/theme---happy	mood/theme---inspiring	mood/theme---motivational	mood/theme---positive"	0.81425	0.2195	0.5065
track_1087101	artist_419438	album_129599	1087101.mp3	151.8	"mood/theme---happy	mood/theme---inspiring	mood/theme---positive"	0.815	0.195333	0.436667
track_1087102	artist_419438	album_129599	1087102.mp3	126.6	"mood/theme---happy	mood/theme---inspiring	mood/theme---motivational	mood/theme---positive"	0.81425	0.2195	0.5065
track_1087103	artist_419438	album_129599	1087103.mp3	93.9	"mood/theme---happy	mood/theme---inspiring	mood/theme---motivational	mood/theme---positive"	0.81425	0.2195	0.5065
track_1087104	artist_419438	album_129599	1087104.mp3	132.6	"mood/theme---happy	mood/theme---inspiring	mood/theme---motivational	mood/theme---positive"	0.81425	0.2195	0.5065
track_1087105	artist_419438	album_129599	1087105.mp3	127.3	"mood/theme---happy	mood/theme---inspiring	mood/theme---motivational	mood/theme---positive"	0.81425	0.2195	0.5065
track_1087106	artist_419438	album_129599	1087106.mp3	100.7	"mood/theme---happy	mood/theme---inspiring	mood/theme---motivational	mood/theme---positive"	0.81425	0.2195	0.5065
track_1087107	artist_419438	album_129599	1087107.mp3	129.4	"mood/theme---happy	mood/theme---positive"	0.9515	0.245	0.55
track_1087108	artist_419438	album_129599	1087108.mp3	163.5	"mood/theme---happy	mood/theme---inspiring	mood/theme---motivational	mood/theme---positive"	0.81425	0.2195	0.5065
track_1087109	artist_419438	album_129599	1087109.mp3	145.0	"mood/theme---happy	mood/theme---inspiring	mood/theme---motivational	mood/theme---positive"	0.81425	0.2195	0.5065
track_1087110	artist_419438	album_129599	1087110.mp3	116.2	"mood/theme---happy	mood/theme---inspiring	mood/theme---motivational	mood/theme---positive"	0.81425	0.2195	0.5065
track_1087111	artist_419438	album_129599	1087111.mp3	111.5	"mood/theme---happy	mood/theme---inspiring	mood/theme---positive"	0.815	0.195333	0.436667
track_1087112	artist_419438	album_129599	1087112.mp3	127.5	"mood/theme---happy	mood/theme---inspiring	mood/theme---motivational	mood/theme---positive"	0.81425	0.2195	0.5065
track_1088000	artist_361454	album_129710	1088000.mp3	165.5	mood/theme---sport	0.73	0.4	0.314
track_1088002	artist_361454	album_129710	1088002.mp3	92.8	"mood/theme---romantic	mood/theme---sad"	0.161	-0.136	-0.253
track_1088603	artist_375104	album_129792	1088603.mp3	30.6	"mood/theme---fun	mood/theme---game	mood/theme---happy"	0.763667	0.577333	0.236667
track_1088807	artist_370218	album_129812	1088807.mp3	336.0	mood/theme---meditative	0.228	-0.76	-0.092
track_1089300	artist_420796	album_129862	1089300.mp3	203.7	"mood/theme---meditative	mood/theme---soundscape"	0.468	-0.723	-0.071
track_1089301	artist_420796	album_129862	1089301.mp3	578.7	"mood/theme---meditative	mood/theme---soundscape"	0.468	-0.723	-0.071
track_1089302	artist_420796	album_129862	1089302.mp3	793.4	"mood/theme---meditative	mood/theme---soundscape"	0.468	-0.723	-0.071
track_1089303	artist_420796	album_129862	1089303.mp3	756.2	"mood/theme---meditative	mood/theme---soundscape"	0.468	-0.723	-0.071
track_1090700	artist_423996	album_130006	1090700.mp3	197.7	mood/theme---dark	-0.604	-0.204	-0.148
track_1090701	artist_423996	album_130006	1090701.mp3	175.9	mood/theme---dark	-0.604	-0.204	-0.148
track_1092901	artist_425618	album_130262	1092901.mp3	175.5	mood/theme---film	0.646	-0.018	0.132
track_1093009	artist_351084	album_130268	1093009.mp3	344.8	mood/theme---soundscape	0.708	-0.686	-0.05
track_1093606	artist_378695	album_130347	1093606.mp3	218.2	"mood/theme---energetic	mood/theme---upbeat"	0.725	0.399	0.704
track_1093607	artist_378695	album_130347	1093607.mp3	270.7	"mood/theme---energetic	mood/theme---upbeat"	0.725	0.399	0.704
track_1093608	artist_378695	album_130347	1093608.mp3	268.6	"mood/theme---energetic	mood/theme---upbeat"	0.725	0.399	0.704
track_1093609	artist_378695	album_130347	1093609.mp3	222.0	"mood/theme---energetic	mood/theme---upbeat"	0.725	0.399	0.704
track_1093610	artist_378695	album_130347	1093610.mp3	241.9	"mood/theme---energetic	mood/theme---upbeat"	0.725	0.399	0.704
track_1093612	artist_375935	album_130346	1093612.mp3	157.8	"mood/theme---happy	mood/theme---motivational"	0.8985	0.381	0.553
track_1095102	artist_428449	album_130556	1095102.mp3	390.3	"mood/theme---advertising	mood/theme---hopeful	mood/theme---motivational	mood/theme---nature	mood/theme---relaxing"	0.6744	-0.2192	0.294
track_1095103	artist_428449	album_130556	1095103.mp3	266.8	"mood/theme---advertising	mood/theme---motivational"	0.528	0.254	0.49
track_1095104	artist_428449	album_130556	1095104.mp3	193.9	"mood/theme---advertising	mood/theme---motivational"	0.528	0.254	0.49
track_1095105	artist_428449	album_130556	1095105.mp3	255.4	"mood/theme---advertising	mood/theme---motivational"	0.528	0.254	0.49
track_1095106	artist_428449	album_130556	1095106.mp3	298.2	"mood/theme---adventure	mood/theme---advertising	mood/theme---dramatic	mood/theme---motivational	mood/theme---romantic"	0.4992	0.3688	0.2964
track_1095107	artist_428449	album_130556	1095107.mp3	266.8	"mood/theme---advertising	mood/theme---motivational"	0.528	0.254	0.49
track_1095108	artist_428449	album_130556	1095108.mp3	273.7	"mood/theme---advertising	mood/theme---motivational"	0.528	0.254	0.49
track_1095109	artist_428449	album_130556	1095109.mp3	319.2	"mood/theme---advertising	mood/theme---motivational"	0.528	0.254	0.49
track_1095110	artist_428449	album_130556	1095110.mp3	399.6	"mood/theme---advertising	mood/theme---motivational"	0.528	0.254	0.49
track_1095111	artist_428449	album_130556	1095111.mp3	362.0	"mood/theme---advertising	mood/theme---epic	mood/theme---motivational	mood/theme---nature"	0.621	0.0755	0.4815
track_1095112	artist_428449	album_130556	1095112.mp3	288.2	"mood/theme---advertising	mood/theme---dramatic	mood/theme---motivational	mood/theme---romantic"	0.4155	0.2825	0.2655
track_1096306	artist_377939	album_130715	1096306.mp3	338.2	"mood/theme---dark	mood/theme---energetic"	0.045	0.266	0.328
track_1096307	artist_377939	album_130715	1096307.mp3	279.4	"mood/theme---dark	mood/theme---energetic"	0.045	0.266	0.328
track_1096308	artist_377939	album_130715	1096308.mp3	176.2	"mood/theme---dark	mood/theme---energetic"	0.045	0.266	0.328
track_1096511	artist_357317	album_130748	1096511.mp3	295.7	"mood/theme---energetic	mood/theme---happy	mood/theme---melodic"	0.870667	0.481333	0.447333
track_1096800	artist_376671	album_130817	1096800.mp3	275.0	mood/theme---sad	-0.55	-0.334	-0.702
track_1097804	artist_337328	album_130917	1097804.mp3	406.3	mood/theme---film	0.646	-0.018	0.132
track_1098504	artist_432966	album_131024	1098504.mp3	254.0	mood/theme---relaxing	0.708	-0.686	-0.05
track_1100002	artist_004488	album_131255	1100002.mp3	224.4	mood/theme---children	0.714	0.076	-0.13
track_1101300	artist_366162	album_131416	1101300.mp3	198.8	mood/theme---meditative	0.228	-0.76	-0.092
track_1101810	artist_428449	album_131494	1101810.mp3	292.2	"mood/theme---advertising	mood/theme---motivational"	0.528	0.254	0.49
track_1102300	artist_420821	album_131556	1102300.mp3	291.6	mood/theme---melodic	0.933	0.238	0.148
track_1102806	artist_005373	album_131628	1102806.mp3	293.1	mood/theme---epic	0.714	0.426	0.66
track_1102807	artist_005373	album_131628	1102807.mp3	170.3	mood/theme---commercial	0.612	-0.02	0.056
track_1102808	artist_005373	album_131628	1102808.mp3	137.6	mood/theme---commercial	0.612	-0.02	0.056
track_1102809	artist_005373	album_131628	1102809.mp3	197.6	mood/theme---commercial	0.612	-0.02	0.056
track_1103000	artist_368292	album_131648	1103000.mp3	208.1	mood/theme---sexy	0.73	0.89	0.604
track_1103300	artist_000560	album_131693	1103300.mp3	263.8	mood/theme---action	0.52	0.796	0.604
track_1103301	artist_000560	album_131693	1103301.mp3	210.1	mood/theme---action	0.52	0.796	0.604
track_1103302	artist_000560	album_131693	1103302.mp3	213.9	mood/theme---action	0.52	0.796	0.604
track_1103303	artist_000560	album_131693	1103303.mp3	160.4	mood/theme---action	0.52	0.796	0.604
track_1103304	artist_000560	album_131693	1103304.mp3	98.3	mood/theme---action	0.52	0.796	0.604
track_1103308	artist_415317	album_131700	1103308.mp3	266.0	"mood/theme---advertising	mood/theme---corporate	mood/theme---happy"	0.471	0.198	0.381333
track_1103309	artist_415317	album_131700	1103309.mp3	388.6	"mood/theme---advertising	mood/theme---corporate	mood/theme---motivational"	0.413333	0.138667	0.49
track_1105300	artist_440884	album_131977	1105300.mp3	256.0	"mood/theme---meditative	mood/theme---movie"	0.406	-0.32	-0.075
track_1105508	artist_370789	album_131999	1105508.mp3	666.5	mood/theme---children	0.714	0.076	-0.13
track_1105603	artist_361297	album_132012	1105603.mp3	90.5	mood/theme---ballad	0.584	-0.432	-0.152
track_1108005	artist_339449	album_132337	1108005.mp3	289.6	"mood/theme---dark	mood/theme---love	mood/theme---romantic"	0.421333	0.064	0.094
track_1108208	artist_437812	album_132359	1108208.mp3	186.6	mood/theme---advertising	0.244	0.216	0.264
track_1108302	artist_339574	album_132369	1108302.mp3	237.9	"mood/theme---energetic	mood/theme---happy	mood/theme---positive"	0.865667	0.408667	0.634667
track_1108512	artist_347673	album_132396	1108512.mp3	188.0	mood/theme---background	-0.202	-0.286	-0.004
track_1109811	artist_437998	album_132617	1109811.mp3	147.6	"mood/theme---dream	mood/theme---relaxing	mood/theme---soft"	0.638667	-0.671333	-0.31
track_1109812	artist_437998	album_132617	1109812.mp3	142.0	"mood/theme---dream	mood/theme---relaxing	mood/theme---soft"	0.638667	-0.671333	-0.31
track_1109900	artist_441505	album_132604	1109900.mp3	129.8	mood/theme---advertising	0.244	0.216	0.264
track_1109901	artist_441505	album_132604	1109901.mp3	184.7	mood/theme---advertising	0.244	0.216	0.264
track_1109902	artist_441505	album_132604	1109902.mp3	60.1	mood/theme---advertising	0.244	0.216	0.264
track_1109903	artist_441505	album_132604	1109903.mp3	178.4	mood/theme---advertising	0.244	0.216	0.264
track_1109904	artist_441505	album_132604	1109904.mp3	101.6	mood/theme---advertising	0.244	0.216	0.264
track_1109905	artist_441505	album_132604	1109905.mp3	154.1	mood/theme---advertising	0.244	0.216	0.264
track_1109906	artist_441505	album_132604	1109906.mp3	184.9	mood/theme---advertising	0.244	0.216	0.264
track_1109907	artist_441505	album_132604	1109907.mp3	69.7	mood/theme---advertising	0.244	0.216	0.264
track_1109908	artist_441505	album_132604	1109908.mp3	130.0	mood/theme---advertising	0.244	0.216	0.264
track_1109909	artist_441505	album_132604	1109909.mp3	199.5	mood/theme---advertising	0.244	0.216	0.264
track_1109910	artist_441505	album_132604	1109910.mp3	234.0	mood/theme---advertising	0.244	0.216	0.264
track_1109911	artist_441505	album_132604	1109911.mp3	152.0	mood/theme---advertising	0.244	0.216	0.264
track_1110000	artist_441505	album_132615	1110000.mp3	89.1	"mood/theme---fun	mood/theme---happy"	0.9105	0.578	0.362
track_1110001	artist_441505	album_132615	1110001.mp3	70.6	"mood/theme---fun	mood/theme---happy"	0.9105	0.578	0.362
track_1110002	artist_441505	album_132615	1110002.mp3	38.5	"mood/theme---fun	mood/theme---happy"	0.9105	0.578	0.362
track_1110004	artist_441505	album_132615	1110004.mp3	89.1	"mood/theme---fun	mood/theme---happy"	0.9105	0.578	0.362
track_1110005	artist_441505	album_132615	1110005.mp3	76.9	"mood/theme---fun	mood/theme---happy"	0.9105	0.578	0.362
track_1110006	artist_441505	album_132615	1110006.mp3	179.2	"mood/theme---fun	mood/theme---happy"	0.9105	0.578	0.362
track_1110007	artist_441505	album_132615	1110007.mp3	72.2	"mood/theme---fun	mood/theme---happy"	0.9105	0.578	0.362
track_1110008	artist_441505	album_132615	1110008.mp3	86.4	"mood/theme---fun	mood/theme---happy"	0.9105	0.578	0.362
track_1110009	artist_441505	album_132615	1110009.mp3	42.4	"mood/theme---fun	mood/theme---happy"	0.9105	0.578	0.362
track_1110010	artist_441505	album_132615	1110010.mp3	153.6	"mood/theme---fun	mood/theme---happy"	0.9105	0.578	0.362
track_1110011	artist_441505	album_132615	1110011.mp3	49.6	"mood/theme---fun	mood/theme---happy"	0.9105	0.578	0.362
track_1110012	artist_441505	album_132615	1110012.mp3	53.4	"mood/theme---fun	mood/theme---happy"	0.9105	0.578	0.362
track_1110302	artist_438392	album_132642	1110302.mp3	147.8	"mood/theme---love	mood/theme---slow"	0.355	-0.2965	-0.237
track_1110500	artist_441505	album_132664	1110500.mp3	178.7	mood/theme---uplifting	0.542	0.096	0.21
track_1110501	artist_441505	album_132664	1110501.mp3	140.0	mood/theme---uplifting	0.542	0.096	0.21
track_1110502	artist_441505	album_132664	1110502.mp3	84.9	mood/theme---uplifting	0.542	0.096	0.21
track_1110503	artist_441505	album_132664	1110503.mp3	240.0	mood/theme---uplifting	0.542	0.096	0.21
track_1110504	artist_441505	album_132664	1110504.mp3	131.1	mood/theme---uplifting	0.542	0.096	0.21
track_1110505	artist_441505	album_132664	1110505.mp3	98.6	mood/theme---uplifting	0.542	0.096	0.21
track_1110506	artist_441505	album_132664	1110506.mp3	89.3	mood/theme---uplifting	0.542	0.096	0.21
track_1110507	artist_441505	album_132664	1110507.mp3	320.1	mood/theme---uplifting	0.542	0.096	0.21
track_1110508	artist_441505	album_132664	1110508.mp3	197.8	mood/theme---uplifting	0.542	0.096	0.21
track_1110509	artist_441505	album_132664	1110509.mp3	52.8	mood/theme---uplifting	0.542	0.096	0.21
track_1110510	artist_441505	album_132664	1110510.mp3	118.2	mood/theme---uplifting	0.542	0.096	0.21
track_1110511	artist_441505	album_132664	1110511.mp3	67.6	mood/theme---uplifting	0.542	0.096	0.21
track_1110512	artist_441505	album_132664	1110512.mp3	47.6	mood/theme---uplifting	0.542	0.096	0.21
track_1110802	artist_434337	album_132696	1110802.mp3	195.1	mood/theme---party	0.896	0.68	0.094
track_1111209	artist_441157	album_132711	1111209.mp3	290.4	mood/theme---energetic	0.694	0.736	0.804
track_1112000	artist_441505	album_132807	1112000.mp3	88.8	"mood/theme---happy	mood/theme---melodic"	0.959	0.354	0.269
track_1112001	artist_441505	album_132807	1112001.mp3	165.6	"mood/theme---happy	mood/theme---melodic"	0.959	0.354	0.269
track_1112002	artist_441505	album_132807	1112002.mp3	96.0	"mood/theme---happy	mood/theme---melodic"	0.959	0.354	0.269
track_1112003	artist_441505	album_132807	1112003.mp3	146.6	"mood/theme---happy	mood/theme---melodic"	0.959	0.354	0.269
track_1112004	artist_441505	album_132807	1112004.mp3	121.4	"mood/theme---happy	mood/theme---melodic"	0.959	0.354	0.269
track_1112005	artist_441505	album_132807	1112005.mp3	234.9	"mood/theme---happy	mood/theme---melodic"	0.959	0.354	0.269
track_1112006	artist_441505	album_132808	1112006.mp3	53.6	mood/theme---melodic	0.933	0.238	0.148
track_1112007	artist_441505	album_132808	1112007.mp3	113.2	mood/theme---melodic	0.933	0.238	0.148
track_1112008	artist_441505	album_132808	1112008.mp3	195.7	mood/theme---melodic	0.933	0.238	0.148
track_1112009	artist_441505	album_132808	1112009.mp3	81.0	mood/theme---melodic	0.933	0.238	0.148
track_1112010	artist_441505	album_132808	1112010.mp3	59.8	mood/theme---melodic	0.933	0.238	0.148
track_1112011	artist_441505	album_132808	1112011.mp3	125.5	mood/theme---melodic	0.933	0.238	0.148
track_1112012	artist_441505	album_132808	1112012.mp3	105.4	mood/theme---melodic	0.933	0.238	0.148
track_1113505	artist_363557	album_132973	1113505.mp3	268.9	mood/theme---slow	-0.286	-0.927	-0.708
track_1114210	artist_440884	album_133095	1114210.mp3	248.0	"mood/theme---melodic	mood/theme---movie"	0.7585	0.179	0.045
track_1115302	artist_433825	album_133252	1115302.mp3	231.1	mood/theme---film	0.646	-0.018	0.132
track_1115604	artist_441505	album_133290	1115604.mp3	92.6	mood/theme---melodic	0.933	0.238	0.148
track_1115605	artist_441505	album_133290	1115605.mp3	153.5	mood/theme---melodic	0.933	0.238	0.148
track_1115606	artist_441505	album_133290	1115606.mp3	105.8	mood/theme---melodic	0.933	0.238	0.148
track_1115607	artist_441505	album_133290	1115607.mp3	105.9	mood/theme---melodic	0.933	0.238	0.148
track_1115608	artist_441505	album_133290	1115608.mp3	115.7	mood/theme---melodic	0.933	0.238	0.148
track_1115609	artist_441505	album_133290	1115609.mp3	95.2	mood/theme---melodic	0.933	0.238	0.148
track_1115610	artist_441505	album_133290	1115610.mp3	178.7	mood/theme---melodic	0.933	0.238	0.148
track_1115611	artist_441505	album_133290	1115611.mp3	128.8	mood/theme---melodic	0.933	0.238	0.148
track_1115612	artist_441505	album_133290	1115612.mp3	51.0	mood/theme---melodic	0.933	0.238	0.148
track_1115700	artist_441505	album_133294	1115700.mp3	266.7	mood/theme---melodic	0.933	0.238	0.148
track_1115701	artist_441505	album_133294	1115701.mp3	183.2	mood/theme---melodic	0.933	0.238	0.148
track_1115702	artist_441505	album_133294	1115702.mp3	176.1	mood/theme---melodic	0.933	0.238	0.148
track_1115703	artist_441505	album_133294	1115703.mp3	157.9	mood/theme---melodic	0.933	0.238	0.148
track_1115704	artist_441505	album_133294	1115704.mp3	240.2	mood/theme---melodic	0.933	0.238	0.148
track_1115705	artist_441505	album_133294	1115705.mp3	127.1	mood/theme---melodic	0.933	0.238	0.148
track_1115706	artist_441505	album_133294	1115706.mp3	202.0	mood/theme---melodic	0.933	0.238	0.148
track_1115707	artist_441505	album_133294	1115707.mp3	267.1	mood/theme---melodic	0.933	0.238	0.148
track_1115708	artist_441505	album_133294	1115708.mp3	211.9	mood/theme---melodic	0.933	0.238	0.148
track_1116400	artist_437998	album_133378	1116400.mp3	90.0	"mood/theme---dream	mood/theme---relaxing	mood/theme---soft"	0.638667	-0.671333	-0.31
track_1116401	artist_437998	album_133378	1116401.mp3	90.0	"mood/theme---dream	mood/theme---relaxing	mood/theme---soft"	0.638667	-0.671333	-0.31
track_1116402	artist_437998	album_133378	1116402.mp3	90.0	"mood/theme---dream	mood/theme---relaxing	mood/theme---soft"	0.638667	-0.671333	-0.31
track_1116403	artist_437998	album_133378	1116403.mp3	90.0	"mood/theme---dream	mood/theme---relaxing	mood/theme---soft"	0.638667	-0.671333	-0.31
track_1116404	artist_437998	album_133378	1116404.mp3	90.0	"mood/theme---dream	mood/theme---relaxing	mood/theme---soft"	0.638667	-0.671333	-0.31
track_1116405	artist_437998	album_133378	1116405.mp3	90.0	"mood/theme---dream	mood/theme---relaxing	mood/theme---soft"	0.638667	-0.671333	-0.31
track_1116406	artist_437998	album_133378	1116406.mp3	90.0	"mood/theme---dream	mood/theme---relaxing	mood/theme---soft"	0.638667	-0.671333	-0.31
track_1116407	artist_437998	album_133378	1116407.mp3	90.0	"mood/theme---dream	mood/theme---relaxing	mood/theme---soft"	0.638667	-0.671333	-0.31
track_1116408	artist_437998	album_133378	1116408.mp3	90.0	"mood/theme---dream	mood/theme---relaxing	mood/theme---soft"	0.638667	-0.671333	-0.31
track_1116409	artist_437998	album_133378	1116409.mp3	90.0	"mood/theme---dream	mood/theme---relaxing	mood/theme---soft"	0.638667	-0.671333	-0.31
track_1116412	artist_443173	album_133382	1116412.mp3	35.7	mood/theme---romantic	0.872	0.062	0.196
track_1116707	artist_443173	album_133419	1116707.mp3	30.4	"mood/theme---dream	mood/theme---love"	0.842	-0.176	-0.055
track_1116708	artist_443173	album_133419	1116708.mp3	128.7	mood/theme---love	0.996	0.334	0.234
track_1116711	artist_443173	album_133419	1116711.mp3	63.2	mood/theme---energetic	0.694	0.736	0.804
track_1116712	artist_443173	album_133419	1116712.mp3	114.2	mood/theme---energetic	0.694	0.736	0.804
track_1117410	artist_420821	album_133512	1117410.mp3	272.6	mood/theme---dream	0.688	-0.686	-0.344
track_1117701	artist_347673	album_133553	1117701.mp3	234.0	mood/theme---melancholic	-0.638	-0.388	-0.446
track_1117703	artist_347673	album_133553	1117703.mp3	328.0	mood/theme---sad	-0.55	-0.334	-0.702
track_1119403	artist_442397	album_133790	1119403.mp3	90.0	"mood/theme---ballad	mood/theme---film"	0.615	-0.225	-0.01
track_1119404	artist_442397	album_133790	1119404.mp3	107.8	"mood/theme---ballad	mood/theme---film"	0.615	-0.225	-0.01
track_1119405	artist_442397	album_133790	1119405.mp3	122.5	"mood/theme---ballad	mood/theme---film"	0.615	-0.225	-0.01
track_1119406	artist_442397	album_133790	1119406.mp3	138.9	"mood/theme---ballad	mood/theme---film"	0.615	-0.225	-0.01
track_1119407	artist_442397	album_133790	1119407.mp3	340.7	"mood/theme---ballad	mood/theme---film"	0.615	-0.225	-0.01
track_1119408	artist_442397	album_133792	1119408.mp3	377.4	mood/theme---film	0.646	-0.018	0.132
track_1119808	artist_435992	album_133832	1119808.mp3	350.0	"mood/theme---mellow	mood/theme---relaxing"	0.487	-0.8015	-0.189
track_1119809	artist_435992	album_133832	1119809.mp3	358.5	mood/theme---mellow	0.266	-0.917	-0.328
track_1119810	artist_435992	album_133832	1119810.mp3	371.5	"mood/theme---calm	mood/theme---mellow"	0.508	-0.9085	-0.3505
track_1119811	artist_435992	album_133832	1119811.mp3	374.0	mood/theme---mellow	0.266	-0.917	-0.328
track_1119812	artist_435992	album_133832	1119812.mp3	372.6	mood/theme---mellow	0.266	-0.917	-0.328
track_1121101	artist_367124	album_133948	1121101.mp3	389.9	mood/theme---groovy	0.23	0.076	-0.072
track_1121102	artist_367124	album_133948	1121102.mp3	293.3	mood/theme---groovy	0.23	0.076	-0.072
track_1121103	artist_367124	album_133948	1121103.mp3	293.5	mood/theme---groovy	0.23	0.076	-0.072
track_1121104	artist_367124	album_133948	1121104.mp3	326.3	mood/theme---groovy	0.23	0.076	-0.072
track_1121204	artist_428449	album_133953	1121204.mp3	412.8	mood/theme---romantic	0.872	0.062	0.196
track_1121311	artist_363229	album_133977	1121311.mp3	180.7	mood/theme---meditative	0.228	-0.76	-0.092
track_1121400	artist_443553	album_134004	1121400.mp3	198.2	"mood/theme---energetic	mood/theme---party"	0.795	0.708	0.449
track_1121401	artist_443553	album_134004	1121401.mp3	193.4	mood/theme---film	0.646	-0.018	0.132
track_1121402	artist_443553	album_134004	1121402.mp3	191.2	mood/theme---film	0.646	-0.018	0.132
track_1121403	artist_443553	album_134004	1121403.mp3	143.6	mood/theme---film	0.646	-0.018	0.132
track_1121404	artist_443553	album_134004	1121404.mp3	178.1	"mood/theme---film	mood/theme---hopeful"	0.77	-0.152	0.193
track_1121405	artist_443553	album_134004	1121405.mp3	181.0	"mood/theme---film	mood/theme---melancholic"	0.004	-0.203	-0.157
track_1121406	artist_443553	album_134004	1121406.mp3	266.8	mood/theme---energetic	0.694	0.736	0.804
track_1121408	artist_443553	album_134004	1121408.mp3	362.9	mood/theme---film	0.646	-0.018	0.132
track_1121409	artist_443553	album_134004	1121409.mp3	172.2	mood/theme---energetic	0.694	0.736	0.804
track_1121411	artist_443553	album_134004	1121411.mp3	185.7	mood/theme---dream	0.688	-0.686	-0.344
track_1121503	artist_443553	album_134004	1121503.mp3	187.3	"mood/theme---ballad	mood/theme---happy	mood/theme---hopeful	mood/theme---romantic"	0.83375	-0.0465	0.172
track_1121504	artist_443553	album_134004	1121504.mp3	210.8	mood/theme---relaxing	0.708	-0.686	-0.05
track_1121811	artist_367947	album_134046	1121811.mp3	121.4	mood/theme---soundscape	0.708	-0.686	-0.05
track_1122004	artist_437998	album_134087	1122004.mp3	209.1	"mood/theme---dream	mood/theme---relaxing	mood/theme---soft"	0.638667	-0.671333	-0.31
track_1122005	artist_437998	album_134087	1122005.mp3	202.9	"mood/theme---dream	mood/theme---relaxing	mood/theme---soft"	0.638667	-0.671333	-0.31
track_1122006	artist_437998	album_134087	1122006.mp3	187.5	"mood/theme---dream	mood/theme---relaxing	mood/theme---soft"	0.638667	-0.671333	-0.31
track_1122007	artist_437998	album_134087	1122007.mp3	196.6	"mood/theme---dream	mood/theme---relaxing	mood/theme---soft"	0.638667	-0.671333	-0.31
track_1122008	artist_437998	album_134087	1122008.mp3	233.2	"mood/theme---dream	mood/theme---relaxing	mood/theme---soft"	0.638667	-0.671333	-0.31
track_1122009	artist_437998	album_134087	1122009.mp3	186.8	"mood/theme---dream	mood/theme---relaxing	mood/theme---soft"	0.638667	-0.671333	-0.31
track_1122010	artist_437998	album_134087	1122010.mp3	146.0	"mood/theme---dream	mood/theme---relaxing	mood/theme---soft"	0.638667	-0.671333	-0.31
track_1122011	artist_437998	album_134087	1122011.mp3	147.2	"mood/theme---dream	mood/theme---relaxing	mood/theme---soft"	0.638667	-0.671333	-0.31
track_1122012	artist_437998	album_134087	1122012.mp3	235.1	"mood/theme---dream	mood/theme---relaxing	mood/theme---soft"	0.638667	-0.671333	-0.31
track_1123202	artist_443598	album_134268	1123202.mp3	289.9	"mood/theme---adventure	mood/theme---commercial	mood/theme---documentary"	0.563333	0.04	0.222667
track_1124409	artist_438910	album_134468	1124409.mp3	553.6	mood/theme---ambiental	0.708	-0.686	-0.05
track_1124711	artist_432273	album_134534	1124711.mp3	112.7	"mood/theme---documentary	mood/theme---romantic"	0.558	-0.256	0.194
track_1124712	artist_432273	album_134534	1124712.mp3	131.3	mood/theme---dark	-0.604	-0.204	-0.148
track_1125001	artist_442933	album_134573	1125001.mp3	88.0	"mood/theme---children	mood/theme---funny"	0.775	0.148	0.001
track_1125100	artist_443856	album_134588	1125100.mp3	215.2	mood/theme---emotional	0.558	0.428	0.052
track_1125104	artist_443856	album_134588	1125104.mp3	367.1	mood/theme---emotional	0.558	0.428	0.052
track_1125105	artist_443856	album_134588	1125105.mp3	292.7	mood/theme---emotional	0.558	0.428	0.052
track_1125400	artist_423996	album_134629	1125400.mp3	105.0	mood/theme---nature	0.714	-0.632	0.286
track_1125401	artist_423996	album_134629	1125401.mp3	74.1	mood/theme---nature	0.714	-0.632	0.286
track_1125402	artist_423996	album_134629	1125402.mp3	37.4	mood/theme---nature	0.714	-0.632	0.286
track_1125403	artist_423996	album_134629	1125403.mp3	62.3	mood/theme---nature	0.714	-0.632	0.286
track_1125404	artist_423996	album_134629	1125404.mp3	71.2	mood/theme---nature	0.714	-0.632	0.286
track_1125406	artist_423996	album_134629	1125406.mp3	79.5	mood/theme---nature	0.714	-0.632	0.286
track_1125408	artist_423996	album_134629	1125408.mp3	108.0	mood/theme---nature	0.714	-0.632	0.286
track_1125410	artist_423996	album_134629	1125410.mp3	94.3	mood/theme---nature	0.714	-0.632	0.286
track_1127402	artist_444053	album_134986	1127402.mp3	253.2	mood/theme---romantic	0.872	0.062	0.196
track_1127403	artist_444053	album_134986	1127403.mp3	209.4	mood/theme---romantic	0.872	0.062	0.196
track_1127605	artist_443752	album_135096	1127605.mp3	225.4	mood/theme---groovy	0.23	0.076	-0.072
track_1127606	artist_443752	album_135096	1127606.mp3	239.2	mood/theme---groovy	0.23	0.076	-0.072
track_1128209	artist_007872	album_135128	1128209.mp3	260.2	mood/theme---mellow	0.266	-0.917	-0.328
track_1128211	artist_007872	album_135128	1128211.mp3	297.5	"mood/theme---ballad	mood/theme---mellow"	0.425	-0.6745	-0.24
track_1128212	artist_007872	album_135128	1128212.mp3	253.8	"mood/theme---drama	mood/theme---emotional	mood/theme---fast	mood/theme---travel"	0.3825	0.4185	0.0935
track_1129102	artist_000876	album_135269	1129102.mp3	600.2	"mood/theme---epic	mood/theme---space"	0.657	0.03	0.403
track_1129409	artist_340262	album_135333	1129409.mp3	252.0	"mood/theme---action	mood/theme---energetic"	0.607	0.766	0.704
track_1129411	artist_340262	album_135333	1129411.mp3	281.0	"mood/theme---action	mood/theme---advertising	mood/theme---energetic"	0.486	0.582667	0.557333
track_1129800	artist_433123	album_135407	1129800.mp3	525.5	"mood/theme---meditative	mood/theme---relaxing"	0.468	-0.723	-0.071
track_1129801	artist_433123	album_135407	1129801.mp3	455.3	"mood/theme---meditative	mood/theme---relaxing"	0.468	-0.723	-0.071
track_1130907	artist_340472	album_135551	1130907.mp3	283.0	"mood/theme---dream	mood/theme---meditative	mood/theme---nature"	0.543333	-0.692667	-0.05
track_1131209	artist_431723	album_135615	1131209.mp3	471.7	mood/theme---film	0.646	-0.018	0.132
track_1132200	artist_370789	album_135768	1132200.mp3	182.6	mood/theme---fun	0.836	0.686	0.334
track_1132201	artist_370789	album_135768	1132201.mp3	208.0	mood/theme---fun	0.836	0.686	0.334
track_1132202	artist_370789	album_135768	1132202.mp3	203.0	mood/theme---fun	0.836	0.686	0.334
track_1132203	artist_370789	album_135768	1132203.mp3	215.5	mood/theme---fun	0.836	0.686	0.334
track_1132204	artist_370789	album_135768	1132204.mp3	212.0	mood/theme---fun	0.836	0.686	0.334
track_1132205	artist_370789	album_135768	1132205.mp3	189.4	mood/theme---fun	0.836	0.686	0.334
track_1132206	artist_370789	album_135768	1132206.mp3	217.9	mood/theme---fun	0.836	0.686	0.334
track_1132803	artist_434945	album_135869	1132803.mp3	172.3	mood/theme---film	0.646	-0.018	0.132
track_1132804	artist_434945	album_135869	1132804.mp3	95.6	mood/theme---film	0.646	-0.018	0.132
track_1132805	artist_434945	album_135869	1132805.mp3	153.6	mood/theme---film	0.646	-0.018	0.132
track_1132806	artist_434945	album_135869	1132806.mp3	61.4	mood/theme---film	0.646	-0.018	0.132
track_1133301	artist_444458	album_135958	1133301.mp3	145.7	mood/theme---love	0.996	0.334	0.234
track_1135202	artist_438910	album_136268	1135202.mp3	186.8	"mood/theme---meditative	mood/theme---slow"	-0.029	-0.8435	-0.4
track_1135609	artist_420821	album_136343	1135609.mp3	224.0	mood/theme---melodic	0.933	0.238	0.148
track_1135703	artist_007063	album_136366	1135703.mp3	185.8	mood/theme---commercial	0.612	-0.02	0.056
track_1135704	artist_007063	album_136366	1135704.mp3	267.4	mood/theme---emotional	0.558	0.428	0.052
track_1135705	artist_007063	album_136366	1135705.mp3	152.1	mood/theme---commercial	0.612	-0.02	0.056
track_1135706	artist_007063	album_136366	1135706.mp3	74.3	"mood/theme---commercial	mood/theme---trailer"	0.347	-0.02	0.001
track_1135707	artist_007063	album_136366	1135707.mp3	150.5	mood/theme---commercial	0.612	-0.02	0.056
track_1135708	artist_007063	album_136366	1135708.mp3	34.7	mood/theme---commercial	0.612	-0.02	0.056
track_1135709	artist_007063	album_136366	1135709.mp3	185.8	mood/theme---commercial	0.612	-0.02	0.056
track_1135710	artist_007063	album_136366	1135710.mp3	267.4	mood/theme---emotional	0.558	0.428	0.052
track_1135711	artist_007063	album_136366	1135711.mp3	152.0	mood/theme---commercial	0.612	-0.02	0.056
track_1135712	artist_007063	album_136366	1135712.mp3	34.7	mood/theme---commercial	0.612	-0.02	0.056
track_1136612	artist_443418	album_136502	1136612.mp3	129.0	mood/theme---energetic	0.694	0.736	0.804
track_1137401	artist_440884	album_136614	1137401.mp3	120.0	mood/theme---movie	0.584	0.12	-0.058
track_1137403	artist_440884	album_136614	1137403.mp3	204.0	"mood/theme---melancholic	mood/theme---melodic	mood/theme---sad"	-0.085	-0.161333	-0.333333
track_1137710	artist_007872	album_136650	1137710.mp3	266.0	"mood/theme---dark	mood/theme---sad"	-0.577	-0.269	-0.425
track_1137711	artist_007872	album_136650	1137711.mp3	266.0	"mood/theme---dark	mood/theme---sad"	-0.577	-0.269	-0.425
track_1143010	artist_451073	album_137054	1143010.mp3	195.7	"mood/theme---advertising	mood/theme---happy	mood/theme---holiday	mood/theme---positive	mood/theme---summer"	0.7334	0.0628	0.33
track_1143011	artist_451073	album_137054	1143011.mp3	97.9	"mood/theme---advertising	mood/theme---corporate	mood/theme---happy	mood/theme---motivational"	0.55625	0.2215	0.465
track_1143012	artist_451073	album_137054	1143012.mp3	306.3	"mood/theme---advertising	mood/theme---corporate	mood/theme---happy	mood/theme---motivational"	0.55625	0.2215	0.465
track_1143406	artist_425276	album_137093	1143406.mp3	309.4	"mood/theme---meditative	mood/theme---relaxing"	0.468	-0.723	-0.071
track_1143806	artist_000560	album_137134	1143806.mp3	281.0	mood/theme---epic	0.714	0.426	0.66
track_1143807	artist_000560	album_137134	1143807.mp3	244.5	mood/theme---ballad	0.584	-0.432	-0.152
track_1143810	artist_000560	album_137134	1143810.mp3	205.2	mood/theme---drama	-0.14	0.51	-0.038
track_1143811	artist_452142	album_137138	1143811.mp3	264.3	"mood/theme---emotional	mood/theme---happy	mood/theme---inspiring	mood/theme---relaxing	mood/theme---soft"	0.6626	-0.0668	0.0132
track_1146201	artist_359108	album_137440	1146201.mp3	515.2	mood/theme---ambiental	0.708	-0.686	-0.05
track_1146202	artist_359108	album_137440	1146202.mp3	537.8	mood/theme---ambiental	0.708	-0.686	-0.05
track_1146203	artist_359108	album_137440	1146203.mp3	755.9	mood/theme---ambiental	0.708	-0.686	-0.05
track_1146204	artist_359108	album_137440	1146204.mp3	742.4	mood/theme---ambiental	0.708	-0.686	-0.05
track_1146205	artist_359108	album_137440	1146205.mp3	537.8	mood/theme---ambiental	0.708	-0.686	-0.05
track_1146206	artist_359108	album_137440	1146206.mp3	370.4	mood/theme---ambiental	0.708	-0.686	-0.05
track_1146207	artist_359108	album_137440	1146207.mp3	404.7	mood/theme---ambiental	0.708	-0.686	-0.05
track_1146208	artist_359108	album_137440	1146208.mp3	518.6	mood/theme---ambiental	0.708	-0.686	-0.05
track_1149205	artist_357317	album_137806	1149205.mp3	58.7	"mood/theme---energetic	mood/theme---retro"	0.497	0.144	0.223
track_1149206	artist_357317	album_137806	1149206.mp3	54.9	"mood/theme---energetic	mood/theme---retro"	0.497	0.144	0.223
track_1149207	artist_357317	album_137806	1149207.mp3	82.3	"mood/theme---energetic	mood/theme---retro"	0.497	0.144	0.223
track_1149208	artist_357317	album_137806	1149208.mp3	71.1	"mood/theme---energetic	mood/theme---retro"	0.497	0.144	0.223
track_1149209	artist_357317	album_137806	1149209.mp3	56.9	"mood/theme---energetic	mood/theme---retro"	0.497	0.144	0.223
track_1149210	artist_357317	album_137806	1149210.mp3	75.0	"mood/theme---energetic	mood/theme---retro"	0.497	0.144	0.223
track_1149211	artist_357317	album_137806	1149211.mp3	81.4	"mood/theme---energetic	mood/theme---retro"	0.497	0.144	0.223
track_1149212	artist_357317	album_137806	1149212.mp3	84.0	"mood/theme---energetic	mood/theme---retro"	0.497	0.144	0.223
track_1149712	artist_008094	album_137880	1149712.mp3	216.0	"mood/theme---film	mood/theme---meditative"	0.437	-0.389	0.02
track_1150101	artist_008094	album_137915	1150101.mp3	254.0	"mood/theme---film	mood/theme---meditative"	0.437	-0.389	0.02
track_1150102	artist_008094	album_137915	1150102.mp3	1114.1	"mood/theme---film	mood/theme---meditative"	0.437	-0.389	0.02
track_1150103	artist_008094	album_137915	1150103.mp3	393.7	"mood/theme---film	mood/theme---meditative"	0.437	-0.389	0.02
track_1150104	artist_008094	album_137915	1150104.mp3	277.2	"mood/theme---film	mood/theme---meditative"	0.437	-0.389	0.02
track_1150105	artist_008094	album_137915	1150105.mp3	274.3	"mood/theme---film	mood/theme---meditative"	0.437	-0.389	0.02
track_1150106	artist_008094	album_137915	1150106.mp3	258.0	"mood/theme---film	mood/theme---meditative"	0.437	-0.389	0.02
track_1150107	artist_008094	album_137915	1150107.mp3	309.6	"mood/theme---film	mood/theme---meditative"	0.437	-0.389	0.02
track_1150108	artist_008094	album_137915	1150108.mp3	282.2	"mood/theme---film	mood/theme---meditative"	0.437	-0.389	0.02
track_1150109	artist_008094	album_137915	1150109.mp3	257.0	"mood/theme---film	mood/theme---meditative"	0.437	-0.389	0.02
track_1150110	artist_008094	album_137916	1150110.mp3	198.7	"mood/theme---film	mood/theme---meditative"	0.437	-0.389	0.02
track_1150112	artist_008094	album_137916	1150112.mp3	254.3	"mood/theme---film	mood/theme---meditative"	0.437	-0.389	0.02
track_1150402	artist_008094	album_137952	1150402.mp3	210.6	"mood/theme---film	mood/theme---meditative"	0.437	-0.389	0.02
track_1150403	artist_008094	album_137952	1150403.mp3	384.5	mood/theme---film	0.646	-0.018	0.132
track_1150404	artist_008094	album_137952	1150404.mp3	313.3	"mood/theme---film	mood/theme---meditative"	0.437	-0.389	0.02
track_1150407	artist_008094	album_137952	1150407.mp3	293.1	"mood/theme---film	mood/theme---meditative"	0.437	-0.389	0.02
track_1150508	artist_359452	album_137972	1150508.mp3	206.0	"mood/theme---love	mood/theme---melodic	mood/theme---sad"	0.459667	0.079333	-0.106667
track_1150509	artist_359452	album_137972	1150509.mp3	150.7	mood/theme---melodic	0.933	0.238	0.148
track_1150512	artist_439745	album_137974	1150512.mp3	268.7	mood/theme---dark	-0.604	-0.204	-0.148
track_1151402	artist_432273	album_138116	1151402.mp3	128.4	"mood/theme---children	mood/theme---dream"	0.701	-0.305	-0.237
track_1151403	artist_432273	album_138116	1151403.mp3	140.0	"mood/theme---documentary	mood/theme---drama	mood/theme---soft"	0.208	-0.235333	-0.127333
track_1151404	artist_432273	album_138116	1151404.mp3	141.0	"mood/theme---children	mood/theme---documentary	mood/theme---funny	mood/theme---happy"	0.69475	0.048	0.146
track_1151405	artist_432273	album_138116	1151405.mp3	240.8	"mood/theme---documentary	mood/theme---relaxing	mood/theme---soft"	0.490667	-0.634	-0.131333
track_1151407	artist_432273	album_138116	1151407.mp3	214.6	"mood/theme---action	mood/theme---dark	mood/theme---powerful"	0.160667	0.417333	0.482333
track_1151409	artist_432273	album_138116	1151409.mp3	191.3	"mood/theme---children	mood/theme---documentary	mood/theme---dream	mood/theme---soft"	0.5415	-0.4565	-0.2045
track_1152202	artist_362552	album_138220	1152202.mp3	220.1	mood/theme---film	0.646	-0.018	0.132
track_1153107	artist_367264	album_138310	1153107.mp3	300.0	"mood/theme---energetic	mood/theme---hopeful	mood/theme---positive"	0.835333	0.156667	0.589333
track_1153112	artist_439567	album_138319	1153112.mp3	214.8	mood/theme---space	0.6	-0.366	0.146
track_1153509	artist_443173	album_138362	1153509.mp3	104.4	mood/theme---slow	-0.286	-0.927	-0.708
track_1153707	artist_453809	album_138388	1153707.mp3	88.8	mood/theme---dramatic	-0.266	0.56	-0.114
track_1154511	artist_453529	album_138487	1154511.mp3	668.0	"mood/theme---relaxing	mood/theme---soundscape"	0.708	-0.686	-0.05
track_1155000	artist_363203	album_138559	1155000.mp3	222.0	mood/theme---party	0.896	0.68	0.094
track_1155900	artist_437980	album_138692	1155900.mp3	135.9	mood/theme---fun	0.836	0.686	0.334
track_1157302	artist_454124	album_138901	1157302.mp3	149.7	mood/theme---romantic	0.872	0.062	0.196
track_1157603	artist_442937	album_138912	1157603.mp3	160.1	mood/theme---sad	-0.55	-0.334	-0.702
track_1157701	artist_441157	album_138930	1157701.mp3	245.0	"mood/theme---energetic	mood/theme---fast"	0.472	0.547	0.547
track_1158007	artist_452142	album_138964	1158007.mp3	412.5	"mood/theme---dream	mood/theme---emotional	mood/theme---inspiring	mood/theme---relaxing"	0.624	-0.212	-0.033
track_1158200	artist_368975	album_139003	1158200.mp3	385.5	mood/theme---energetic	0.694	0.736	0.804
track_1158201	artist_368975	album_139003	1158201.mp3	1086.9	mood/theme---energetic	0.694	0.736	0.804
track_1159703	artist_455072	album_139261	1159703.mp3	230.7	"mood/theme---ballad	mood/theme---melancholic	mood/theme---romantic"	0.272667	-0.252667	-0.134
track_1159704	artist_455072	album_139261	1159704.mp3	259.6	mood/theme---energetic	0.694	0.736	0.804
track_1160600	artist_455274	album_139384	1160600.mp3	242.4	mood/theme---melodic	0.933	0.238	0.148
track_1160601	artist_455274	album_139384	1160601.mp3	300.7	mood/theme---melodic	0.933	0.238	0.148
track_1160602	artist_455274	album_139384	1160602.mp3	319.9	mood/theme---melodic	0.933	0.238	0.148
track_1160603	artist_455274	album_139384	1160603.mp3	264.3	mood/theme---melodic	0.933	0.238	0.148
track_1160604	artist_455274	album_139384	1160604.mp3	391.9	mood/theme---relaxing	0.708	-0.686	-0.05
track_1160605	artist_455274	album_139384	1160605.mp3	190.3	mood/theme---melodic	0.933	0.238	0.148
track_1160707	artist_444081	album_139397	1160707.mp3	90.2	mood/theme---space	0.6	-0.366	0.146
track_1160708	artist_444081	album_139399	1160708.mp3	100.2	mood/theme---space	0.6	-0.366	0.146
track_1161201	artist_375935	album_139465	1161201.mp3	90.5	"mood/theme---action	mood/theme---adventure	mood/theme---epic	mood/theme---trailer"	0.5375	0.479	0.4075
track_1161202	artist_375935	album_139465	1161202.mp3	125.5	mood/theme---epic	0.714	0.426	0.66
track_1162012	artist_004777	album_139601	1162012.mp3	238.4	mood/theme---ballad	0.584	-0.432	-0.152
track_1162101	artist_432273	album_139606	1162101.mp3	223.3	"mood/theme---documentary	mood/theme---emotional"	0.401	-0.073	0.122
track_1162102	artist_432273	album_139606	1162102.mp3	112.2	"mood/theme---children	mood/theme---christmas"	0.816	0.058	0.176
track_1162103	artist_432273	album_139606	1162103.mp3	131.5	"mood/theme---documentary	mood/theme---travel"	0.553	-0.098	0.131
track_1162506	artist_419190	album_139651	1162506.mp3	110.9	mood/theme---film	0.646	-0.018	0.132
track_1162600	artist_007805	album_139666	1162600.mp3	71.7	"mood/theme---film	mood/theme---movie"	0.615	0.051	0.037
track_1162602	artist_007805	album_139666	1162602.mp3	50.4	"mood/theme---film	mood/theme---movie"	0.615	0.051	0.037
track_1162604	artist_007805	album_139666	1162604.mp3	65.1	"mood/theme---film	mood/theme---movie"	0.615	0.051	0.037
track_1162605	artist_007805	album_139666	1162605.mp3	69.2	"mood/theme---film	mood/theme---movie"	0.615	0.051	0.037
track_1162606	artist_007805	album_139666	1162606.mp3	75.2	"mood/theme---film	mood/theme---movie"	0.615	0.051	0.037
track_1162607	artist_007805	album_139666	1162607.mp3	100.3	"mood/theme---film	mood/theme---movie"	0.615	0.051	0.037
track_1162610	artist_007805	album_139666	1162610.mp3	50.6	"mood/theme---film	mood/theme---movie"	0.615	0.051	0.037
track_1162612	artist_007805	album_139666	1162612.mp3	45.5	"mood/theme---film	mood/theme---movie"	0.615	0.051	0.037
track_1162700	artist_451073	album_139685	1162700.mp3	130.8	"mood/theme---advertising	mood/theme---children"	0.479	0.146	0.067
track_1162701	artist_451073	album_139685	1162701.mp3	106.8	"mood/theme---advertising	mood/theme---christmas	mood/theme---commercial	mood/theme---happy"	0.68975	0.1765	0.298
track_1162702	artist_451073	album_139685	1162702.mp3	97.9	"mood/theme---advertising	mood/theme---children	mood/theme---corporate	mood/theme---happy"	0.53175	0.1675	0.2535
track_1163000	artist_437980	album_139951	1163000.mp3	106.9	"mood/theme---calm	mood/theme---soft"	0.635	-0.771	-0.4545
track_1163204	artist_455057	album_139770	1163204.mp3	117.7	"mood/theme---adventure	mood/theme---advertising	mood/theme---commercial	mood/theme---fun"	0.6315	0.399	0.2685
track_1163206	artist_455057	album_139770	1163206.mp3	118.0	mood/theme---documentary	0.244	-0.574	0.192
track_1163207	artist_455057	album_139770	1163207.mp3	107.7	"mood/theme---commercial	mood/theme---upbeat"	0.684	0.021	0.33
track_1163210	artist_455057	album_139770	1163210.mp3	117.0	mood/theme---advertising	0.244	0.216	0.264
track_1163304	artist_422656	album_139821	1163304.mp3	213.6	mood/theme---romantic	0.872	0.062	0.196
track_1163803	artist_432273	album_139841	1163803.mp3	45.1	mood/theme---sport	0.73	0.4	0.314
track_1163806	artist_432273	album_139841	1163806.mp3	30.3	"mood/theme---emotional	mood/theme---energetic	mood/theme---melodic	mood/theme---nature"	0.72475	0.1925	0.3225
track_1163807	artist_432273	album_139841	1163807.mp3	98.7	"mood/theme---dream	mood/theme---soft"	0.604	-0.664	-0.44
track_1163808	artist_432273	album_139841	1163808.mp3	35.8	"mood/theme---documentary	mood/theme---travel"	0.553	-0.098	0.131
track_1163809	artist_432273	album_139841	1163809.mp3	158.1	mood/theme---happy	0.985	0.47	0.39
track_1163812	artist_442746	album_139842	1163812.mp3	282.8	mood/theme---energetic	0.694	0.736	0.804
track_1164200	artist_357317	album_139905	1164200.mp3	96.0	"mood/theme---energetic	mood/theme---fun	mood/theme---happy	mood/theme---retro"	0.70375	0.361	0.2925
track_1164201	artist_357317	album_139905	1164201.mp3	38.4	"mood/theme---energetic	mood/theme---fun	mood/theme---happy	mood/theme---retro"	0.70375	0.361	0.2925
track_1164202	artist_357317	album_139905	1164202.mp3	80.0	"mood/theme---energetic	mood/theme---fun	mood/theme---happy	mood/theme---retro"	0.70375	0.361	0.2925
track_1164203	artist_357317	album_139905	1164203.mp3	115.2	"mood/theme---energetic	mood/theme---fun	mood/theme---happy	mood/theme---retro"	0.70375	0.361	0.2925
track_1164204	artist_357317	album_139905	1164204.mp3	80.0	"mood/theme---energetic	mood/theme---fun	mood/theme---happy	mood/theme---retro"	0.70375	0.361	0.2925
track_1164205	artist_357317	album_139905	1164205.mp3	174.6	"mood/theme---energetic	mood/theme---fun	mood/theme---happy	mood/theme---retro"	0.70375	0.361	0.2925
track_1164206	artist_357317	album_139905	1164206.mp3	76.8	"mood/theme---energetic	mood/theme---fun	mood/theme---happy	mood/theme---retro"	0.70375	0.361	0.2925
track_1164207	artist_357317	album_139905	1164207.mp3	57.6	"mood/theme---energetic	mood/theme---fun	mood/theme---happy	mood/theme---retro"	0.70375	0.361	0.2925
track_1164210	artist_357317	album_139905	1164210.mp3	134.1	"mood/theme---energetic	mood/theme---fun	mood/theme---happy	mood/theme---retro"	0.70375	0.361	0.2925
track_1164211	artist_357317	album_139905	1164211.mp3	87.3	"mood/theme---energetic	mood/theme---fun	mood/theme---happy	mood/theme---retro"	0.70375	0.361	0.2925
track_1165401	artist_358362	album_140112	1165401.mp3	217.3	"mood/theme---love	mood/theme---romantic	mood/theme---soundscape"	0.858667	-0.096667	0.126667
track_1165402	artist_358362	album_140112	1165402.mp3	339.9	mood/theme---soundscape	0.708	-0.686	-0.05
track_1165403	artist_358362	album_140112	1165403.mp3	308.4	"mood/theme---happy	mood/theme---soundscape"	0.8465	-0.108	0.17
track_1165404	artist_358362	album_140112	1165404.mp3	252.8	mood/theme---soundscape	0.708	-0.686	-0.05
track_1165405	artist_358362	album_140112	1165405.mp3	295.1	mood/theme---soundscape	0.708	-0.686	-0.05
track_1165406	artist_358362	album_140112	1165406.mp3	260.6	"mood/theme---love	mood/theme---soundscape"	0.852	-0.176	0.092
track_1165407	artist_358362	album_140112	1165407.mp3	327.5	mood/theme---soundscape	0.708	-0.686	-0.05
track_1165408	artist_358362	album_140112	1165408.mp3	217.1	mood/theme---soundscape	0.708	-0.686	-0.05
track_1165409	artist_358362	album_140112	1165409.mp3	193.5	mood/theme---soundscape	0.708	-0.686	-0.05
track_1166100	artist_455057	album_140206	1166100.mp3	175.1	"mood/theme---corporate	mood/theme---energetic	mood/theme---happy	mood/theme---upbeat"	0.65475	0.294	0.572
track_1166101	artist_455057	album_140206	1166101.mp3	243.5	"mood/theme---documentary	mood/theme---drama	mood/theme---emotional	mood/theme---film"	0.327	0.0865	0.0845
track_1166102	artist_455057	album_140206	1166102.mp3	141.0	"mood/theme---melodic	mood/theme---positive"	0.9255	0.129	0.429
track_1166103	artist_455057	album_140206	1166103.mp3	215.0	"mood/theme---dream	mood/theme---inspiring	mood/theme---love	mood/theme---soft"	0.6865	-0.2245	-0.109
track_1166104	artist_455057	album_140206	1166104.mp3	203.0	"mood/theme---adventure	mood/theme---background	mood/theme---relaxing"	0.446667	-0.086	0.122
track_1166105	artist_455057	album_140206	1166105.mp3	202.8	"mood/theme---background	mood/theme---melancholic	mood/theme---mellow"	-0.191333	-0.530333	-0.259333
track_1166106	artist_455057	album_140206	1166106.mp3	212.5	"mood/theme---corporate	mood/theme---happy	mood/theme---upbeat"	0.641667	0.146667	0.494667
track_1166108	artist_455057	album_140206	1166108.mp3	192.6	mood/theme---corporate	0.184	-0.092	0.49
track_1166109	artist_455057	album_140206	1166109.mp3	202.3	mood/theme---upbeat	0.756	0.062	0.604
track_1166110	artist_455057	album_140206	1166110.mp3	198.6	"mood/theme---documentary	mood/theme---hopeful	mood/theme---love"	0.711333	-0.175333	0.226667
track_1166111	artist_455057	album_140206	1166111.mp3	174.8	"mood/theme---commercial	mood/theme---dream	mood/theme---love"	0.765333	-0.124	-0.018
track_1166607	artist_455057	album_140264	1166607.mp3	110.9	"mood/theme---calm	mood/theme---happy	mood/theme---meditative	mood/theme---nature	mood/theme---relaxing"	0.677	-0.5016	0.0322
track_1166609	artist_455057	album_140264	1166609.mp3	110.9	"mood/theme---calm	mood/theme---children	mood/theme---hopeful	mood/theme---meditative	mood/theme---relaxing"	0.6588	-0.5112	-0.0782
track_1166805	artist_341323	album_140298	1166805.mp3	85.4	mood/theme---inspiring	0.542	0.096	0.21
track_1166807	artist_341323	album_140298	1166807.mp3	114.4	"mood/theme---documentary	mood/theme---travel"	0.553	-0.098	0.131
track_1166808	artist_341323	album_140298	1166808.mp3	125.0	mood/theme---emotional	0.558	0.428	0.052
track_1166811	artist_341323	album_140298	1166811.mp3	168.0	mood/theme---documentary	0.244	-0.574	0.192
track_1166812	artist_341323	album_140298	1166812.mp3	230.4	mood/theme---sexy	0.73	0.89	0.604
track_1167300	artist_351032	album_140370	1167300.mp3	65.2	"mood/theme---game	mood/theme---happy"	0.7275	0.523	0.188
track_1167301	artist_351032	album_140370	1167301.mp3	34.5	"mood/theme---game	mood/theme---happy"	0.7275	0.523	0.188
track_1167302	artist_351032	album_140370	1167302.mp3	110.3	"mood/theme---game	mood/theme---happy"	0.7275	0.523	0.188
track_1167303	artist_351032	album_140370	1167303.mp3	46.2	mood/theme---game	0.47	0.576	-0.014
track_1167304	artist_351032	album_140370	1167304.mp3	187.5	"mood/theme---game	mood/theme---happy"	0.7275	0.523	0.188
track_1167305	artist_351032	album_140370	1167305.mp3	48.0	mood/theme---game	0.47	0.576	-0.014
track_1167306	artist_351032	album_140370	1167306.mp3	68.3	"mood/theme---game	mood/theme---happy"	0.7275	0.523	0.188
track_1168003	artist_364441	album_140468	1168003.mp3	220.2	mood/theme---epic	0.714	0.426	0.66
track_1168500	artist_455057	album_140555	1168500.mp3	85.4	"mood/theme---advertising	mood/theme---commercial	mood/theme---game"	0.442	0.257333	0.102
track_1168602	artist_452157	album_140578	1168602.mp3	286.2	"mood/theme---ballad	mood/theme---sad"	0.017	-0.383	-0.427
track_1168607	artist_452157	album_140578	1168607.mp3	66.5	mood/theme---meditative	0.228	-0.76	-0.092
track_1168805	artist_351616	album_140595	1168805.mp3	233.5	"mood/theme---dream	mood/theme---slow"	0.201	-0.8065	-0.526
track_1168808	artist_448635	album_140597	1168808.mp3	236.9	mood/theme---relaxing	0.708	-0.686	-0.05
track_1168809	artist_448635	album_140597	1168809.mp3	239.4	mood/theme---relaxing	0.708	-0.686	-0.05
track_1168810	artist_448635	album_140597	1168810.mp3	337.0	mood/theme---relaxing	0.708	-0.686	-0.05
track_1168812	artist_448635	album_140597	1168812.mp3	231.3	mood/theme---relaxing	0.708	-0.686	-0.05
track_1169705	artist_338649	album_140751	1169705.mp3	283.2	mood/theme---emotional	0.558	0.428	0.052
track_1169706	artist_338649	album_140751	1169706.mp3	273.1	mood/theme---emotional	0.558	0.428	0.052
track_1169707	artist_338649	album_140751	1169707.mp3	164.0	mood/theme---emotional	0.558	0.428	0.052
track_1169708	artist_338649	album_140751	1169708.mp3	206.6	mood/theme---emotional	0.558	0.428	0.052
track_1169709	artist_338649	album_140751	1169709.mp3	296.9	mood/theme---emotional	0.558	0.428	0.052
track_1169710	artist_338649	album_140751	1169710.mp3	403.8	mood/theme---emotional	0.558	0.428	0.052
track_1169711	artist_338649	album_140751	1169711.mp3	48.5	mood/theme---emotional	0.558	0.428	0.052
track_1169712	artist_338649	album_140751	1169712.mp3	133.0	mood/theme---emotional	0.558	0.428	0.052
track_1170400	artist_455493	album_140848	1170400.mp3	150.0	mood/theme---movie	0.584	0.12	-0.058
track_1170401	artist_455493	album_140848	1170401.mp3	173.0	mood/theme---movie	0.584	0.12	-0.058
track_1170402	artist_455493	album_140848	1170402.mp3	154.8	mood/theme---movie	0.584	0.12	-0.058
track_1170403	artist_455493	album_140848	1170403.mp3	155.0	mood/theme---movie	0.584	0.12	-0.058
track_1170404	artist_455493	album_140848	1170404.mp3	143.2	mood/theme---movie	0.584	0.12	-0.058
track_1170405	artist_455493	album_140848	1170405.mp3	69.0	mood/theme---movie	0.584	0.12	-0.058
track_1170406	artist_455493	album_140848	1170406.mp3	81.9	mood/theme---movie	0.584	0.12	-0.058
track_1170407	artist_455493	album_140848	1170407.mp3	132.0	mood/theme---movie	0.584	0.12	-0.058
track_1170408	artist_455493	album_140848	1170408.mp3	94.5	mood/theme---movie	0.584	0.12	-0.058
track_1170409	artist_455493	album_140848	1170409.mp3	158.0	mood/theme---movie	0.584	0.12	-0.058
track_1170410	artist_455493	album_140848	1170410.mp3	120.0	mood/theme---movie	0.584	0.12	-0.058
track_1170411	artist_455493	album_140848	1170411.mp3	50.1	mood/theme---movie	0.584	0.12	-0.058
track_1170412	artist_455493	album_140848	1170412.mp3	93.0	mood/theme---movie	0.584	0.12	-0.058
track_1170600	artist_338779	album_140883	1170600.mp3	146.2	mood/theme---melancholic	-0.638	-0.388	-0.446
track_1171005	artist_438910	album_140971	1171005.mp3	140.2	"mood/theme---children	mood/theme---dream"	0.701	-0.305	-0.237
track_1171008	artist_438910	album_140971	1171008.mp3	176.0	mood/theme---dream	0.688	-0.686	-0.344
track_1171009	artist_438910	album_140971	1171009.mp3	192.6	mood/theme---sad	-0.55	-0.334	-0.702
track_1171010	artist_438910	album_140971	1171010.mp3	202.0	mood/theme---dream	0.688	-0.686	-0.344
track_1171012	artist_438910	album_140971	1171012.mp3	256.4	mood/theme---space	0.6	-0.366	0.146
track_1171709	artist_457196	album_141096	1171709.mp3	120.0	"mood/theme---commercial	mood/theme---epic"	0.663	0.203	0.358
track_1171711	artist_457196	album_141096	1171711.mp3	98.2	mood/theme---epic	0.714	0.426	0.66
track_1173500	artist_455493	album_141331	1173500.mp3	214.5	mood/theme---movie	0.584	0.12	-0.058
track_1173501	artist_455493	album_141331	1173501.mp3	59.5	mood/theme---movie	0.584	0.12	-0.058
track_1173502	artist_455493	album_141331	1173502.mp3	237.0	mood/theme---movie	0.584	0.12	-0.058
track_1173503	artist_455493	album_141331	1173503.mp3	97.5	mood/theme---movie	0.584	0.12	-0.058
track_1173504	artist_455493	album_141331	1173504.mp3	104.0	mood/theme---movie	0.584	0.12	-0.058
track_1173505	artist_455493	album_141331	1173505.mp3	156.0	mood/theme---movie	0.584	0.12	-0.058
track_1173506	artist_455493	album_141331	1173506.mp3	116.0	mood/theme---movie	0.584	0.12	-0.058
track_1174411	artist_457852	album_141454	1174411.mp3	266.3	"mood/theme---dark	mood/theme---inspiring	mood/theme---love"	0.311333	0.075333	0.098667
track_1174412	artist_457852	album_141454	1174412.mp3	257.0	mood/theme---dark	-0.604	-0.204	-0.148
track_1174507	artist_457852	album_141454	1174507.mp3	483.2	"mood/theme---happy	mood/theme---powerful	mood/theme---sexy"	0.760333	0.673333	0.661667
track_1174812	artist_438966	album_141487	1174812.mp3	259.2	mood/theme---melodic	0.933	0.238	0.148
track_1176205	artist_457205	album_141633	1176205.mp3	214.0	"mood/theme---dramatic	mood/theme---hopeful	mood/theme---melancholic	mood/theme---positive"	0.227	-0.0235	0.101
track_1176206	artist_457205	album_141633	1176206.mp3	214.0	"mood/theme---commercial	mood/theme---corporate	mood/theme---happy"	0.593667	0.119333	0.312
track_1176410	artist_457998	album_141654	1176410.mp3	170.4	mood/theme---dream	0.688	-0.686	-0.344
track_1176411	artist_457998	album_141654	1176411.mp3	296.8	"mood/theme---dream	mood/theme---film"	0.667	-0.352	-0.106
track_1176412	artist_457998	album_141654	1176412.mp3	273.0	mood/theme---epic	0.714	0.426	0.66
track_1177012	artist_456650	album_141690	1177012.mp3	207.2	"mood/theme---adventure	mood/theme---energetic	mood/theme---inspiring	mood/theme---positive"	0.747	0.3915	0.536
track_1178100	artist_457998	album_141801	1178100.mp3	195.6	"mood/theme---dark	mood/theme---melancholic	mood/theme---melodic"	-0.103	-0.118	-0.148667
track_1178101	artist_457998	album_141801	1178101.mp3	200.0	"mood/theme---inspiring	mood/theme---uplifting"	0.542	0.096	0.21
track_1178102	artist_457998	album_141801	1178102.mp3	277.4	"mood/theme---emotional	mood/theme---epic	mood/theme---inspiring	mood/theme---uplifting"	0.589	0.2615	0.283
track_1178104	artist_367887	album_141799	1178104.mp3	222.9	mood/theme---christmas	0.918	0.04	0.482
track_1178111	artist_367887	album_141799	1178111.mp3	224.7	mood/theme---christmas	0.918	0.04	0.482
track_1178112	artist_367887	album_141799	1178112.mp3	415.5	mood/theme---christmas	0.918	0.04	0.482
track_1178612	artist_356808	album_141865	1178612.mp3	297.0	mood/theme---ambiental	0.708	-0.686	-0.05
track_1179111	artist_435514	album_141921	1179111.mp3	428.0	"mood/theme---dark	mood/theme---soundscape"	0.052	-0.445	-0.099
track_1179402	artist_341216	album_141956	1179402.mp3	148.4	mood/theme---love	0.996	0.334	0.234
track_1179405	artist_341216	album_141956	1179405.mp3	147.9	mood/theme---fun	0.836	0.686	0.334
track_1179510	artist_003027	album_141971	1179510.mp3	219.2	"mood/theme---background	mood/theme---film"	0.222	-0.152	0.064
track_1179511	artist_003027	album_141971	1179511.mp3	139.4	"mood/theme---background	mood/theme---film"	0.222	-0.152	0.064
track_1179603	artist_458379	album_141980	1179603.mp3	163.0	mood/theme---fun	0.836	0.686	0.334
track_1179604	artist_458379	album_141980	1179604.mp3	158.0	mood/theme---deep	-0.02	-0.054	0.314
track_1179607	artist_458379	album_141980	1179607.mp3	220.6	mood/theme---cool	0.77	0.08	0.562
track_1179608	artist_458379	album_141980	1179608.mp3	143.8	mood/theme---romantic	0.872	0.062	0.196
track_1179610	artist_458379	album_141980	1179610.mp3	182.8	mood/theme---funny	0.836	0.22	0.132
track_1181203	artist_348998	album_142145	1181203.mp3	226.7	mood/theme---inspiring	0.542	0.096	0.21
track_1181205	artist_348998	album_142145	1181205.mp3	276.2	"mood/theme---energetic	mood/theme---melancholic"	0.028	0.174	0.179
track_1181911	artist_341393	album_142184	1181911.mp3	531.9	mood/theme---sad	-0.55	-0.334	-0.702
track_1182601	artist_378587	album_142311	1182601.mp3	450.7	mood/theme---christmas	0.918	0.04	0.482
track_1184708	artist_419285	album_142574	1184708.mp3	213.4	mood/theme---dream	0.688	-0.686	-0.344
track_1185306	artist_431325	album_142554	1185306.mp3	227.2	mood/theme---love	0.996	0.334	0.234
track_1189408	artist_004625	album_143143	1189408.mp3	167.5	"mood/theme---dark	mood/theme---love"	0.196	0.065	0.043
track_1189900	artist_460469	album_143224	1189900.mp3	165.8	"mood/theme---cool	mood/theme---retro"	0.535	-0.184	0.102
track_1189901	artist_460469	album_143227	1189901.mp3	277.2	"mood/theme---hopeful	mood/theme---inspiring	mood/theme---uplifting"	0.659333	-0.031333	0.224667
track_1189902	artist_460469	album_143224	1189902.mp3	124.2	"mood/theme---cool	mood/theme---energetic	mood/theme---groovy"	0.564667	0.297333	0.431333
track_1189904	artist_460469	album_143221	1189904.mp3	190.4	"mood/theme---background	mood/theme---inspiring"	0.17	-0.095	0.103
track_1189906	artist_460469	album_143225	1189906.mp3	199.7	"mood/theme---happy	mood/theme---inspiring	mood/theme---upbeat"	0.761	0.209333	0.401333
track_1189907	artist_460469	album_143222	1189907.mp3	142.2	mood/theme---background	-0.202	-0.286	-0.004
track_1189908	artist_460469	album_143257	1189908.mp3	157.6	mood/theme---calm	0.75	-0.9	-0.373
track_1189910	artist_460469	album_143224	1189910.mp3	183.0	"mood/theme---cool	mood/theme---energetic	mood/theme---retro	mood/theme---sport"	0.6235	0.192	0.3305
track_1189911	artist_460469	album_143223	1189911.mp3	211.5	"mood/theme---emotional	mood/theme---hopeful	mood/theme---inspiring	mood/theme---uplifting"	0.634	0.0835	0.1815
track_1189912	artist_460469	album_143224	1189912.mp3	108.6	"mood/theme---energetic	mood/theme---fast	mood/theme---sport"	0.558	0.498	0.469333
track_1190104	artist_367947	album_143245	1190104.mp3	1766.0	"mood/theme---relaxing	mood/theme---soundscape"	0.708	-0.686	-0.05
track_1191110	artist_421874	album_143364	1191110.mp3	290.3	mood/theme---groovy	0.23	0.076	-0.072
track_1191611	artist_350969	album_143420	1191611.mp3	240.1	mood/theme---party	0.896	0.68	0.094
track_1193301	artist_459855	album_143651	1193301.mp3	123.4	mood/theme---children	0.714	0.076	-0.13
track_1193302	artist_459855	album_143651	1193302.mp3	126.5	mood/theme---children	0.714	0.076	-0.13
track_1193303	artist_459855	album_143651	1193303.mp3	118.0	mood/theme---children	0.714	0.076	-0.13
track_1193304	artist_459855	album_143651	1193304.mp3	114.7	mood/theme---children	0.714	0.076	-0.13
track_1193305	artist_459855	album_143651	1193305.mp3	100.5	mood/theme---children	0.714	0.076	-0.13
track_1193306	artist_459855	album_143651	1193306.mp3	145.5	mood/theme---children	0.714	0.076	-0.13
track_1193307	artist_459855	album_143651	1193307.mp3	204.4	mood/theme---children	0.714	0.076	-0.13
track_1193308	artist_459855	album_143651	1193308.mp3	140.4	mood/theme---children	0.714	0.076	-0.13
track_1193309	artist_459855	album_143651	1193309.mp3	151.5	mood/theme---children	0.714	0.076	-0.13
track_1193310	artist_459855	album_143651	1193310.mp3	165.4	mood/theme---children	0.714	0.076	-0.13
track_1193401	artist_337741	album_143631	1193401.mp3	636.3	"mood/theme---dream	mood/theme---relaxing"	0.698	-0.686	-0.197
track_1193402	artist_337741	album_143631	1193402.mp3	561.6	mood/theme---dream	0.688	-0.686	-0.344
track_1194606	artist_461498	album_143770	1194606.mp3	213.3	mood/theme---ballad	0.584	-0.432	-0.152
track_1194608	artist_461498	album_143770	1194608.mp3	250.6	mood/theme---ballad	0.584	-0.432	-0.152
track_1194609	artist_461498	album_143770	1194609.mp3	250.7	mood/theme---ballad	0.584	-0.432	-0.152
track_1195900	artist_003944	album_143935	1195900.mp3	103.0	"mood/theme---corporate	mood/theme---happy"	0.5845	0.189	0.44
track_1195902	artist_003944	album_143935	1195902.mp3	75.3	mood/theme---positive	0.918	0.02	0.71
track_1195903	artist_003944	album_143935	1195903.mp3	110.5	mood/theme---romantic	0.872	0.062	0.196
track_1195904	artist_003944	album_143935	1195904.mp3	81.8	"mood/theme---documentary	mood/theme---happy"	0.6145	-0.052	0.291
track_1195906	artist_003944	album_143935	1195906.mp3	120.9	"mood/theme---advertising	mood/theme---epic	mood/theme---inspiring"	0.5	0.246	0.378
track_1195907	artist_003944	album_143935	1195907.mp3	82.1	mood/theme---corporate	0.184	-0.092	0.49
track_1195908	artist_003944	album_143935	1195908.mp3	77.8	mood/theme---inspiring	0.542	0.096	0.21
track_1195909	artist_003944	album_143935	1195909.mp3	120.2	"mood/theme---corporate	mood/theme---motivational	mood/theme---uplifting"	0.512667	0.098667	0.472
track_1195910	artist_003944	album_143935	1195910.mp3	107.3	mood/theme---emotional	0.558	0.428	0.052
track_1195912	artist_003944	album_143935	1195912.mp3	125.8	"mood/theme---emotional	mood/theme---groovy"	0.394	0.252	-0.01
track_1196203	artist_340121	album_143959	1196203.mp3	148.8	"mood/theme---film	mood/theme---meditative"	0.437	-0.389	0.02
track_1196205	artist_340121	album_143959	1196205.mp3	161.1	"mood/theme---film	mood/theme---meditative"	0.437	-0.389	0.02
track_1196206	artist_340121	album_143959	1196206.mp3	356.0	"mood/theme---film	mood/theme---meditative"	0.437	-0.389	0.02
track_1196208	artist_340121	album_143959	1196208.mp3	264.0	"mood/theme---film	mood/theme---meditative"	0.437	-0.389	0.02
track_1196209	artist_340121	album_143959	1196209.mp3	252.0	"mood/theme---film	mood/theme---meditative"	0.437	-0.389	0.02
track_1196909	artist_442127	album_144024	1196909.mp3	86.1	mood/theme---heavy	-0.5	-0.092	0.2
track_1197103	artist_419438	album_144040	1197103.mp3	128.4	"mood/theme---happy	mood/theme---inspiring	mood/theme---motivational	mood/theme---positive"	0.81425	0.2195	0.5065
track_1197104	artist_419438	album_144040	1197104.mp3	132.5	"mood/theme---happy	mood/theme---positive"	0.9515	0.245	0.55
track_1202100	artist_375104	album_144456	1202100.mp3	180.0	"mood/theme---background	mood/theme---calm"	0.274	-0.593	-0.1885
track_1202102	artist_375104	album_144456	1202102.mp3	32.1	"mood/theme---background	mood/theme---soft"	0.159	-0.464	-0.27
track_1202104	artist_375104	album_144456	1202104.mp3	35.3	"mood/theme---background	mood/theme---soft"	0.159	-0.464	-0.27
track_1202105	artist_375104	album_144456	1202105.mp3	32.0	"mood/theme---happy	mood/theme---positive	mood/theme---soft"	0.807667	-0.050667	0.188
track_1202106	artist_375104	album_144456	1202106.mp3	108.1	"mood/theme---positive	mood/theme---soft"	0.719	-0.311	0.087
track_1202107	artist_375104	album_144456	1202107.mp3	38.1	"mood/theme---positive	mood/theme---soft"	0.719	-0.311	0.087
track_1203201	artist_456946	album_144534	1203201.mp3	197.2	"mood/theme---calm	mood/theme---dark	mood/theme---drama	mood/theme---dramatic	mood/theme---emotional	mood/theme---melancholic	mood/theme---sad"	-0.127143	-0.046857	-0.252714
track_1203202	artist_456946	album_144532	1203202.mp3	280.3	"mood/theme---dark	mood/theme---drama	mood/theme---emotional	mood/theme---melancholic	mood/theme---sad"	-0.2748	0.0024	-0.2564
track_1203203	artist_456946	album_144532	1203203.mp3	277.7	"mood/theme---dark	mood/theme---drama	mood/theme---dream	mood/theme---film"	0.1475	-0.0995	-0.0995
track_1203411	artist_463180	album_144561	1203411.mp3	444.8	mood/theme---melodic	0.933	0.238	0.148
track_1204807	artist_462768	album_144725	1204807.mp3	235.0	"mood/theme---fun	mood/theme---funny"	0.836	0.453	0.233
track_1204810	artist_462768	album_144725	1204810.mp3	195.5	mood/theme---cool	0.77	0.08	0.562
track_1204811	artist_462768	album_144725	1204811.mp3	254.4	mood/theme---funny	0.836	0.22	0.132
track_1204812	artist_462768	album_144725	1204812.mp3	157.8	mood/theme---funny	0.836	0.22	0.132
track_1205808	artist_432273	album_144845	1205808.mp3	257.0	"mood/theme---action	mood/theme---dark	mood/theme---emotional	mood/theme---energetic"	0.292	0.439	0.328
track_1205809	artist_432273	album_144845	1205809.mp3	153.2	"mood/theme---action	mood/theme---drama	mood/theme---energetic"	0.358	0.680667	0.456667
track_1205810	artist_432273	album_144845	1205810.mp3	230.8	"mood/theme---documentary	mood/theme---energetic	mood/theme---travel"	0.6	0.18	0.355333
track_1208611	artist_438431	album_145151	1208611.mp3	290.3	mood/theme---sad	-0.55	-0.334	-0.702
track_1209202	artist_433352	album_145221	1209202.mp3	205.1	mood/theme---love	0.996	0.334	0.234
track_1209204	artist_433352	album_145221	1209204.mp3	182.8	"mood/theme---love	mood/theme---soft"	0.758	-0.154	-0.151
track_1209205	artist_433352	album_145221	1209205.mp3	225.9	mood/theme---ambiental	0.708	-0.686	-0.05
track_1209404	artist_451073	album_145253	1209404.mp3	166.4	"mood/theme---advertising	mood/theme---corporate	mood/theme---happy	mood/theme---motivational"	0.55625	0.2215	0.465
track_1209408	artist_451073	album_145253	1209408.mp3	94.2	"mood/theme---advertising	mood/theme---happy	mood/theme---positive"	0.715667	0.235333	0.454667
track_1209411	artist_451073	album_145253	1209411.mp3	288.1	"mood/theme---advertising	mood/theme---commercial"	0.428	0.098	0.16
track_1209412	artist_451073	album_145253	1209412.mp3	153.3	"mood/theme---advertising	mood/theme---corporate	mood/theme---happy	mood/theme---motivational"	0.55625	0.2215	0.465
track_1209612	artist_003944	album_145266	1209612.mp3	30.0	mood/theme---emotional	0.558	0.428	0.052
track_1210603	artist_347673	album_145401	1210603.mp3	168.0	"mood/theme---dramatic	mood/theme---dream	mood/theme---inspiring	mood/theme---meditative"	0.298	-0.1975	-0.085
track_1210605	artist_347673	album_145401	1210605.mp3	182.0	"mood/theme---inspiring	mood/theme---romantic"	0.707	0.079	0.203
track_1210606	artist_347673	album_145401	1210606.mp3	145.0	"mood/theme---inspiring	mood/theme---meditative	mood/theme---melancholic	mood/theme---melodic"	0.26625	-0.2035	-0.045
track_1210607	artist_347673	album_145401	1210607.mp3	95.0	"mood/theme---meditative	mood/theme---melancholic	mood/theme---sad"	-0.32	-0.494	-0.413333
track_1210700	artist_007063	album_145414	1210700.mp3	160.1	"mood/theme---cool	mood/theme---fun	mood/theme---groovy	mood/theme---happy	mood/theme---melodic	mood/theme---motivational"	0.761	0.307	0.346333
track_1210701	artist_007063	album_145414	1210701.mp3	187.6	"mood/theme---groovy	mood/theme---melodic"	0.5815	0.157	0.038
track_1210702	artist_457476	album_145413	1210702.mp3	282.1	"mood/theme---corporate	mood/theme---uplifting"	0.363	0.002	0.35
track_1210703	artist_457476	album_145413	1210703.mp3	181.9	"mood/theme---corporate	mood/theme---trailer"	0.133	-0.056	0.218
track_1210706	artist_457476	album_145413	1210706.mp3	300.0	mood/theme---trailer	0.082	-0.02	-0.054
track_1210712	artist_007063	album_145414	1210712.mp3	209.0	"mood/theme---cool	mood/theme---groovy	mood/theme---melodic"	0.644333	0.131333	0.212667
track_1211211	artist_351337	album_145463	1211211.mp3	238.2	mood/theme---love	0.996	0.334	0.234
track_1211212	artist_351337	album_145463	1211212.mp3	269.5	mood/theme---love	0.996	0.334	0.234
track_1211600	artist_465566	album_145503	1211600.mp3	300.1	"mood/theme---emotional	mood/theme---sad"	0.004	0.047	-0.325
track_1211601	artist_465566	album_145503	1211601.mp3	202.1	"mood/theme---happy	mood/theme---sad"	0.2175	0.068	-0.156
track_1211603	artist_465566	album_145503	1211603.mp3	170.1	mood/theme---sad	-0.55	-0.334	-0.702
track_1211604	artist_465566	album_145503	1211604.mp3	199.2	mood/theme---sad	-0.55	-0.334	-0.702
track_1211605	artist_465566	album_145503	1211605.mp3	221.5	mood/theme---sad	-0.55	-0.334	-0.702
track_1211606	artist_465566	album_145503	1211606.mp3	194.7	mood/theme---sad	-0.55	-0.334	-0.702
track_1211607	artist_465566	album_145503	1211607.mp3	140.1	"mood/theme---love	mood/theme---sad"	0.223	0.0	-0.234
track_1211608	artist_465566	album_145503	1211608.mp3	240.1	mood/theme---sad	-0.55	-0.334	-0.702
track_1211800	artist_456650	album_145533	1211800.mp3	264.0	"mood/theme---advertising	mood/theme---drama	mood/theme---dramatic	mood/theme---emotional	mood/theme---epic	mood/theme---film"	0.292667	0.353667	0.159333
track_1211801	artist_456650	album_145533	1211801.mp3	264.2	"mood/theme---adventure	mood/theme---melodic"	0.8835	0.476	0.284
track_1211802	artist_456650	album_145532	1211802.mp3	238.7	"mood/theme---commercial	mood/theme---mellow	mood/theme---positive"	0.598667	-0.305667	0.146
track_1211803	artist_456650	album_145532	1211803.mp3	238.6	"mood/theme---mellow	mood/theme---motivational	mood/theme---positive"	0.665333	-0.201667	0.366
track_1212608	artist_462186	album_145593	1212608.mp3	164.6	"mood/theme---dream	mood/theme---meditative"	0.458	-0.723	-0.218
track_1215804	artist_466853	album_145861	1215804.mp3	190.0	mood/theme---slow	-0.286	-0.927	-0.708
track_1216208	artist_456650	album_145912	1216208.mp3	262.0	"mood/theme---dramatic	mood/theme---emotional	mood/theme---love	mood/theme---romantic"	0.54	0.346	0.092
track_1216209	artist_456650	album_145912	1216209.mp3	262.0	"mood/theme---drama	mood/theme---hopeful	mood/theme---melodic"	0.562333	0.154	0.121333
track_1216210	artist_456650	album_145911	1216210.mp3	182.8	"mood/theme---action	mood/theme---adventure	mood/theme---energetic	mood/theme---happy	mood/theme---nature	mood/theme---sport"	0.746167	0.414	0.469667
track_1216211	artist_456650	album_145911	1216211.mp3	182.8	"mood/theme---adventure	mood/theme---children	mood/theme---energetic	mood/theme---fun	mood/theme---happy	mood/theme---travel"	0.820833	0.51	0.314667
track_1217305	artist_341169	album_146033	1217305.mp3	158.0	mood/theme---melancholic	-0.638	-0.388	-0.446
track_1217503	artist_396983	album_146065	1217503.mp3	176.8	mood/theme---advertising	0.244	0.216	0.264
track_1217504	artist_396983	album_146065	1217504.mp3	171.9	mood/theme---advertising	0.244	0.216	0.264
track_1217505	artist_396983	album_146065	1217505.mp3	109.1	mood/theme---advertising	0.244	0.216	0.264
track_1217506	artist_396983	album_146065	1217506.mp3	319.5	mood/theme---advertising	0.244	0.216	0.264
track_1217508	artist_396983	album_146065	1217508.mp3	125.8	mood/theme---advertising	0.244	0.216	0.264
track_1217509	artist_396983	album_146065	1217509.mp3	360.0	mood/theme---advertising	0.244	0.216	0.264
track_1217510	artist_396983	album_146065	1217510.mp3	160.0	mood/theme---advertising	0.244	0.216	0.264
track_1217511	artist_396983	album_146065	1217511.mp3	102.5	mood/theme---advertising	0.244	0.216	0.264
track_1217512	artist_396983	album_146065	1217512.mp3	126.3	mood/theme---advertising	0.244	0.216	0.264
track_1219101	artist_466600	album_146228	1219101.mp3	38.1	"mood/theme---children	mood/theme---commercial	mood/theme---documentary	mood/theme---nature"	0.571	-0.2875	0.101
track_1219207	artist_358485	album_146240	1219207.mp3	83.3	mood/theme---happy	0.985	0.47	0.39
track_1219208	artist_358485	album_146240	1219208.mp3	258.0	mood/theme---happy	0.985	0.47	0.39
track_1219209	artist_358485	album_146240	1219209.mp3	289.6	mood/theme---happy	0.985	0.47	0.39
track_1219210	artist_358485	album_146240	1219210.mp3	192.1	mood/theme---happy	0.985	0.47	0.39
track_1219211	artist_358485	album_146240	1219211.mp3	226.2	mood/theme---happy	0.985	0.47	0.39
track_1219212	artist_358485	album_146240	1219212.mp3	185.6	mood/theme---happy	0.985	0.47	0.39
track_1219404	artist_368759	album_146249	1219404.mp3	128.0	"mood/theme---deep	mood/theme---dream"	0.334	-0.37	-0.015
track_1219603	artist_348759	album_146278	1219603.mp3	218.0	mood/theme---love	0.996	0.334	0.234
track_1219701	artist_350284	album_146293	1219701.mp3	124.6	"mood/theme---action	mood/theme---dark"	-0.042	0.296	0.228
track_1219702	artist_350284	album_146293	1219702.mp3	208.4	"mood/theme---dark	mood/theme---melancholic"	-0.621	-0.296	-0.297
track_1220705	artist_467467	album_146416	1220705.mp3	216.6	"mood/theme---epic	mood/theme---film"	0.68	0.204	0.396
track_1222000	artist_437980	album_146587	1222000.mp3	206.2	"mood/theme---children	mood/theme---positive	mood/theme---relaxing"	0.78	-0.196667	0.176667
track_1222001	artist_437980	album_146587	1222001.mp3	171.2	mood/theme---relaxing	0.708	-0.686	-0.05
track_1222007	artist_437980	album_146587	1222007.mp3	173.9	mood/theme---happy	0.985	0.47	0.39
track_1222008	artist_437980	album_146587	1222008.mp3	140.6	"mood/theme---energetic	mood/theme---happy	mood/theme---upbeat	mood/theme---uplifting"	0.74425	0.341	0.502
track_1222010	artist_437980	album_146587	1222010.mp3	215.0	"mood/theme---advertising	mood/theme---happy	mood/theme---upbeat	mood/theme---uplifting"	0.63175	0.211	0.367
track_1222011	artist_437980	album_146587	1222011.mp3	179.3	"mood/theme---happy	mood/theme---positive	mood/theme---uplifting"	0.815	0.195333	0.436667
track_1222310	artist_005240	album_146612	1222310.mp3	380.0	"mood/theme---drama	mood/theme---nature"	0.287	-0.061	0.124
track_1222501	artist_469033	album_146636	1222501.mp3	223.0	mood/theme---love	0.996	0.334	0.234
track_1222609	artist_469033	album_146636	1222609.mp3	300.3	mood/theme---sad	-0.55	-0.334	-0.702
track_1223300	artist_455057	album_146733	1223300.mp3	52.2	"mood/theme---happy	mood/theme---inspiring	mood/theme---positive"	0.815	0.195333	0.436667
track_1223702	artist_339449	album_146804	1223702.mp3	384.0	mood/theme---christmas	0.918	0.04	0.482
track_1225503	artist_467520	album_146995	1225503.mp3	229.1	mood/theme---love	0.996	0.334	0.234
track_1225505	artist_467520	album_146995	1225505.mp3	300.3	mood/theme---summer	0.624	-0.254	0.1
track_1226201	artist_444081	album_147085	1226201.mp3	105.1	mood/theme---space	0.6	-0.366	0.146
track_1226202	artist_444081	album_147085	1226202.mp3	105.1	mood/theme---space	0.6	-0.366	0.146
track_1226700	artist_466600	album_147132	1226700.mp3	69.0	"mood/theme---commercial	mood/theme---documentary	mood/theme---nature	mood/theme---romantic"	0.6105	-0.291	0.1825
track_1226702	artist_337428	album_147119	1226702.mp3	323.9	mood/theme---ballad	0.584	-0.432	-0.152
track_1226705	artist_337428	album_147119	1226705.mp3	271.8	mood/theme---heavy	-0.5	-0.092	0.2
track_1226800	artist_437980	album_147143	1226800.mp3	106.9	"mood/theme---fun	mood/theme---relaxing"	0.772	0.0	0.142
track_1226801	artist_437980	album_147143	1226801.mp3	220.8	"mood/theme---relaxing	mood/theme---soft"	0.614	-0.664	-0.293
track_1227101	artist_470512	album_147199	1227101.mp3	227.3	mood/theme---emotional	0.558	0.428	0.052
track_1227102	artist_470512	album_147199	1227102.mp3	185.2	"mood/theme---emotional	mood/theme---happy"	0.7715	0.449	0.221
track_1227103	artist_470512	album_147199	1227103.mp3	189.5	mood/theme---emotional	0.558	0.428	0.052
track_1227104	artist_470512	album_147199	1227104.mp3	205.1	mood/theme---emotional	0.558	0.428	0.052
track_1227500	artist_459422	album_147239	1227500.mp3	310.9	"mood/theme---adventure	mood/theme---advertising	mood/theme---documentary	mood/theme---film"	0.492	0.0845	0.252
track_1228102	artist_470905	album_147335	1228102.mp3	299.2	mood/theme---ambiental	0.708	-0.686	-0.05
track_1229310	artist_471274	album_147445	1229310.mp3	240.0	mood/theme---happy	0.985	0.47	0.39
track_1230710	artist_428449	album_145744	1230710.mp3	644.2	"mood/theme---dark	mood/theme---dramatic	mood/theme---hopeful	mood/theme---melancholic	mood/theme---motivational"	0.0396	-0.0052	0.0524
track_1230711	artist_428449	album_145744	1230711.mp3	443.9	"mood/theme---dramatic	mood/theme---hopeful	mood/theme---inspiring	mood/theme---motivational	mood/theme---relaxing	mood/theme---romantic"	0.593667	0.006333	0.202
track_1230712	artist_428449	album_145744	1230712.mp3	533.6	"mood/theme---dramatic	mood/theme---hopeful	mood/theme---inspiring	mood/theme---motivational	mood/theme---relaxing	mood/theme---romantic"	0.593667	0.006333	0.202
track_1230805	artist_471813	album_147598	1230805.mp3	161.2	mood/theme---slow	-0.286	-0.927	-0.708
track_1230806	artist_471813	album_147598	1230806.mp3	258.9	mood/theme---slow	-0.286	-0.927	-0.708
track_1231502	artist_458979	album_147684	1231502.mp3	147.0	mood/theme---sad	-0.55	-0.334	-0.702
track_1231702	artist_338779	album_147704	1231702.mp3	156.2	"mood/theme---dream	mood/theme---film	mood/theme---happy	mood/theme---summer"	0.73575	-0.122	0.0695
track_1234305	artist_437980	album_147991	1234305.mp3	165.5	"mood/theme---christmas	mood/theme---positive"	0.918	0.03	0.596
track_1234306	artist_437980	album_147991	1234306.mp3	177.6	mood/theme---epic	0.714	0.426	0.66
track_1234308	artist_437980	album_147991	1234308.mp3	134.2	mood/theme---calm	0.75	-0.9	-0.373
track_1234310	artist_437980	album_147991	1234310.mp3	159.7	mood/theme---epic	0.714	0.426	0.66
track_1234311	artist_437980	album_147991	1234311.mp3	143.1	"mood/theme---action	mood/theme---adventure	mood/theme---epic"	0.689333	0.645333	0.561333
track_1234411	artist_437980	album_148000	1234411.mp3	108.4	mood/theme---happy	0.985	0.47	0.39
track_1234412	artist_437980	album_148002	1234412.mp3	243.4	"mood/theme---energetic	mood/theme---party	mood/theme---positive	mood/theme---uplifting"	0.7625	0.383	0.4545
track_1234500	artist_472670	album_147855	1234500.mp3	420.0	"mood/theme---happy	mood/theme---party"	0.9405	0.575	0.242
track_1234501	artist_472670	album_147855	1234501.mp3	510.5	mood/theme---party	0.896	0.68	0.094
track_1234502	artist_472670	album_147855	1234502.mp3	316.2	"mood/theme---happy	mood/theme---love"	0.9905	0.402	0.312
track_1234503	artist_472670	album_147855	1234503.mp3	331.2	"mood/theme---love	mood/theme---party"	0.946	0.507	0.164
track_1234505	artist_472670	album_147855	1234505.mp3	297.0	mood/theme---party	0.896	0.68	0.094
track_1235601	artist_340663	album_148140	1235601.mp3	83.2	"mood/theme---ballad	mood/theme---romantic"	0.728	-0.185	0.022
track_1235700	artist_359452	album_148151	1235700.mp3	438.3	"mood/theme---energetic	mood/theme---sad"	0.072	0.201	0.051
track_1236010	artist_431744	album_148182	1236010.mp3	227.2	mood/theme---soundscape	0.708	-0.686	-0.05
track_1236105	artist_003944	album_148195	1236105.mp3	138.0	"mood/theme---happy	mood/theme---inspiring"	0.7635	0.283	0.3
track_1236106	artist_003944	album_148195	1236106.mp3	144.2	"mood/theme---happy	mood/theme---inspiring"	0.7635	0.283	0.3
track_1236107	artist_003944	album_148195	1236107.mp3	152.4	mood/theme---inspiring	0.542	0.096	0.21
track_1236108	artist_003944	album_148196	1236108.mp3	108.8	"mood/theme---drama	mood/theme---emotional	mood/theme---film"	0.354667	0.306667	0.048667
track_1236109	artist_003944	album_148196	1236109.mp3	104.0	"mood/theme---drama	mood/theme---emotional	mood/theme---film"	0.354667	0.306667	0.048667
track_1236110	artist_003944	album_148196	1236110.mp3	124.9	"mood/theme---drama	mood/theme---emotional	mood/theme---film"	0.354667	0.306667	0.048667
track_1236111	artist_003944	album_148197	1236111.mp3	131.2	"mood/theme---emotional	mood/theme---film"	0.602	0.205	0.092
track_1236112	artist_003944	album_148197	1236112.mp3	141.5	"mood/theme---emotional	mood/theme---film	mood/theme---sad"	0.218	0.025333	-0.172667
track_1236401	artist_473960	album_148240	1236401.mp3	193.6	"mood/theme---happy	mood/theme---upbeat"	0.8705	0.266	0.497
track_1236402	artist_473960	album_148240	1236402.mp3	225.3	mood/theme---fun	0.836	0.686	0.334
track_1236403	artist_473960	album_148240	1236403.mp3	152.5	"mood/theme---calm	mood/theme---slow"	0.232	-0.9135	-0.5405
track_1236405	artist_473960	album_148240	1236405.mp3	124.1	"mood/theme---epic	mood/theme---fun	mood/theme---happy"	0.845	0.527333	0.461333
track_1236406	artist_473960	album_148240	1236406.mp3	287.8	mood/theme---epic	0.714	0.426	0.66
track_1236408	artist_473960	album_148240	1236408.mp3	278.7	"mood/theme---happy	mood/theme---upbeat	mood/theme---uplifting"	0.761	0.209333	0.401333
track_1237212	artist_337741	album_148329	1237212.mp3	1406.1	"mood/theme---meditative	mood/theme---soundscape"	0.468	-0.723	-0.071
track_1239109	artist_366701	album_148527	1239109.mp3	309.5	mood/theme---relaxing	0.708	-0.686	-0.05
track_1239110	artist_366701	album_148527	1239110.mp3	327.4	"mood/theme---emotional	mood/theme---happy"	0.7715	0.449	0.221
track_1239507	artist_459422	album_148554	1239507.mp3	295.2	"mood/theme---advertising	mood/theme---documentary	mood/theme---film	mood/theme---love"	0.5325	-0.0105	0.2055
track_1241404	artist_349503	album_148780	1241404.mp3	270.8	mood/theme---calm	0.75	-0.9	-0.373
track_1241406	artist_349503	album_148780	1241406.mp3	470.5	mood/theme---sad	-0.55	-0.334	-0.702
track_1241407	artist_349503	album_148780	1241407.mp3	275.9	mood/theme---melodic	0.933	0.238	0.148
track_1241410	artist_349503	album_148780	1241410.mp3	510.0	mood/theme---sad	-0.55	-0.334	-0.702
track_1241411	artist_349503	album_148780	1241411.mp3	302.6	mood/theme---space	0.6	-0.366	0.146
track_1243203	artist_476215	album_148990	1243203.mp3	193.9	mood/theme---summer	0.624	-0.254	0.1
track_1245901	artist_004056	album_149240	1245901.mp3	223.0	"mood/theme---groovy	mood/theme---sexy"	0.48	0.483	0.266
track_1247101	artist_471813	album_149226	1247101.mp3	334.3	"mood/theme---dark	mood/theme---slow"	-0.445	-0.5655	-0.428
track_1247102	artist_471813	album_149226	1247102.mp3	200.6	"mood/theme---dark	mood/theme---slow"	-0.445	-0.5655	-0.428
track_1247103	artist_471813	album_149226	1247103.mp3	207.5	"mood/theme---dark	mood/theme---slow"	-0.445	-0.5655	-0.428
track_1247104	artist_471813	album_149226	1247104.mp3	378.9	"mood/theme---dark	mood/theme---slow"	-0.445	-0.5655	-0.428
track_1247105	artist_471813	album_149226	1247105.mp3	226.3	"mood/theme---dark	mood/theme---slow"	-0.445	-0.5655	-0.428
track_1247106	artist_471813	album_149226	1247106.mp3	413.2	"mood/theme---dark	mood/theme---slow"	-0.445	-0.5655	-0.428
track_1247107	artist_471813	album_149226	1247107.mp3	207.5	"mood/theme---dark	mood/theme---slow"	-0.445	-0.5655	-0.428
track_1247109	artist_471813	album_149226	1247109.mp3	337.8	"mood/theme---dark	mood/theme---slow"	-0.445	-0.5655	-0.428
track_1247110	artist_471813	album_149226	1247110.mp3	224.6	"mood/theme---dark	mood/theme---slow"	-0.445	-0.5655	-0.428
track_1247112	artist_471813	album_149226	1247112.mp3	289.8	"mood/theme---dark	mood/theme---slow"	-0.445	-0.5655	-0.428
track_1247308	artist_004819	album_149433	1247308.mp3	307.2	mood/theme---relaxing	0.708	-0.686	-0.05
track_1247310	artist_004819	album_149433	1247310.mp3	333.7	"mood/theme---melodic	mood/theme---slow"	0.3235	-0.3445	-0.28
track_1248104	artist_353807	album_149468	1248104.mp3	208.6	mood/theme---party	0.896	0.68	0.094
track_1248105	artist_353807	album_149468	1248105.mp3	212.7	mood/theme---party	0.896	0.68	0.094
track_1248106	artist_353807	album_149468	1248106.mp3	184.4	mood/theme---party	0.896	0.68	0.094
track_1248107	artist_353807	album_149468	1248107.mp3	217.1	mood/theme---party	0.896	0.68	0.094
track_1248108	artist_353807	album_149468	1248108.mp3	225.9	mood/theme---party	0.896	0.68	0.094
track_1248600	artist_454470	album_149507	1248600.mp3	225.7	mood/theme---relaxing	0.708	-0.686	-0.05
track_1248601	artist_454470	album_149507	1248601.mp3	185.2	mood/theme---dark	-0.604	-0.204	-0.148
track_1248602	artist_454470	album_149507	1248602.mp3	136.6	mood/theme---sad	-0.55	-0.334	-0.702
track_1248603	artist_454470	album_149507	1248603.mp3	157.3	"mood/theme---energetic	mood/theme---happy"	0.8395	0.603	0.597
track_1248605	artist_454470	album_149507	1248605.mp3	196.0	"mood/theme---emotional	mood/theme---sad"	0.004	0.047	-0.325
track_1248606	artist_454470	album_149507	1248606.mp3	144.0	mood/theme---relaxing	0.708	-0.686	-0.05
track_1248607	artist_454470	album_149507	1248607.mp3	164.8	mood/theme---sad	-0.55	-0.334	-0.702
track_1248608	artist_454470	album_149507	1248608.mp3	208.5	mood/theme---positive	0.918	0.02	0.71
track_1248609	artist_454470	album_149507	1248609.mp3	111.9	"mood/theme---happy	mood/theme---relaxing"	0.8465	-0.108	0.17
track_1248611	artist_454470	album_149507	1248611.mp3	198.7	mood/theme---relaxing	0.708	-0.686	-0.05
track_1248612	artist_454470	album_149507	1248612.mp3	240.6	"mood/theme---sad	mood/theme---slow"	-0.418	-0.6305	-0.705
track_1248709	artist_477635	album_149514	1248709.mp3	172.7	mood/theme---emotional	0.558	0.428	0.052
track_1249602	artist_477973	album_149595	1249602.mp3	190.2	mood/theme---love	0.996	0.334	0.234
track_1249603	artist_477973	album_149595	1249603.mp3	218.3	"mood/theme---emotional	mood/theme---slow"	0.136	-0.2495	-0.328
track_1250200	artist_477618	album_149637	1250200.mp3	44.4	mood/theme---happy	0.985	0.47	0.39
track_1250203	artist_477618	album_149637	1250203.mp3	72.0	"mood/theme---action	mood/theme---heavy"	0.01	0.352	0.402
track_1250204	artist_477618	album_149637	1250204.mp3	64.7	mood/theme---commercial	0.612	-0.02	0.056
track_1250205	artist_477618	album_149637	1250205.mp3	30.8	mood/theme---background	-0.202	-0.286	-0.004
track_1250206	artist_477618	album_149637	1250206.mp3	117.4	"mood/theme---love	mood/theme---sexy"	0.863	0.612	0.419
track_1250207	artist_477618	album_149637	1250207.mp3	123.5	"mood/theme---drama	mood/theme---emotional	mood/theme---sad"	-0.044	0.201333	-0.229333
track_1250208	artist_477618	album_149637	1250208.mp3	131.8	mood/theme---dream	0.688	-0.686	-0.344
track_1250209	artist_477618	album_149637	1250209.mp3	48.0	"mood/theme---calm	mood/theme---relaxing"	0.729	-0.793	-0.2115
track_1250210	artist_477618	album_149637	1250210.mp3	54.0	mood/theme---action	0.52	0.796	0.604
track_1250211	artist_477618	album_149637	1250211.mp3	106.7	"mood/theme---calm	mood/theme---dream"	0.719	-0.793	-0.3585
track_1254011	artist_346564	album_150044	1254011.mp3	160.9	"mood/theme---dream	mood/theme---emotional	mood/theme---melodic	mood/theme---positive	mood/theme---romantic"	0.7938	0.0124	0.1524
track_1254809	artist_375104	album_150113	1254809.mp3	57.8	"mood/theme---happy	mood/theme---upbeat"	0.8705	0.266	0.497
track_1254810	artist_375104	album_150113	1254810.mp3	136.2	mood/theme---happy	0.985	0.47	0.39
track_1254811	artist_375104	album_150113	1254811.mp3	34.0	"mood/theme---advertising	mood/theme---happy	mood/theme---summer"	0.617667	0.144	0.251333
track_1255912	artist_355779	album_150211	1255912.mp3	80.7	mood/theme---space	0.6	-0.366	0.146
track_1257002	artist_479495	album_150326	1257002.mp3	288.3	mood/theme---upbeat	0.756	0.062	0.604
track_1257004	artist_479495	album_150326	1257004.mp3	220.1	mood/theme---upbeat	0.756	0.062	0.604
track_1257009	artist_479495	album_150326	1257009.mp3	257.2	"mood/theme---motivational	mood/theme---upbeat"	0.784	0.177	0.66
track_1257310	artist_466600	album_150356	1257310.mp3	38.0	"mood/theme---action	mood/theme---dramatic	mood/theme---epic	mood/theme---trailer"	0.2625	0.4405	0.274
track_1257311	artist_466600	album_150356	1257311.mp3	75.0	"mood/theme---action	mood/theme---dramatic	mood/theme---epic	mood/theme---trailer"	0.2625	0.4405	0.274
track_1261203	artist_477576	album_150774	1261203.mp3	151.6	"mood/theme---dark	mood/theme---trailer"	-0.261	-0.112	-0.101
track_1261204	artist_477576	album_150774	1261204.mp3	63.2	mood/theme---trailer	0.082	-0.02	-0.054
track_1263902	artist_355162	album_151019	1263902.mp3	259.2	mood/theme---romantic	0.872	0.062	0.196
track_1264107	artist_355162	album_151019	1264107.mp3	225.6	"mood/theme---melodic	mood/theme---relaxing	mood/theme---romantic"	0.837667	-0.128667	0.098
track_1264201	artist_351616	album_151122	1264201.mp3	110.0	"mood/theme---deep	mood/theme---groovy"	0.105	0.011	0.121
track_1264204	artist_351616	album_151122	1264204.mp3	64.3	mood/theme---movie	0.584	0.12	-0.058
track_1264209	artist_351616	album_151122	1264209.mp3	188.1	mood/theme---love	0.996	0.334	0.234
track_1265307	artist_480019	album_151227	1265307.mp3	211.6	"mood/theme---ballad	mood/theme---relaxing	mood/theme---romantic"	0.721333	-0.352	-0.002
track_1265308	artist_480019	album_151227	1265308.mp3	278.1	mood/theme---romantic	0.872	0.062	0.196
track_1265309	artist_480019	album_151227	1265309.mp3	333.6	mood/theme---film	0.646	-0.018	0.132
track_1265311	artist_480019	album_151227	1265311.mp3	376.3	mood/theme---romantic	0.872	0.062	0.196
track_1265312	artist_480019	album_151227	1265312.mp3	240.5	mood/theme---romantic	0.872	0.062	0.196
track_1265805	artist_441932	album_151279	1265805.mp3	219.8	mood/theme---happy	0.985	0.47	0.39
track_1265806	artist_441932	album_151279	1265806.mp3	284.6	mood/theme---fun	0.836	0.686	0.334
track_1265902	artist_427606	album_151289	1265902.mp3	106.2	"mood/theme---calm	mood/theme---relaxing"	0.729	-0.793	-0.2115
track_1265903	artist_427606	album_151289	1265903.mp3	81.6	mood/theme---film	0.646	-0.018	0.132
track_1265904	artist_427606	album_151289	1265904.mp3	112.7	mood/theme---film	0.646	-0.018	0.132
track_1265905	artist_427606	album_151289	1265905.mp3	152.0	"mood/theme---ambiental	mood/theme---film"	0.677	-0.352	0.041
track_1265909	artist_427606	album_151289	1265909.mp3	125.7	mood/theme---ambiental	0.708	-0.686	-0.05
track_1266107	artist_460992	album_151307	1266107.mp3	98.7	"mood/theme---fast	mood/theme---happy	mood/theme---inspiring	mood/theme---motivational"	0.64725	0.304	0.4015
track_1266108	artist_460992	album_151307	1266108.mp3	100.4	"mood/theme---positive	mood/theme---uplifting"	0.73	0.058	0.46
track_1266110	artist_460992	album_151307	1266110.mp3	86.5	"mood/theme---children	mood/theme---funny	mood/theme---happy	mood/theme---positive"	0.86325	0.1965	0.2755
track_1266111	artist_460992	album_151307	1266111.mp3	79.6	"mood/theme---calm	mood/theme---inspiring"	0.646	-0.402	-0.0815
track_1266112	artist_460992	album_151307	1266112.mp3	90.1	"mood/theme---children	mood/theme---happy"	0.8495	0.273	0.13
track_1266500	artist_432124	album_151348	1266500.mp3	71.1	"mood/theme---advertising	mood/theme---commercial	mood/theme---motivational"	0.556	0.162667	0.345333
track_1266502	artist_432124	album_151348	1266502.mp3	67.0	"mood/theme---advertising	mood/theme---children	mood/theme---commercial	mood/theme---fun	mood/theme---funny"	0.6484	0.2356	0.1312
track_1266505	artist_007862	album_151349	1266505.mp3	246.2	"mood/theme---fast	mood/theme---uplifting"	0.396	0.227	0.25
track_1266506	artist_007862	album_151349	1266506.mp3	330.0	mood/theme---dream	0.688	-0.686	-0.344
track_1266507	artist_007862	album_151349	1266507.mp3	310.6	mood/theme---deep	-0.02	-0.054	0.314
track_1266508	artist_007862	album_151349	1266508.mp3	139.6	mood/theme---deep	-0.02	-0.054	0.314
track_1266509	artist_007862	album_151349	1266509.mp3	311.0	mood/theme---deep	-0.02	-0.054	0.314
track_1267706	artist_437980	album_151489	1267706.mp3	179.3	"mood/theme---happy	mood/theme---uplifting"	0.7635	0.283	0.3
track_1267707	artist_437980	album_151489	1267707.mp3	179.3	"mood/theme---inspiring	mood/theme---uplifting"	0.542	0.096	0.21
track_1268107	artist_471813	album_151540	1268107.mp3	209.2	mood/theme---slow	-0.286	-0.927	-0.708
track_1268108	artist_471813	album_151540	1268108.mp3	310.3	mood/theme---slow	-0.286	-0.927	-0.708
track_1268109	artist_471813	album_151540	1268109.mp3	228.0	mood/theme---slow	-0.286	-0.927	-0.708
track_1268110	artist_471813	album_151540	1268110.mp3	330.9	mood/theme---slow	-0.286	-0.927	-0.708
track_1268111	artist_471813	album_151540	1268111.mp3	231.5	mood/theme---slow	-0.286	-0.927	-0.708
track_1268112	artist_471813	album_151540	1268112.mp3	221.2	mood/theme---slow	-0.286	-0.927	-0.708
track_1268902	artist_480619	album_151568	1268902.mp3	318.8	mood/theme---romantic	0.872	0.062	0.196
track_1269805	artist_480798	album_151679	1269805.mp3	215.0	mood/theme---soft	0.52	-0.642	-0.536
track_1270100	artist_466600	album_151710	1270100.mp3	35.1	"mood/theme---dramatic	mood/theme---happy	mood/theme---inspiring	mood/theme---romantic"	0.53325	0.297	0.1705
track_1271205	artist_375935	album_151814	1271205.mp3	90.0	mood/theme---christmas	0.918	0.04	0.482
track_1271904	artist_470555	album_151894	1271904.mp3	284.0	mood/theme---love	0.996	0.334	0.234
track_1271906	artist_470555	album_151894	1271906.mp3	226.6	mood/theme---dream	0.688	-0.686	-0.344
track_1271907	artist_470555	album_151894	1271907.mp3	190.3	mood/theme---upbeat	0.756	0.062	0.604
track_1271911	artist_470555	album_151894	1271911.mp3	237.1	mood/theme---love	0.996	0.334	0.234
track_1274100	artist_375104	album_152100	1274100.mp3	65.9	"mood/theme---calm	mood/theme---soft"	0.635	-0.771	-0.4545
track_1274104	artist_375104	album_152100	1274104.mp3	160.5	"mood/theme---inspiring	mood/theme---relaxing"	0.625	-0.295	0.08
track_1274502	artist_438431	album_152138	1274502.mp3	284.9	mood/theme---ambiental	0.708	-0.686	-0.05
track_1275302	artist_337741	album_152229	1275302.mp3	442.7	"mood/theme---ambiental	mood/theme---soundscape"	0.708	-0.686	-0.05
track_1275607	artist_472293	album_152243	1275607.mp3	127.0	mood/theme---dark	-0.604	-0.204	-0.148
track_1275609	artist_472293	album_152243	1275609.mp3	158.5	"mood/theme---dark	mood/theme---sad"	-0.577	-0.269	-0.425
track_1275610	artist_472293	album_152243	1275610.mp3	194.7	"mood/theme---melancholic	mood/theme---sad"	-0.594	-0.361	-0.574
track_1275611	artist_472293	album_152243	1275611.mp3	234.8	mood/theme---sad	-0.55	-0.334	-0.702
track_1275612	artist_472293	album_152243	1275612.mp3	216.0	mood/theme---sad	-0.55	-0.334	-0.702
track_1276505	artist_353294	album_152348	1276505.mp3	254.5	mood/theme---adventure	0.834	0.714	0.42
track_1276506	artist_353294	album_152348	1276506.mp3	79.9	"mood/theme---adventure	mood/theme---energetic"	0.764	0.725	0.612
track_1276507	artist_353294	album_152348	1276507.mp3	87.3	"mood/theme---adventure	mood/theme---energetic"	0.764	0.725	0.612
track_1276512	artist_353294	album_152348	1276512.mp3	85.0	"mood/theme---christmas	mood/theme---sad"	0.184	-0.147	-0.11
track_1277107	artist_481486	album_152400	1277107.mp3	369.1	"mood/theme---calm	mood/theme---relaxing"	0.729	-0.793	-0.2115
track_1277109	artist_481486	album_152400	1277109.mp3	295.4	mood/theme---relaxing	0.708	-0.686	-0.05
track_1277700	artist_481486	album_152475	1277700.mp3	91.4	mood/theme---funny	0.836	0.22	0.132
track_1277701	artist_481486	album_152475	1277701.mp3	76.1	mood/theme---dark	-0.604	-0.204	-0.148
track_1277702	artist_481486	album_152475	1277702.mp3	72.5	"mood/theme---dream	mood/theme---funny"	0.762	-0.233	-0.106
track_1277707	artist_481486	album_152475	1277707.mp3	94.0	mood/theme---game	0.47	0.576	-0.014
track_1277708	artist_481486	album_152475	1277708.mp3	68.7	mood/theme---game	0.47	0.576	-0.014
track_1277709	artist_481486	album_152475	1277709.mp3	146.7	"mood/theme---dark	mood/theme---game"	-0.067	0.186	-0.081
track_1277800	artist_481486	album_152483	1277800.mp3	207.6	mood/theme---energetic	0.694	0.736	0.804
track_1277802	artist_481486	album_152483	1277802.mp3	46.9	mood/theme---energetic	0.694	0.736	0.804
track_1277807	artist_481486	album_152483	1277807.mp3	30.3	"mood/theme---energetic	mood/theme---fun"	0.765	0.711	0.569
track_1277910	artist_355362	album_152492	1277910.mp3	440.1	"mood/theme---action	mood/theme---adventure	mood/theme---epic"	0.689333	0.645333	0.561333
track_1277911	artist_355362	album_152492	1277911.mp3	211.9	"mood/theme---action	mood/theme---epic	mood/theme---film"	0.626667	0.401333	0.465333
track_1277912	artist_355362	album_152492	1277912.mp3	64.3	"mood/theme---action	mood/theme---adventure	mood/theme---epic	mood/theme---film	mood/theme---happy"	0.7398	0.4776	0.4412
track_1278310	artist_455057	album_152535	1278310.mp3	71.4	"mood/theme---commercial	mood/theme---hopeful	mood/theme---positive"	0.808	-0.095333	0.34
track_1278311	artist_455057	album_152535	1278311.mp3	71.4	"mood/theme---documentary	mood/theme---love	mood/theme---melodic	mood/theme---romantic"	0.76125	0.015	0.1925
track_1279409	artist_352380	album_152627	1279409.mp3	528.1	mood/theme---film	0.646	-0.018	0.132
track_1279600	artist_435483	album_152646	1279600.mp3	70.0	"mood/theme---advertising	mood/theme---background	mood/theme---corporate	mood/theme---motivational"	0.2595	0.0325	0.3665
track_1279601	artist_435483	album_152699	1279601.mp3	70.0	"mood/theme---background	mood/theme---commercial	mood/theme---corporate	mood/theme---motivational	mood/theme---uplifting"	0.3896	-0.002	0.2936
track_1279602	artist_435483	album_152646	1279602.mp3	98.4	"mood/theme---advertising	mood/theme---background	mood/theme---commercial	mood/theme---corporate	mood/theme---motivational"	0.33	0.022	0.3044
track_1279603	artist_435483	album_152699	1279603.mp3	118.4	"mood/theme---advertising	mood/theme---corporate	mood/theme---happy"	0.471	0.198	0.381333
track_1279604	artist_435483	album_152699	1279604.mp3	73.3	"mood/theme---advertising	mood/theme---background	mood/theme---commercial	mood/theme---corporate	mood/theme---happy	mood/theme---motivational"	0.439167	0.096667	0.318667
track_1279607	artist_435483	album_152699	1279607.mp3	73.3	"mood/theme---advertising	mood/theme---background	mood/theme---commercial	mood/theme---corporate	mood/theme---happy	mood/theme---positive"	0.456833	0.051333	0.317667
track_1279610	artist_435483	album_152699	1279610.mp3	70.0	"mood/theme---commercial	mood/theme---happy	mood/theme---positive"	0.838333	0.156667	0.385333
track_1280403	artist_435992	album_152978	1280403.mp3	288.0	mood/theme---party	0.896	0.68	0.094
track_1281100	artist_437980	album_152805	1281100.mp3	53.9	"mood/theme---dramatic	mood/theme---epic"	0.224	0.493	0.273
track_1281101	artist_437980	album_152805	1281101.mp3	154.3	"mood/theme---dramatic	mood/theme---epic"	0.224	0.493	0.273
track_1281102	artist_437980	album_152805	1281102.mp3	179.7	"mood/theme---dramatic	mood/theme---epic"	0.224	0.493	0.273
track_1282300	artist_483163	album_152936	1282300.mp3	156.6	"mood/theme---children	mood/theme---happy	mood/theme---positive	mood/theme---upbeat"	0.84325	0.157	0.3935
track_1283010	artist_423996	album_153018	1283010.mp3	407.1	mood/theme---dark	-0.604	-0.204	-0.148
track_1283012	artist_423996	album_153018	1283012.mp3	726.0	mood/theme---dark	-0.604	-0.204	-0.148
track_1284300	artist_483736	album_153194	1284300.mp3	143.4	"mood/theme---epic	mood/theme---trailer"	0.398	0.203	0.303
track_1284309	artist_004658	album_153197	1284309.mp3	196.4	mood/theme---summer	0.624	-0.254	0.1
track_1285509	artist_352865	album_153306	1285509.mp3	471.5	mood/theme---uplifting	0.542	0.096	0.21
track_1285605	artist_437980	album_153314	1285605.mp3	60.3	"mood/theme---happy	mood/theme---uplifting"	0.7635	0.283	0.3
track_1285606	artist_437980	album_153314	1285606.mp3	30.2	"mood/theme---happy	mood/theme---uplifting"	0.7635	0.283	0.3
track_1285607	artist_437980	album_153314	1285607.mp3	60.3	"mood/theme---happy	mood/theme---uplifting"	0.7635	0.283	0.3
track_1285608	artist_437980	album_153314	1285608.mp3	171.0	"mood/theme---happy	mood/theme---positive"	0.9515	0.245	0.55
track_1285609	artist_437980	album_153314	1285609.mp3	171.0	"mood/theme---happy	mood/theme---positive	mood/theme---uplifting"	0.815	0.195333	0.436667
track_1286508	artist_435992	album_153448	1286508.mp3	233.5	mood/theme---romantic	0.872	0.062	0.196
track_1286509	artist_435992	album_153448	1286509.mp3	241.6	mood/theme---romantic	0.872	0.062	0.196
track_1286510	artist_435992	album_153448	1286510.mp3	207.3	mood/theme---romantic	0.872	0.062	0.196
track_1286511	artist_435992	album_153448	1286511.mp3	219.4	mood/theme---romantic	0.872	0.062	0.196
track_1286512	artist_435992	album_153448	1286512.mp3	289.5	"mood/theme---calm	mood/theme---romantic"	0.811	-0.419	-0.0885
track_1287604	artist_473461	album_153496	1287604.mp3	186.7	mood/theme---dream	0.688	-0.686	-0.344
track_1288103	artist_484411	album_153545	1288103.mp3	178.6	mood/theme---happy	0.985	0.47	0.39
track_1288104	artist_484411	album_153545	1288104.mp3	264.3	mood/theme---sad	-0.55	-0.334	-0.702
track_1288105	artist_484411	album_153545	1288105.mp3	227.1	mood/theme---groovy	0.23	0.076	-0.072
track_1288400	artist_483163	album_153579	1288400.mp3	127.8	"mood/theme---dark	mood/theme---energetic	mood/theme---powerful	mood/theme---trailer"	0.1845	0.293	0.39825
track_1288403	artist_483163	album_153579	1288403.mp3	184.0	"mood/theme---background	mood/theme---inspiring	mood/theme---powerful"	0.302	0.156667	0.399
track_1288500	artist_484438	album_153588	1288500.mp3	171.3	mood/theme---uplifting	0.542	0.096	0.21
track_1289104	artist_452606	album_153576	1289104.mp3	199.7	"mood/theme---dark	mood/theme---deep"	-0.312	-0.129	0.083
track_1290009	artist_471813	album_153703	1290009.mp3	250.3	"mood/theme---dark	mood/theme---slow"	-0.445	-0.5655	-0.428
track_1290010	artist_471813	album_153703	1290010.mp3	228.0	"mood/theme---dark	mood/theme---slow"	-0.445	-0.5655	-0.428
track_1290011	artist_471813	album_153703	1290011.mp3	289.8	"mood/theme---dark	mood/theme---slow"	-0.445	-0.5655	-0.428
track_1290012	artist_471813	album_153703	1290012.mp3	276.0	"mood/theme---dark	mood/theme---slow"	-0.445	-0.5655	-0.428
track_1290907	artist_338108	album_153765	1290907.mp3	92.4	mood/theme---christmas	0.918	0.04	0.482
track_1293701	artist_437980	album_154050	1293701.mp3	137.5	"mood/theme---advertising	mood/theme---inspiring	mood/theme---relaxing	mood/theme---uplifting"	0.509	-0.0695	0.1585
track_1293705	artist_437980	album_154050	1293705.mp3	30.1	"mood/theme---corporate	mood/theme---energetic	mood/theme---happy	mood/theme---uplifting"	0.60125	0.3025	0.4735
track_1293707	artist_437980	album_154050	1293707.mp3	186.9	"mood/theme---energetic	mood/theme---happy	mood/theme---hopeful"	0.857667	0.306667	0.482667
track_1293910	artist_437980	album_154050	1293910.mp3	122.6	"mood/theme---fast	mood/theme---happy	mood/theme---motivational"	0.682333	0.373333	0.465333
track_1294004	artist_434614	album_154085	1294004.mp3	142.8	mood/theme---love	0.996	0.334	0.234
track_1294205	artist_437980	album_154050	1294205.mp3	60.0	"mood/theme---advertising	mood/theme---commercial	mood/theme---cool	mood/theme---energetic	mood/theme---fun	mood/theme---positive	mood/theme---upbeat"	0.69	0.254286	0.476286
track_1294206	artist_437980	album_154050	1294206.mp3	151.4	"mood/theme---motivational	mood/theme---positive	mood/theme---uplifting"	0.757333	0.136	0.545333
track_1294207	artist_437980	album_154050	1294207.mp3	125.3	"mood/theme---background	mood/theme---corporate	mood/theme---fun"	0.272667	0.102667	0.273333
track_1294208	artist_437980	album_154050	1294208.mp3	142.9	"mood/theme---commercial	mood/theme---corporate"	0.398	-0.056	0.273
track_1294211	artist_437980	album_154104	1294211.mp3	124.1	mood/theme---energetic	0.694	0.736	0.804
track_1294600	artist_437980	album_154104	1294600.mp3	132.0	mood/theme---energetic	0.694	0.736	0.804
track_1294702	artist_479407	album_154150	1294702.mp3	107.8	"mood/theme---motivational	mood/theme---sport"	0.771	0.346	0.515
track_1294803	artist_477775	album_154154	1294803.mp3	245.4	mood/theme---melodic	0.933	0.238	0.148
track_1295407	artist_437980	album_154104	1295407.mp3	135.9	"mood/theme---dark	mood/theme---energetic	mood/theme---film"	0.245333	0.171333	0.262667
track_1295409	artist_437980	album_154104	1295409.mp3	144.6	mood/theme---dramatic	-0.266	0.56	-0.114
track_1295411	artist_437980	album_154104	1295411.mp3	143.6	"mood/theme---energetic	mood/theme---film	mood/theme---hopeful"	0.744667	0.144	0.396667
track_1295710	artist_375104	album_154255	1295710.mp3	98.8	"mood/theme---children	mood/theme---fun	mood/theme---happy"	0.845	0.410667	0.198
track_1295712	artist_375104	album_154255	1295712.mp3	33.0	"mood/theme---children	mood/theme---christmas	mood/theme---funny	mood/theme---holiday"	0.841	0.0495	0.1675
track_1295900	artist_477775	album_154153	1295900.mp3	354.1	"mood/theme---melodic	mood/theme---powerful"	0.7495	0.449	0.5695
track_1295901	artist_477775	album_154153	1295901.mp3	159.5	mood/theme---melodic	0.933	0.238	0.148
track_1296703	artist_002656	album_154362	1296703.mp3	240.0	"mood/theme---adventure	mood/theme---sport	mood/theme---travel"	0.808667	0.497333	0.268
track_1297412	artist_482333	album_154435	1297412.mp3	69.6	mood/theme---groovy	0.23	0.076	-0.072
track_1297801	artist_435614	album_154488	1297801.mp3	705.9	mood/theme---emotional	0.558	0.428	0.052
track_1297805	artist_466600	album_154491	1297805.mp3	38.1	"mood/theme---background	mood/theme---corporate	mood/theme---happy	mood/theme---motivational"	0.44475	0.096	0.398
track_1297806	artist_466600	album_154491	1297806.mp3	70.1	"mood/theme---background	mood/theme---corporate	mood/theme---happy	mood/theme---motivational"	0.44475	0.096	0.398
track_1298301	artist_484191	album_154533	1298301.mp3	186.8	"mood/theme---love	mood/theme---romantic"	0.934	0.198	0.215
track_1298302	artist_484191	album_154533	1298302.mp3	238.7	"mood/theme---love	mood/theme---romantic"	0.934	0.198	0.215
track_1298304	artist_484191	album_154533	1298304.mp3	227.2	"mood/theme---ballad	mood/theme---epic	mood/theme---love"	0.764667	0.109333	0.247333
track_1298305	artist_484191	album_154533	1298305.mp3	193.1	mood/theme---love	0.996	0.334	0.234
track_1298306	artist_437980	album_154534	1298306.mp3	181.1	"mood/theme---corporate	mood/theme---motivational	mood/theme---uplifting"	0.512667	0.098667	0.472
track_1298307	artist_437980	album_154534	1298307.mp3	182.3	"mood/theme---energetic	mood/theme---happy	mood/theme---inspiring	mood/theme---motivational	mood/theme---uplifting"	0.715	0.338	0.466
track_1298308	artist_437980	album_154534	1298308.mp3	173.5	"mood/theme---advertising	mood/theme---happy	mood/theme---positive"	0.715667	0.235333	0.454667
track_1298309	artist_437980	album_154534	1298309.mp3	135.6	"mood/theme---corporate	mood/theme---energetic	mood/theme---happy	mood/theme---motivational	mood/theme---upbeat"	0.6862	0.2936	0.6008
track_1298608	artist_483387	album_154565	1298608.mp3	92.0	"mood/theme---christmas	mood/theme---corporate	mood/theme---holiday	mood/theme---inspiring	mood/theme---motivational	mood/theme---powerful"	0.653	0.143	0.5125
track_1298609	artist_483387	album_154565	1298609.mp3	90.0	"mood/theme---christmas	mood/theme---corporate	mood/theme---inspiring	mood/theme---motivational	mood/theme---powerful"	0.6044	0.1992	0.5778
track_1298610	artist_483387	album_154565	1298610.mp3	124.0	"mood/theme---christmas	mood/theme---corporate	mood/theme---holiday	mood/theme---inspiring	mood/theme---motivational"	0.6704	0.0396	0.4168
track_1298611	artist_483387	album_154565	1298611.mp3	84.0	"mood/theme---christmas	mood/theme---corporate	mood/theme---holiday	mood/theme---inspiring	mood/theme---motivational"	0.6704	0.0396	0.4168
track_1298612	artist_483387	album_154565	1298612.mp3	84.0	"mood/theme---christmas	mood/theme---holiday	mood/theme---inspiring	mood/theme---motivational"	0.792	0.0725	0.3985
track_1298710	artist_438966	album_154582	1298710.mp3	264.2	mood/theme---horror	-0.77	0.7	-0.124
track_1298809	artist_004116	album_154732	1298809.mp3	39.6	mood/theme---calm	0.75	-0.9	-0.373
track_1299802	artist_437998	album_154704	1299802.mp3	150.0	"mood/theme---dream	mood/theme---film	mood/theme---love	mood/theme---sad"	0.445	-0.176	-0.17
track_1299803	artist_437998	album_154704	1299803.mp3	150.0	"mood/theme---sad	mood/theme---slow"	-0.418	-0.6305	-0.705
track_1299804	artist_437998	album_154704	1299804.mp3	150.0	"mood/theme---love	mood/theme---slow"	0.355	-0.2965	-0.237
track_1299805	artist_437998	album_154704	1299805.mp3	150.0	"mood/theme---adventure	mood/theme---dream	mood/theme---film"	0.722667	0.003333	0.069333
track_1299806	artist_437998	album_154704	1299806.mp3	150.0	"mood/theme---dream	mood/theme---love	mood/theme---slow"	0.466	-0.426333	-0.272667
track_1299807	artist_437998	album_154704	1299807.mp3	150.0	"mood/theme---dream	mood/theme---love	mood/theme---sad	mood/theme---slow"	0.212	-0.40325	-0.38
track_1299808	artist_437998	album_154704	1299808.mp3	150.0	mood/theme---relaxing	0.708	-0.686	-0.05
track_1299809	artist_437998	album_154704	1299809.mp3	150.0	"mood/theme---dream	mood/theme---relaxing"	0.698	-0.686	-0.197
track_1299810	artist_437998	album_154704	1299810.mp3	150.0	"mood/theme---dream	mood/theme---relaxing	mood/theme---soft"	0.638667	-0.671333	-0.31
track_1299811	artist_437998	album_154704	1299811.mp3	150.0	"mood/theme---love	mood/theme---sad	mood/theme---soft"	0.322	-0.214	-0.334667
track_1299812	artist_437998	album_154704	1299812.mp3	150.0	"mood/theme---dream	mood/theme---relaxing	mood/theme---soft"	0.638667	-0.671333	-0.31
track_1299902	artist_477775	album_154592	1299902.mp3	230.3	mood/theme---melodic	0.933	0.238	0.148
track_1299907	artist_477775	album_154707	1299907.mp3	76.8	mood/theme---funny	0.836	0.22	0.132
track_1299911	artist_477775	album_154707	1299911.mp3	103.2	mood/theme---melodic	0.933	0.238	0.148
track_1300000	artist_337741	album_154723	1300000.mp3	400.0	mood/theme---energetic	0.694	0.736	0.804
track_1300307	artist_437980	album_154757	1300307.mp3	127.4	"mood/theme---energetic	mood/theme---upbeat	mood/theme---uplifting"	0.664	0.298	0.539333
track_1300308	artist_437980	album_154757	1300308.mp3	38.3	"mood/theme---motivational	mood/theme---upbeat"	0.784	0.177	0.66
track_1300412	artist_455423	album_154768	1300412.mp3	257.7	mood/theme---dream	0.688	-0.686	-0.344
track_1300500	artist_423996	album_154793	1300500.mp3	472.5	mood/theme---sad	-0.55	-0.334	-0.702
track_1302904	artist_433608	album_155000	1302904.mp3	126.4	mood/theme---dark	-0.604	-0.204	-0.148
track_1302906	artist_433608	album_155000	1302906.mp3	136.0	mood/theme---sad	-0.55	-0.334	-0.702
track_1302907	artist_433608	album_155000	1302907.mp3	133.0	mood/theme---dark	-0.604	-0.204	-0.148
track_1303000	artist_353294	album_155010	1303000.mp3	124.1	"mood/theme---adventure	mood/theme---energetic	mood/theme---sport"	0.752667	0.616667	0.512667
track_1303012	artist_471813	album_155016	1303012.mp3	337.8	"mood/theme---dark	mood/theme---slow"	-0.445	-0.5655	-0.428
track_1304001	artist_481486	album_155106	1304001.mp3	83.9	mood/theme---sexy	0.73	0.89	0.604
track_1304003	artist_481486	album_155106	1304003.mp3	114.1	"mood/theme---love	mood/theme---sexy"	0.863	0.612	0.419
track_1304004	artist_481486	album_155106	1304004.mp3	57.7	mood/theme---sexy	0.73	0.89	0.604
track_1304006	artist_481486	album_155106	1304006.mp3	61.8	"mood/theme---love	mood/theme---sexy"	0.863	0.612	0.419
track_1304008	artist_481486	album_155106	1304008.mp3	65.3	"mood/theme---love	mood/theme---sexy"	0.863	0.612	0.419
track_1304010	artist_481486	album_155106	1304010.mp3	114.3	mood/theme---sexy	0.73	0.89	0.604
track_1304400	artist_005373	album_155138	1304400.mp3	491.1	mood/theme---melodic	0.933	0.238	0.148
track_1304512	artist_005373	album_155138	1304512.mp3	241.9	mood/theme---party	0.896	0.68	0.094
track_1305603	artist_354817	album_155255	1305603.mp3	442.2	mood/theme---sad	-0.55	-0.334	-0.702
track_1306202	artist_477635	album_155308	1306202.mp3	192.9	mood/theme---emotional	0.558	0.428	0.052
track_1306203	artist_477635	album_155308	1306203.mp3	204.0	"mood/theme---emotional	mood/theme---hopeful"	0.726	0.071	0.153
track_1306703	artist_461418	album_155351	1306703.mp3	114.5	"mood/theme---happy	mood/theme---inspiring"	0.7635	0.283	0.3
track_1306704	artist_461418	album_155351	1306704.mp3	114.9	"mood/theme---happy	mood/theme---inspiring"	0.7635	0.283	0.3
track_1306705	artist_461418	album_155351	1306705.mp3	62.1	mood/theme---children	0.714	0.076	-0.13
track_1306706	artist_461418	album_155351	1306706.mp3	84.1	"mood/theme---documentary	mood/theme---happy	mood/theme---inspiring"	0.590333	-0.002667	0.264
track_1306710	artist_461418	album_155351	1306710.mp3	134.9	"mood/theme---documentary	mood/theme---epic	mood/theme---uplifting"	0.5	-0.017333	0.354
track_1306909	artist_484685	album_155361	1306909.mp3	31.2	mood/theme---background	-0.202	-0.286	-0.004
track_1308209	artist_480962	album_155468	1308209.mp3	104.4	"mood/theme---documentary	mood/theme---film"	0.445	-0.296	0.162
track_1310106	artist_461418	album_155633	1310106.mp3	111.5	"mood/theme---film	mood/theme---positive	mood/theme---sad"	0.338	-0.110667	0.046667
track_1310107	artist_461418	album_155633	1310107.mp3	124.1	"mood/theme---dark	mood/theme---trailer"	-0.261	-0.112	-0.101
track_1310108	artist_461418	album_155633	1310108.mp3	137.1	mood/theme---horror	-0.77	0.7	-0.124
track_1310109	artist_461418	album_155633	1310109.mp3	264.6	mood/theme---space	0.6	-0.366	0.146
track_1310110	artist_461418	album_155633	1310110.mp3	330.1	mood/theme---space	0.6	-0.366	0.146
track_1310111	artist_461418	album_155633	1310111.mp3	187.3	mood/theme---soft	0.52	-0.642	-0.536
track_1310207	artist_486695	album_155638	1310207.mp3	224.0	mood/theme---relaxing	0.708	-0.686	-0.05
track_1310208	artist_486695	album_155638	1310208.mp3	244.0	mood/theme---dream	0.688	-0.686	-0.344
track_1310209	artist_486695	album_155638	1310209.mp3	248.0	mood/theme---dark	-0.604	-0.204	-0.148
track_1310210	artist_486695	album_155638	1310210.mp3	80.0	mood/theme---soundscape	0.708	-0.686	-0.05
track_1310500	artist_341642	album_155691	1310500.mp3	172.4	mood/theme---space	0.6	-0.366	0.146
track_1310504	artist_341642	album_155691	1310504.mp3	426.7	mood/theme---space	0.6	-0.366	0.146
track_1310506	artist_341642	album_155691	1310506.mp3	464.0	mood/theme---space	0.6	-0.366	0.146
track_1310510	artist_341642	album_155691	1310510.mp3	288.0	mood/theme---space	0.6	-0.366	0.146
track_1311203	artist_459422	album_155736	1311203.mp3	216.9	"mood/theme---advertising	mood/theme---documentary	mood/theme---love"	0.494667	-0.008	0.23
track_1312101	artist_486831	album_155815	1312101.mp3	188.6	mood/theme---love	0.996	0.334	0.234
track_1312103	artist_486831	album_155815	1312103.mp3	347.6	mood/theme---love	0.996	0.334	0.234
track_1312105	artist_486831	album_155815	1312105.mp3	319.3	"mood/theme---love	mood/theme---travel"	0.929	0.356	0.152
track_1312106	artist_486831	album_155815	1312106.mp3	197.3	mood/theme---travel	0.862	0.378	0.07
track_1312108	artist_486831	album_155815	1312108.mp3	153.5	"mood/theme---dream	mood/theme---space"	0.644	-0.526	-0.099
track_1312109	artist_486831	album_155815	1312109.mp3	111.5	mood/theme---love	0.996	0.334	0.234
track_1312110	artist_486831	album_155815	1312110.mp3	376.6	mood/theme---space	0.6	-0.366	0.146
track_1312508	artist_437980	album_154376	1312508.mp3	150.5	"mood/theme---happy	mood/theme---upbeat	mood/theme---uplifting"	0.761	0.209333	0.401333
track_1312509	artist_437980	album_154376	1312509.mp3	150.5	mood/theme---happy	0.985	0.47	0.39
track_1312510	artist_437980	album_154376	1312510.mp3	173.9	"mood/theme---happy	mood/theme---summer	mood/theme---upbeat	mood/theme---uplifting"	0.72675	0.0935	0.326
track_1312511	artist_437980	album_154376	1312511.mp3	173.9	"mood/theme---happy	mood/theme---uplifting"	0.7635	0.283	0.3
track_1312512	artist_437980	album_154376	1312512.mp3	141.0	"mood/theme---happy	mood/theme---upbeat	mood/theme---uplifting"	0.761	0.209333	0.401333
track_1313000	artist_423996	album_156545	1313000.mp3	661.9	mood/theme---sad	-0.55	-0.334	-0.702
track_1313105	artist_460992	album_155905	1313105.mp3	193.0	"mood/theme---dark	mood/theme---powerful"	-0.019	0.228	0.4215
track_1313106	artist_460992	album_155905	1313106.mp3	125.1	"mood/theme---energetic	mood/theme---trailer"	0.388	0.358	0.375
track_1313107	artist_460992	album_155905	1313107.mp3	224.5	mood/theme---dark	-0.604	-0.204	-0.148
track_1313108	artist_460992	album_155905	1313108.mp3	218.0	"mood/theme---dark	mood/theme---space"	-0.002	-0.285	-0.001
track_1313109	artist_460992	album_155905	1313109.mp3	226.0	"mood/theme---action	mood/theme---adventure	mood/theme---energetic	mood/theme---fast"	0.5745	0.651	0.5295
track_1313212	artist_455057	album_155921	1313212.mp3	113.8	"mood/theme---action	mood/theme---adventure	mood/theme---energetic"	0.682667	0.748667	0.609333
track_1314100	artist_466600	album_156006	1314100.mp3	63.1	"mood/theme---emotional	mood/theme---happy	mood/theme---inspiring	mood/theme---positive	mood/theme---romantic"	0.775	0.2152	0.3116
track_1314101	artist_466600	album_156006	1314101.mp3	34.1	"mood/theme---emotional	mood/theme---happy	mood/theme---inspiring	mood/theme---positive	mood/theme---romantic"	0.775	0.2152	0.3116
track_1314210	artist_354904	album_156017	1314210.mp3	286.0	mood/theme---hopeful	0.894	-0.286	0.254
track_1314300	artist_487143	album_156029	1314300.mp3	401.9	"mood/theme---melodic	mood/theme---space"	0.7665	-0.064	0.147
track_1314301	artist_487143	album_156029	1314301.mp3	254.3	mood/theme---space	0.6	-0.366	0.146
track_1314303	artist_487143	album_156029	1314303.mp3	332.1	"mood/theme---melodic	mood/theme---space"	0.7665	-0.064	0.147
track_1314304	artist_487143	album_156029	1314304.mp3	293.4	mood/theme---space	0.6	-0.366	0.146
track_1314305	artist_487143	album_156029	1314305.mp3	322.1	mood/theme---space	0.6	-0.366	0.146
track_1314412	artist_434980	album_156032	1314412.mp3	243.6	"mood/theme---energetic	mood/theme---love"	0.845	0.535	0.519
track_1315102	artist_487143	album_156106	1315102.mp3	280.0	"mood/theme---melodic	mood/theme---space"	0.7665	-0.064	0.147
track_1315103	artist_487143	album_156106	1315103.mp3	342.0	"mood/theme---melodic	mood/theme---space"	0.7665	-0.064	0.147
track_1315104	artist_487143	album_156106	1315104.mp3	328.0	mood/theme---space	0.6	-0.366	0.146
track_1315105	artist_487143	album_156106	1315105.mp3	290.0	"mood/theme---melodic	mood/theme---space"	0.7665	-0.064	0.147
track_1315106	artist_487143	album_156106	1315106.mp3	340.7	mood/theme---space	0.6	-0.366	0.146
track_1315107	artist_487143	album_156106	1315107.mp3	240.0	"mood/theme---melodic	mood/theme---space"	0.7665	-0.064	0.147
track_1315508	artist_486995	album_156119	1315508.mp3	200.8	mood/theme---groovy	0.23	0.076	-0.072
track_1315509	artist_486995	album_156119	1315509.mp3	309.6	mood/theme---groovy	0.23	0.076	-0.072
track_1315510	artist_486995	album_156119	1315510.mp3	381.5	mood/theme---groovy	0.23	0.076	-0.072
track_1315511	artist_486995	album_156119	1315511.mp3	329.6	mood/theme---groovy	0.23	0.076	-0.072
track_1315512	artist_486995	album_156119	1315512.mp3	415.0	mood/theme---groovy	0.23	0.076	-0.072
track_1315907	artist_487310	album_156162	1315907.mp3	98.2	"mood/theme---dream	mood/theme---love"	0.842	-0.176	-0.055
track_1315908	artist_487310	album_156162	1315908.mp3	190.9	mood/theme---epic	0.714	0.426	0.66
track_1315909	artist_487310	album_156162	1315909.mp3	343.6	"mood/theme---documentary	mood/theme---happy"	0.6145	-0.052	0.291
track_1315910	artist_487310	album_156162	1315910.mp3	99.9	mood/theme---epic	0.714	0.426	0.66
track_1315911	artist_487310	album_156162	1315911.mp3	316.0	mood/theme---dream	0.688	-0.686	-0.344
track_1315912	artist_487310	album_156162	1315912.mp3	193.4	"mood/theme---ambiental	mood/theme---love	mood/theme---sad"	0.384667	-0.228667	-0.172667
track_1317900	artist_001166	album_156335	1317900.mp3	222.9	mood/theme---fun	0.836	0.686	0.334
track_1317901	artist_001166	album_156335	1317901.mp3	165.4	mood/theme---fun	0.836	0.686	0.334
track_1317902	artist_001166	album_156335	1317902.mp3	123.9	mood/theme---fun	0.836	0.686	0.334
track_1317904	artist_001166	album_156335	1317904.mp3	178.8	"mood/theme---fun	mood/theme---sport"	0.783	0.543	0.324
track_1317905	artist_001166	album_156335	1317905.mp3	277.0	mood/theme---fun	0.836	0.686	0.334
track_1317906	artist_001166	album_156335	1317906.mp3	271.5	mood/theme---fun	0.836	0.686	0.334
track_1318106	artist_373214	album_156353	1318106.mp3	178.6	mood/theme---children	0.714	0.076	-0.13
track_1318107	artist_373214	album_156353	1318107.mp3	210.4	mood/theme---soft	0.52	-0.642	-0.536
track_1318704	artist_451073	album_156395	1318704.mp3	224.0	"mood/theme---advertising	mood/theme---corporate	mood/theme---motivational"	0.413333	0.138667	0.49
track_1318706	artist_466600	album_156396	1318706.mp3	60.1	"mood/theme---action	mood/theme---dramatic	mood/theme---epic"	0.322667	0.594	0.383333
track_1318707	artist_466600	album_156396	1318707.mp3	31.1	"mood/theme---action	mood/theme---energetic	mood/theme---epic	mood/theme---trailer"	0.5025	0.4845	0.5035
track_1319500	artist_487532	album_156458	1319500.mp3	141.2	mood/theme---groovy	0.23	0.076	-0.072
track_1319503	artist_487532	album_156458	1319503.mp3	192.2	mood/theme---ballad	0.584	-0.432	-0.152
track_1319504	artist_487532	album_156458	1319504.mp3	186.5	"mood/theme---sexy	mood/theme---slow"	0.222	-0.0185	-0.052
track_1319505	artist_487532	album_156458	1319505.mp3	278.0	mood/theme---sexy	0.73	0.89	0.604
track_1319506	artist_487532	album_156458	1319506.mp3	190.3	mood/theme---ballad	0.584	-0.432	-0.152
track_1319907	artist_477775	album_156562	1319907.mp3	293.0	mood/theme---space	0.6	-0.366	0.146
track_1320000	artist_359034	album_156519	1320000.mp3	138.8	"mood/theme---dark	mood/theme---upbeat"	0.076	-0.071	0.228
track_1320001	artist_359034	album_156519	1320001.mp3	140.8	"mood/theme---dark	mood/theme---upbeat"	0.076	-0.071	0.228
track_1320002	artist_359034	album_156519	1320002.mp3	147.0	"mood/theme---dark	mood/theme---upbeat"	0.076	-0.071	0.228
track_1320003	artist_359034	album_156519	1320003.mp3	71.7	"mood/theme---dark	mood/theme---upbeat"	0.076	-0.071	0.228
track_1320004	artist_359034	album_156519	1320004.mp3	158.2	"mood/theme---dark	mood/theme---upbeat"	0.076	-0.071	0.228
track_1320005	artist_359034	album_156519	1320005.mp3	121.5	"mood/theme---dark	mood/theme---upbeat"	0.076	-0.071	0.228
track_1320006	artist_359034	album_156519	1320006.mp3	118.7	"mood/theme---dark	mood/theme---upbeat"	0.076	-0.071	0.228
track_1320007	artist_359034	album_156519	1320007.mp3	162.0	"mood/theme---dark	mood/theme---upbeat"	0.076	-0.071	0.228
track_1320008	artist_359034	album_156519	1320008.mp3	141.9	"mood/theme---dark	mood/theme---upbeat"	0.076	-0.071	0.228
track_1320009	artist_359034	album_156519	1320009.mp3	185.8	"mood/theme---dark	mood/theme---upbeat"	0.076	-0.071	0.228
track_1320010	artist_359034	album_156519	1320010.mp3	182.2	"mood/theme---dark	mood/theme---upbeat"	0.076	-0.071	0.228
track_1320011	artist_359034	album_156519	1320011.mp3	165.4	"mood/theme---dark	mood/theme---upbeat"	0.076	-0.071	0.228
track_1320012	artist_359034	album_156519	1320012.mp3	114.5	"mood/theme---dark	mood/theme---upbeat"	0.076	-0.071	0.228
track_1321603	artist_484482	album_156691	1321603.mp3	128.7	mood/theme---fun	0.836	0.686	0.334
track_1321707	artist_487628	album_156668	1321707.mp3	392.7	"mood/theme---happy	mood/theme---summer"	0.8045	0.108	0.245
track_1321708	artist_487628	album_156668	1321708.mp3	190.5	"mood/theme---happy	mood/theme---summer"	0.8045	0.108	0.245
track_1321709	artist_487628	album_156668	1321709.mp3	472.6	"mood/theme---happy	mood/theme---summer"	0.8045	0.108	0.245
track_1321710	artist_487628	album_156668	1321710.mp3	291.9	"mood/theme---happy	mood/theme---summer"	0.8045	0.108	0.245
track_1321711	artist_487628	album_156668	1321711.mp3	442.5	"mood/theme---happy	mood/theme---summer"	0.8045	0.108	0.245
track_1321712	artist_487628	album_156668	1321712.mp3	383.6	"mood/theme---happy	mood/theme---summer"	0.8045	0.108	0.245
track_1323010	artist_473461	album_156799	1323010.mp3	184.1	"mood/theme---emotional	mood/theme---love"	0.777	0.381	0.143
track_1323012	artist_363592	album_156800	1323012.mp3	263.0	"mood/theme---adventure	mood/theme---ballad	mood/theme---dream	mood/theme---hopeful	mood/theme---inspiring"	0.7084	-0.1188	0.0776
track_1323310	artist_440794	album_156864	1323310.mp3	195.6	mood/theme---melodic	0.933	0.238	0.148
track_1323311	artist_440794	album_156864	1323311.mp3	244.5	"mood/theme---mellow	mood/theme---melodic"	0.5995	-0.3395	-0.09
track_1323600	artist_440794	album_156864	1323600.mp3	183.0	mood/theme---melodic	0.933	0.238	0.148
track_1323603	artist_440794	album_156864	1323603.mp3	193.0	mood/theme---melodic	0.933	0.238	0.148
track_1323804	artist_473030	album_156870	1323804.mp3	285.1	mood/theme---dream	0.688	-0.686	-0.344
track_1324900	artist_366162	album_156908	1324900.mp3	166.0	"mood/theme---romantic	mood/theme---sad"	0.161	-0.136	-0.253
track_1324901	artist_366162	album_156908	1324901.mp3	198.5	"mood/theme---romantic	mood/theme---sad"	0.161	-0.136	-0.253
track_1324902	artist_366162	album_156908	1324902.mp3	158.7	mood/theme---romantic	0.872	0.062	0.196
track_1324903	artist_366162	album_156908	1324903.mp3	191.6	mood/theme---romantic	0.872	0.062	0.196
track_1324904	artist_366162	album_156908	1324904.mp3	189.2	mood/theme---sad	-0.55	-0.334	-0.702
track_1324907	artist_366162	album_156909	1324907.mp3	200.1	mood/theme---romantic	0.872	0.062	0.196
track_1324908	artist_366162	album_156909	1324908.mp3	170.0	mood/theme---positive	0.918	0.02	0.71
track_1324909	artist_366162	album_156909	1324909.mp3	206.1	mood/theme---romantic	0.872	0.062	0.196
track_1325602	artist_457476	album_156960	1325602.mp3	228.9	mood/theme---energetic	0.694	0.736	0.804
track_1325603	artist_457476	album_156960	1325603.mp3	228.9	mood/theme---energetic	0.694	0.736	0.804
track_1326412	artist_457984	album_157032	1326412.mp3	300.0	mood/theme---ambiental	0.708	-0.686	-0.05
track_1327700	artist_004545	album_156967	1327700.mp3	528.1	"mood/theme---relaxing	mood/theme---soundscape"	0.708	-0.686	-0.05
track_1327811	artist_367301	album_157165	1327811.mp3	257.5	mood/theme---calm	0.75	-0.9	-0.373
track_1328505	artist_441585	album_157239	1328505.mp3	232.5	"mood/theme---happy	mood/theme---party"	0.9405	0.575	0.242
track_1328507	artist_441585	album_157239	1328507.mp3	232.5	"mood/theme---happy	mood/theme---melodic	mood/theme---party"	0.938	0.462667	0.210667
track_1329109	artist_337741	album_157314	1329109.mp3	304.0	mood/theme---soundscape	0.708	-0.686	-0.05
track_1329110	artist_337741	album_157314	1329110.mp3	405.8	"mood/theme---inspiring	mood/theme---soundscape"	0.625	-0.295	0.08
track_1329502	artist_460032	album_157330	1329502.mp3	182.0	"mood/theme---dream	mood/theme---epic	mood/theme---melodic	mood/theme---relaxing"	0.76075	-0.177	0.1035
track_1329907	artist_466600	album_157367	1329907.mp3	35.0	"mood/theme---inspiring	mood/theme---motivational	mood/theme---nature	mood/theme---romantic"	0.735	-0.0455	0.352
track_1329911	artist_475635	album_157369	1329911.mp3	432.5	mood/theme---love	0.996	0.334	0.234
track_1330500	artist_352844	album_157417	1330500.mp3	330.9	mood/theme---nature	0.714	-0.632	0.286
track_1330501	artist_352844	album_157417	1330501.mp3	260.9	mood/theme---relaxing	0.708	-0.686	-0.05
track_1330503	artist_352844	album_157417	1330503.mp3	306.0	mood/theme---relaxing	0.708	-0.686	-0.05
track_1330504	artist_352844	album_157417	1330504.mp3	34.1	mood/theme---relaxing	0.708	-0.686	-0.05
track_1330506	artist_352844	album_157417	1330506.mp3	47.3	mood/theme---dark	-0.604	-0.204	-0.148
track_1330507	artist_352844	album_157417	1330507.mp3	212.0	mood/theme---movie	0.584	0.12	-0.058
track_1330508	artist_352844	album_157417	1330508.mp3	32.8	"mood/theme---love	mood/theme---sad"	0.223	0.0	-0.234
track_1330509	artist_352844	album_157417	1330509.mp3	362.6	"mood/theme---motivational	mood/theme---relaxing	mood/theme---sad"	0.323333	-0.242667	-0.012
track_1331801	artist_348064	album_157429	1331801.mp3	220.0	mood/theme---documentary	0.244	-0.574	0.192
track_1333600	artist_431744	album_157709	1333600.mp3	215.8	"mood/theme---romantic	mood/theme---soundscape"	0.79	-0.312	0.073
track_1333601	artist_431744	album_157709	1333601.mp3	212.6	"mood/theme---romantic	mood/theme---soundscape"	0.79	-0.312	0.073
track_1333708	artist_002189	album_157706	1333708.mp3	299.1	mood/theme---dream	0.688	-0.686	-0.344
track_1333712	artist_002189	album_157706	1333712.mp3	277.0	mood/theme---dream	0.688	-0.686	-0.344
track_1334210	artist_437980	album_157764	1334210.mp3	105.0	mood/theme---children	0.714	0.076	-0.13
track_1334211	artist_437980	album_157764	1334211.mp3	104.3	"mood/theme---calm	mood/theme---children"	0.732	-0.412	-0.2515
track_1334412	artist_487330	album_157783	1334412.mp3	150.5	"mood/theme---commercial	mood/theme---corporate"	0.398	-0.056	0.273
track_1334807	artist_451073	album_157824	1334807.mp3	186.1	"mood/theme---advertising	mood/theme---corporate	mood/theme---motivational"	0.413333	0.138667	0.49
track_1335109	artist_488990	album_157841	1335109.mp3	205.2	mood/theme---space	0.6	-0.366	0.146
track_1335407	artist_486413	album_157851	1335407.mp3	156.1	mood/theme---background	-0.202	-0.286	-0.004
track_1336202	artist_000560	album_157914	1336202.mp3	228.2	"mood/theme---drama	mood/theme---emotional"	0.209	0.469	0.007
track_1336203	artist_000560	album_157914	1336203.mp3	188.2	"mood/theme---drama	mood/theme---emotional"	0.209	0.469	0.007
track_1336204	artist_000560	album_157914	1336204.mp3	196.9	"mood/theme---drama	mood/theme---emotional"	0.209	0.469	0.007
track_1336205	artist_000560	album_157914	1336205.mp3	79.4	"mood/theme---drama	mood/theme---emotional"	0.209	0.469	0.007
track_1336206	artist_000560	album_157914	1336206.mp3	165.3	"mood/theme---drama	mood/theme---emotional"	0.209	0.469	0.007
track_1336207	artist_000560	album_157914	1336207.mp3	339.5	"mood/theme---drama	mood/theme---emotional"	0.209	0.469	0.007
track_1336208	artist_000560	album_157914	1336208.mp3	305.3	"mood/theme---drama	mood/theme---emotional"	0.209	0.469	0.007
track_1336209	artist_000560	album_157914	1336209.mp3	226.8	"mood/theme---drama	mood/theme---emotional"	0.209	0.469	0.007
track_1336210	artist_000560	album_157914	1336210.mp3	156.1	"mood/theme---drama	mood/theme---emotional"	0.209	0.469	0.007
track_1336211	artist_000560	album_157914	1336211.mp3	96.5	"mood/theme---drama	mood/theme---emotional"	0.209	0.469	0.007
track_1336212	artist_000560	album_157914	1336212.mp3	317.4	"mood/theme---drama	mood/theme---emotional"	0.209	0.469	0.007
track_1336307	artist_486413	album_157924	1336307.mp3	297.3	"mood/theme---background	mood/theme---energetic	mood/theme---powerful"	0.352667	0.37	0.597
track_1336309	artist_486413	album_157924	1336309.mp3	381.5	"mood/theme---dramatic	mood/theme---melodic"	0.3335	0.399	0.017
track_1336310	artist_486413	album_157924	1336310.mp3	299.7	mood/theme---uplifting	0.542	0.096	0.21
track_1336311	artist_486413	album_157924	1336311.mp3	310.3	mood/theme---inspiring	0.542	0.096	0.21
track_1336312	artist_486413	album_157924	1336312.mp3	314.6	"mood/theme---emotional	mood/theme---inspiring	mood/theme---melancholic	mood/theme---melodic"	0.34875	0.0935	-0.009
track_1337210	artist_466600	album_157994	1337210.mp3	35.1	"mood/theme---corporate	mood/theme---happy	mood/theme---inspiring	mood/theme---motivational	mood/theme---positive"	0.6882	0.1572	0.5032
track_1337503	artist_338395	album_158025	1337503.mp3	224.9	"mood/theme---melodic	mood/theme---sad"	0.1915	-0.048	-0.277
track_1337504	artist_338395	album_158025	1337504.mp3	207.9	"mood/theme---love	mood/theme---romantic	mood/theme---soft"	0.796	-0.082	-0.035333
track_1337505	artist_338395	album_158025	1337505.mp3	240.9	"mood/theme---hopeful	mood/theme---love"	0.945	0.024	0.244
track_1337506	artist_338395	album_158025	1337506.mp3	173.2	"mood/theme---hopeful	mood/theme---love	mood/theme---sad	mood/theme---soft	mood/theme---uplifting"	0.4804	-0.1664	-0.108
track_1337507	artist_338395	album_158025	1337507.mp3	207.2	"mood/theme---love	mood/theme---sad	mood/theme---soft"	0.322	-0.214	-0.334667
track_1337508	artist_338395	album_158025	1337508.mp3	197.3	mood/theme---love	0.996	0.334	0.234
track_1337509	artist_338395	album_158025	1337509.mp3	151.2	mood/theme---love	0.996	0.334	0.234
track_1337511	artist_338395	album_158025	1337511.mp3	165.7	mood/theme---dream	0.688	-0.686	-0.344
track_1337800	artist_488990	album_158055	1337800.mp3	178.8	"mood/theme---dark	mood/theme---sexy"	0.063	0.343	0.228
track_1337801	artist_488990	album_158055	1337801.mp3	286.4	mood/theme---love	0.996	0.334	0.234
track_1337802	artist_488990	album_158055	1337802.mp3	257.2	mood/theme---party	0.896	0.68	0.094
track_1337803	artist_488990	album_158055	1337803.mp3	271.0	"mood/theme---dark	mood/theme---horror"	-0.687	0.248	-0.136
track_1337804	artist_488990	album_158055	1337804.mp3	240.0	mood/theme---horror	-0.77	0.7	-0.124
track_1337805	artist_488990	album_158055	1337805.mp3	253.1	mood/theme---epic	0.714	0.426	0.66
track_1337806	artist_488990	album_158055	1337806.mp3	235.2	mood/theme---dark	-0.604	-0.204	-0.148
track_1337807	artist_488990	album_158055	1337807.mp3	224.9	mood/theme---sad	-0.55	-0.334	-0.702
track_1337809	artist_488990	album_158055	1337809.mp3	277.0	"mood/theme---sad	mood/theme---sexy"	0.09	0.278	-0.049
track_1337900	artist_367881	album_158069	1337900.mp3	247.0	mood/theme---meditative	0.228	-0.76	-0.092
track_1337901	artist_367881	album_158069	1337901.mp3	187.0	mood/theme---meditative	0.228	-0.76	-0.092
track_1337902	artist_489019	album_158070	1337902.mp3	358.7	mood/theme---powerful	0.566	0.66	0.991
track_1337903	artist_489019	album_158070	1337903.mp3	353.1	"mood/theme---energetic	mood/theme---inspiring"	0.618	0.416	0.507
track_1338009	artist_489253	album_158081	1338009.mp3	296.9	mood/theme---dark	-0.604	-0.204	-0.148
track_1338010	artist_489253	album_158081	1338010.mp3	361.5	mood/theme---dark	-0.604	-0.204	-0.148
track_1338011	artist_489253	album_158081	1338011.mp3	258.2	mood/theme---dark	-0.604	-0.204	-0.148
track_1338012	artist_489253	album_158081	1338012.mp3	319.5	"mood/theme---dark	mood/theme---epic"	0.055	0.111	0.256
track_1338302	artist_435725	album_158118	1338302.mp3	62.2	"mood/theme---energetic	mood/theme---film	mood/theme---uplifting"	0.627333	0.271333	0.382
track_1338303	artist_435725	album_158118	1338303.mp3	76.0	mood/theme---film	0.646	-0.018	0.132
track_1338304	artist_435725	album_158118	1338304.mp3	159.6	mood/theme---film	0.646	-0.018	0.132
track_1338305	artist_435725	album_158118	1338305.mp3	104.0	mood/theme---film	0.646	-0.018	0.132
track_1338306	artist_435725	album_158118	1338306.mp3	103.6	"mood/theme---dark	mood/theme---dramatic	mood/theme---film"	-0.074667	0.112667	-0.043333
track_1338307	artist_435725	album_158118	1338307.mp3	155.3	"mood/theme---dark	mood/theme---dramatic	mood/theme---film"	-0.074667	0.112667	-0.043333
track_1338308	artist_435725	album_158118	1338308.mp3	337.1	"mood/theme---film	mood/theme---summer"	0.635	-0.136	0.116
track_1338309	artist_435725	album_158118	1338309.mp3	163.1	mood/theme---film	0.646	-0.018	0.132
track_1338310	artist_435725	album_158118	1338310.mp3	105.1	"mood/theme---dramatic	mood/theme---film	mood/theme---uplifting"	0.307333	0.212667	0.076
track_1338405	artist_377603	album_158131	1338405.mp3	204.3	mood/theme---melancholic	-0.638	-0.388	-0.446
track_1339600	artist_459750	album_158244	1339600.mp3	248.9	mood/theme---sexy	0.73	0.89	0.604
track_1339601	artist_489296	album_158235	1339601.mp3	192.5	mood/theme---inspiring	0.542	0.096	0.21
track_1339700	artist_004116	album_158298	1339700.mp3	262.9	mood/theme---dream	0.688	-0.686	-0.344
track_1341304	artist_460992	album_158399	1341304.mp3	170.0	mood/theme---dream	0.688	-0.686	-0.344
track_1341306	artist_460992	album_158399	1341306.mp3	140.3	mood/theme---positive	0.918	0.02	0.71
track_1341307	artist_460992	album_158399	1341307.mp3	117.6	"mood/theme---dream	mood/theme---travel"	0.775	-0.154	-0.137
track_1341308	artist_460992	album_158399	1341308.mp3	224.0	mood/theme---calm	0.75	-0.9	-0.373
track_1341601	artist_437980	album_158414	1341601.mp3	60.9	"mood/theme---corporate	mood/theme---energetic	mood/theme---party	mood/theme---upbeat	mood/theme---uplifting"	0.6144	0.2964	0.4404
track_1341605	artist_437980	album_158587	1341605.mp3	30.7	"mood/theme---corporate	mood/theme---fun	mood/theme---motivational"	0.610667	0.295333	0.513333
track_1341606	artist_437980	album_158587	1341606.mp3	60.9	"mood/theme---corporate	mood/theme---inspiring	mood/theme---motivational	mood/theme---positive	mood/theme---uplifting"	0.5996	0.0824	0.4672
track_1341607	artist_437980	album_158587	1341607.mp3	168.0	"mood/theme---advertising	mood/theme---happy	mood/theme---inspiring"	0.590333	0.260667	0.288
track_1342002	artist_441841	album_158456	1342002.mp3	217.1	mood/theme---deep	-0.02	-0.054	0.314
track_1342005	artist_441841	album_158456	1342005.mp3	286.0	mood/theme---dark	-0.604	-0.204	-0.148
track_1342007	artist_441841	album_158456	1342007.mp3	192.1	mood/theme---dark	-0.604	-0.204	-0.148
track_1342212	artist_489770	album_158476	1342212.mp3	227.0	mood/theme---love	0.996	0.334	0.234
track_1342512	artist_459669	album_158424	1342512.mp3	500.3	mood/theme---ballad	0.584	-0.432	-0.152
track_1343010	artist_464757	album_158567	1343010.mp3	449.1	"mood/theme---party	mood/theme---space"	0.748	0.157	0.12
track_1343011	artist_464757	album_158567	1343011.mp3	306.7	"mood/theme---party	mood/theme---space"	0.748	0.157	0.12
track_1343012	artist_464757	album_158567	1343012.mp3	284.5	"mood/theme---party	mood/theme---space"	0.748	0.157	0.12
track_1343112	artist_466600	album_158573	1343112.mp3	31.1	"mood/theme---dramatic	mood/theme---epic	mood/theme---inspiring	mood/theme---sport"	0.43	0.3705	0.2675
track_1343400	artist_488990	album_158594	1343400.mp3	269.4	mood/theme---sad	-0.55	-0.334	-0.702
track_1343402	artist_488990	album_158594	1343402.mp3	227.7	mood/theme---party	0.896	0.68	0.094
track_1343403	artist_488990	album_158594	1343403.mp3	371.5	mood/theme---dark	-0.604	-0.204	-0.148
track_1343404	artist_488990	album_158594	1343404.mp3	165.0	mood/theme---space	0.6	-0.366	0.146
track_1346204	artist_488843	album_158863	1346204.mp3	159.8	"mood/theme---inspiring	mood/theme---positive	mood/theme---relaxing	mood/theme---romantic"	0.76	-0.127	0.2665
track_1346205	artist_488843	album_158863	1346205.mp3	174.9	"mood/theme---powerful	mood/theme---soundscape"	0.637	-0.013	0.4705
track_1346500	artist_466600	album_158890	1346500.mp3	64.1	"mood/theme---epic	mood/theme---inspiring	mood/theme---trailer"	0.446	0.167333	0.272
track_1346501	artist_466600	album_158890	1346501.mp3	34.0	"mood/theme---epic	mood/theme---inspiring	mood/theme---trailer"	0.446	0.167333	0.272
track_1347008	artist_466600	album_158945	1347008.mp3	31.1	"mood/theme---emotional	mood/theme---inspiring	mood/theme---romantic"	0.657333	0.195333	0.152667
track_1347009	artist_466600	album_158945	1347009.mp3	73.0	"mood/theme---emotional	mood/theme---inspiring	mood/theme---romantic"	0.657333	0.195333	0.152667
track_1347802	artist_431108	album_159028	1347802.mp3	122.6	mood/theme---calm	0.75	-0.9	-0.373
track_1347803	artist_431108	album_159028	1347803.mp3	212.8	mood/theme---nature	0.714	-0.632	0.286
track_1347804	artist_431108	album_159028	1347804.mp3	202.8	mood/theme---love	0.996	0.334	0.234
track_1347806	artist_431108	album_159028	1347806.mp3	135.5	mood/theme---calm	0.75	-0.9	-0.373
track_1348602	artist_364032	album_159121	1348602.mp3	320.1	"mood/theme---ambiental	mood/theme---dark"	0.052	-0.445	-0.099
track_1349103	artist_001336	album_159162	1349103.mp3	58.9	mood/theme---dark	-0.604	-0.204	-0.148
track_1349109	artist_001336	album_159162	1349109.mp3	59.1	mood/theme---dark	-0.604	-0.204	-0.148
track_1349112	artist_001336	album_159162	1349112.mp3	40.6	mood/theme---energetic	0.694	0.736	0.804
track_1349402	artist_490314	album_159180	1349402.mp3	75.0	"mood/theme---children	mood/theme---christmas	mood/theme---funny"	0.822667	0.112	0.161333
track_1349403	artist_490314	album_159180	1349403.mp3	148.4	"mood/theme---children	mood/theme---christmas	mood/theme---funny"	0.822667	0.112	0.161333
track_1349705	artist_424522	album_159217	1349705.mp3	230.4	mood/theme---groovy	0.23	0.076	-0.072
track_1350307	artist_490314	album_159297	1350307.mp3	56.0	"mood/theme---children	mood/theme---christmas"	0.816	0.058	0.176
track_1350308	artist_490314	album_159297	1350308.mp3	95.0	"mood/theme---children	mood/theme---christmas"	0.816	0.058	0.176
track_1352504	artist_489561	album_159465	1352504.mp3	216.4	"mood/theme---motivational	mood/theme---sport"	0.771	0.346	0.515
track_1352505	artist_489561	album_159465	1352505.mp3	183.7	"mood/theme---action	mood/theme---motivational	mood/theme---sport"	0.687333	0.496	0.544667
track_1352506	artist_489561	album_159465	1352506.mp3	188.8	"mood/theme---motivational	mood/theme---sport"	0.771	0.346	0.515
track_1352507	artist_489561	album_159465	1352507.mp3	159.5	"mood/theme---game	mood/theme---motivational	mood/theme---sport"	0.670667	0.422667	0.338667
track_1352901	artist_490314	album_159508	1352901.mp3	130.0	"mood/theme---children	mood/theme---christmas	mood/theme---fun"	0.822667	0.267333	0.228667
track_1352903	artist_490314	album_159508	1352903.mp3	61.3	"mood/theme---children	mood/theme---christmas	mood/theme---fun"	0.822667	0.267333	0.228667
track_1352907	artist_490314	album_159510	1352907.mp3	47.0	mood/theme---children	0.714	0.076	-0.13
track_1352908	artist_490314	album_159510	1352908.mp3	127.1	mood/theme---children	0.714	0.076	-0.13
track_1352911	artist_490314	album_159509	1352911.mp3	123.1	"mood/theme---adventure	mood/theme---romantic"	0.853	0.388	0.308
track_1352912	artist_490314	album_159509	1352912.mp3	40.0	"mood/theme---adventure	mood/theme---romantic"	0.853	0.388	0.308
track_1353001	artist_364032	album_159520	1353001.mp3	313.6	mood/theme---ambiental	0.708	-0.686	-0.05
track_1353211	artist_490851	album_159538	1353211.mp3	198.9	mood/theme---deep	-0.02	-0.054	0.314
track_1353212	artist_490851	album_159538	1353212.mp3	169.0	mood/theme---deep	-0.02	-0.054	0.314
track_1353300	artist_490859	album_159545	1353300.mp3	152.4	"mood/theme---deep	mood/theme---happy	mood/theme---summer"	0.529667	0.054	0.268
track_1353301	artist_490859	album_159545	1353301.mp3	162.0	"mood/theme---deep	mood/theme---happy	mood/theme---summer"	0.529667	0.054	0.268
track_1353302	artist_490859	album_159545	1353302.mp3	143.4	"mood/theme---deep	mood/theme---happy	mood/theme---summer"	0.529667	0.054	0.268
track_1353303	artist_490859	album_159545	1353303.mp3	169.0	"mood/theme---deep	mood/theme---summer"	0.302	-0.154	0.207
track_1353304	artist_490859	album_159545	1353304.mp3	164.7	"mood/theme---deep	mood/theme---summer"	0.302	-0.154	0.207
track_1353305	artist_490859	album_159545	1353305.mp3	141.6	"mood/theme---deep	mood/theme---summer"	0.302	-0.154	0.207
track_1353306	artist_490859	album_159545	1353306.mp3	162.9	"mood/theme---deep	mood/theme---happy	mood/theme---summer"	0.529667	0.054	0.268
track_1353307	artist_490859	album_159545	1353307.mp3	165.3	"mood/theme---deep	mood/theme---summer"	0.302	-0.154	0.207
track_1353308	artist_490859	album_159545	1353308.mp3	167.2	"mood/theme---deep	mood/theme---happy	mood/theme---summer"	0.529667	0.054	0.268
track_1353309	artist_490859	album_159545	1353309.mp3	173.0	"mood/theme---deep	mood/theme---happy	mood/theme---summer"	0.529667	0.054	0.268
track_1353310	artist_490859	album_159545	1353310.mp3	168.9	"mood/theme---deep	mood/theme---summer"	0.302	-0.154	0.207
track_1353311	artist_490859	album_159545	1353311.mp3	161.2	"mood/theme---deep	mood/theme---happy	mood/theme---summer"	0.529667	0.054	0.268
track_1353312	artist_490859	album_159545	1353312.mp3	166.0	"mood/theme---deep	mood/theme---happy	mood/theme---summer"	0.529667	0.054	0.268
track_1354100	artist_485239	album_159632	1354100.mp3	163.6	mood/theme---ambiental	0.708	-0.686	-0.05
track_1354101	artist_485239	album_159632	1354101.mp3	114.6	mood/theme---ambiental	0.708	-0.686	-0.05
track_1354102	artist_485239	album_159632	1354102.mp3	142.6	mood/theme---ambiental	0.708	-0.686	-0.05
track_1354103	artist_485239	album_159632	1354103.mp3	155.5	mood/theme---ambiental	0.708	-0.686	-0.05
track_1354104	artist_485239	album_159632	1354104.mp3	215.8	mood/theme---ambiental	0.708	-0.686	-0.05
track_1354105	artist_485239	album_159632	1354105.mp3	233.0	mood/theme---ambiental	0.708	-0.686	-0.05
track_1354106	artist_485239	album_159632	1354106.mp3	191.1	mood/theme---ambiental	0.708	-0.686	-0.05
track_1354107	artist_485239	album_159632	1354107.mp3	135.4	mood/theme---ambiental	0.708	-0.686	-0.05
track_1354108	artist_485239	album_159632	1354108.mp3	177.1	mood/theme---ambiental	0.708	-0.686	-0.05
track_1354109	artist_485239	album_159632	1354109.mp3	179.9	mood/theme---ambiental	0.708	-0.686	-0.05
track_1354110	artist_485239	album_159632	1354110.mp3	124.7	mood/theme---ambiental	0.708	-0.686	-0.05
track_1354111	artist_485239	album_159632	1354111.mp3	139.0	mood/theme---ambiental	0.708	-0.686	-0.05
track_1354112	artist_485239	album_159632	1354112.mp3	138.7	mood/theme---ambiental	0.708	-0.686	-0.05
track_1354704	artist_462377	album_159705	1354704.mp3	138.5	"mood/theme---advertising	mood/theme---corporate	mood/theme---inspiring	mood/theme---motivational	mood/theme---upbeat	mood/theme---uplifting"	0.513333	0.111667	0.415667
track_1356312	artist_467034	album_159858	1356312.mp3	324.4	"mood/theme---happy	mood/theme---melodic"	0.959	0.354	0.269
track_1356502	artist_490298	album_159880	1356502.mp3	213.7	"mood/theme---emotional	mood/theme---inspiring	mood/theme---love"	0.698667	0.286	0.165333
track_1357000	artist_467034	album_159916	1357000.mp3	173.2	"mood/theme---happy	mood/theme---upbeat"	0.8705	0.266	0.497
track_1357005	artist_467034	album_159916	1357005.mp3	196.6	"mood/theme---happy	mood/theme---summer	mood/theme---upbeat"	0.788333	0.092667	0.364667
track_1357009	artist_467034	album_159916	1357009.mp3	149.8	mood/theme---love	0.996	0.334	0.234
track_1357012	artist_467034	album_159916	1357012.mp3	233.1	"mood/theme---fun	mood/theme---happy	mood/theme---summer"	0.815	0.300667	0.274667
track_1357105	artist_467034	album_159941	1357105.mp3	196.9	"mood/theme---happy	mood/theme---upbeat	mood/theme---uplifting"	0.761	0.209333	0.401333
track_1357400	artist_003944	album_159969	1357400.mp3	136.0	"mood/theme---emotional	mood/theme---romantic"	0.715	0.245	0.124
track_1357401	artist_003944	album_159969	1357401.mp3	69.9	"mood/theme---emotional	mood/theme---romantic"	0.715	0.245	0.124
track_1357402	artist_003944	album_159969	1357402.mp3	126.9	mood/theme---romantic	0.872	0.062	0.196
track_1357403	artist_003944	album_159969	1357403.mp3	68.5	mood/theme---corporate	0.184	-0.092	0.49
track_1357404	artist_003944	album_159969	1357404.mp3	149.3	mood/theme---inspiring	0.542	0.096	0.21
track_1357405	artist_003944	album_159969	1357405.mp3	77.9	"mood/theme---corporate	mood/theme---inspiring"	0.363	0.002	0.35
track_1357701	artist_337741	album_160008	1357701.mp3	220.0	mood/theme---cool	0.77	0.08	0.562
track_1361402	artist_480599	album_160347	1361402.mp3	89.0	"mood/theme---holiday	mood/theme---mellow	mood/theme---upbeat"	0.639333	-0.331	0.154
track_1361404	artist_480599	album_160347	1361404.mp3	66.0	mood/theme---melancholic	-0.638	-0.388	-0.446
track_1361408	artist_480599	album_160347	1361408.mp3	100.4	mood/theme---dream	0.688	-0.686	-0.344
track_1362212	artist_465078	album_160421	1362212.mp3	39.4	"mood/theme---advertising	mood/theme---background	mood/theme---sport"	0.257333	0.11	0.191333
track_1362508	artist_375935	album_160429	1362508.mp3	55.0	"mood/theme---action	mood/theme---sport"	0.625	0.598	0.459
track_1362509	artist_375935	album_160429	1362509.mp3	405.0	"mood/theme---advertising	mood/theme---corporate"	0.214	0.062	0.377
track_1363602	artist_457786	album_160551	1363602.mp3	172.5	mood/theme---motivational	0.812	0.292	0.716
track_1363603	artist_457786	album_160551	1363603.mp3	114.9	mood/theme---motivational	0.812	0.292	0.716
track_1363604	artist_457786	album_160551	1363604.mp3	165.3	mood/theme---motivational	0.812	0.292	0.716
track_1365200	artist_488943	album_160706	1365200.mp3	268.5	mood/theme---space	0.6	-0.366	0.146
track_1365210	artist_363557	album_160699	1365210.mp3	258.1	mood/theme---dark	-0.604	-0.204	-0.148
track_1366001	artist_003027	album_160748	1366001.mp3	143.2	"mood/theme---dark	mood/theme---sad"	-0.577	-0.269	-0.425
track_1366002	artist_003027	album_160748	1366002.mp3	64.6	mood/theme---sad	-0.55	-0.334	-0.702
track_1366003	artist_003027	album_160748	1366003.mp3	42.6	"mood/theme---dark	mood/theme---sad"	-0.577	-0.269	-0.425
track_1366005	artist_003027	album_160748	1366005.mp3	36.2	mood/theme---hopeful	0.894	-0.286	0.254
track_1366203	artist_492228	album_160730	1366203.mp3	160.8	"mood/theme---love	mood/theme---romantic"	0.934	0.198	0.215
track_1366604	artist_492316	album_160813	1366604.mp3	440.1	mood/theme---uplifting	0.542	0.096	0.21
track_1366700	artist_492259	album_160823	1366700.mp3	259.4	"mood/theme---melodic	mood/theme---soft"	0.7265	-0.202	-0.194
track_1366702	artist_471813	album_160826	1366702.mp3	258.9	"mood/theme---dark	mood/theme---slow"	-0.445	-0.5655	-0.428
track_1366703	artist_471813	album_160826	1366703.mp3	368.6	"mood/theme---dark	mood/theme---slow"	-0.445	-0.5655	-0.428
track_1366704	artist_471813	album_160826	1366704.mp3	289.8	"mood/theme---dark	mood/theme---slow"	-0.445	-0.5655	-0.428
track_1366705	artist_471813	album_160826	1366705.mp3	240.0	"mood/theme---dark	mood/theme---slow"	-0.445	-0.5655	-0.428
track_1366706	artist_471813	album_160826	1366706.mp3	353.2	"mood/theme---dark	mood/theme---slow"	-0.445	-0.5655	-0.428
track_1366707	artist_471813	album_160826	1366707.mp3	248.6	"mood/theme---dark	mood/theme---slow"	-0.445	-0.5655	-0.428
track_1366708	artist_471813	album_160826	1366708.mp3	305.2	"mood/theme---dark	mood/theme---slow"	-0.445	-0.5655	-0.428
track_1366709	artist_471813	album_160826	1366709.mp3	310.3	"mood/theme---dark	mood/theme---slow"	-0.445	-0.5655	-0.428
track_1366710	artist_471813	album_160826	1366710.mp3	204.0	"mood/theme---dark	mood/theme---slow"	-0.445	-0.5655	-0.428
track_1366711	artist_471813	album_160826	1366711.mp3	370.3	"mood/theme---dark	mood/theme---slow"	-0.445	-0.5655	-0.428
track_1366712	artist_471813	album_160826	1366712.mp3	282.9	"mood/theme---dark	mood/theme---slow"	-0.445	-0.5655	-0.428
track_1369907	artist_432564	album_161155	1369907.mp3	113.8	mood/theme---dark	-0.604	-0.204	-0.148
track_1370402	artist_490028	album_161205	1370402.mp3	82.1	"mood/theme---action	mood/theme---epic	mood/theme---movie	mood/theme---trailer"	0.475	0.3305	0.288
track_1370403	artist_490028	album_161205	1370403.mp3	75.7	"mood/theme---action	mood/theme---epic	mood/theme---movie	mood/theme---trailer"	0.475	0.3305	0.288
track_1370404	artist_490028	album_161205	1370404.mp3	72.9	"mood/theme---action	mood/theme---epic	mood/theme---movie	mood/theme---trailer"	0.475	0.3305	0.288
track_1370405	artist_490028	album_161205	1370405.mp3	107.1	"mood/theme---action	mood/theme---epic	mood/theme---movie	mood/theme---trailer"	0.475	0.3305	0.288
track_1370406	artist_490028	album_161205	1370406.mp3	78.8	"mood/theme---adventure	mood/theme---epic	mood/theme---movie	mood/theme---trailer"	0.5535	0.31	0.242
track_1370407	artist_490028	album_161205	1370407.mp3	75.7	"mood/theme---action	mood/theme---epic	mood/theme---movie	mood/theme---trailer"	0.475	0.3305	0.288
track_1370408	artist_490028	album_161205	1370408.mp3	75.7	"mood/theme---action	mood/theme---epic	mood/theme---movie	mood/theme---trailer"	0.475	0.3305	0.288
track_1370409	artist_490028	album_161205	1370409.mp3	75.7	"mood/theme---action	mood/theme---epic	mood/theme---movie	mood/theme---trailer"	0.475	0.3305	0.288
track_1370410	artist_490028	album_161205	1370410.mp3	72.9	"mood/theme---adventure	mood/theme---epic	mood/theme---movie	mood/theme---trailer"	0.5535	0.31	0.242
track_1370411	artist_490028	album_161205	1370411.mp3	72.9	"mood/theme---action	mood/theme---epic	mood/theme---movie	mood/theme---trailer"	0.475	0.3305	0.288
track_1370705	artist_477499	album_161232	1370705.mp3	198.0	"mood/theme---dark	mood/theme---dream"	0.042	-0.445	-0.246
track_1371001	artist_451073	album_161276	1371001.mp3	193.5	"mood/theme---advertising	mood/theme---corporate	mood/theme---inspiring	mood/theme---motivational"	0.4455	0.128	0.42
track_1371002	artist_451073	album_161276	1371002.mp3	239.1	"mood/theme---advertising	mood/theme---corporate	mood/theme---inspiring	mood/theme---motivational"	0.4455	0.128	0.42
track_1371512	artist_458008	album_161341	1371512.mp3	188.2	mood/theme---summer	0.624	-0.254	0.1
track_1371701	artist_442171	album_161363	1371701.mp3	304.7	mood/theme---ambiental	0.708	-0.686	-0.05
track_1371800	artist_362501	album_161376	1371800.mp3	166.5	"mood/theme---cool	mood/theme---groovy"	0.5	0.078	0.245
track_1371801	artist_362501	album_161376	1371801.mp3	88.6	mood/theme---party	0.896	0.68	0.094
track_1371804	artist_362501	album_161376	1371804.mp3	66.8	"mood/theme---dream	mood/theme---hopeful"	0.791	-0.486	-0.045
track_1371806	artist_362501	album_161376	1371806.mp3	194.9	"mood/theme---cool	mood/theme---groovy"	0.5	0.078	0.245
track_1371807	artist_362501	album_161376	1371807.mp3	90.7	"mood/theme---fast	mood/theme---melodic"	0.5915	0.298	0.219
track_1371808	artist_362501	album_161376	1371808.mp3	221.7	"mood/theme---cool	mood/theme---dark"	0.083	-0.062	0.207
track_1371809	artist_362501	album_161376	1371809.mp3	58.8	"mood/theme---cool	mood/theme---fast"	0.51	0.219	0.426
track_1371811	artist_362501	album_161376	1371811.mp3	143.6	mood/theme---dream	0.688	-0.686	-0.344
track_1371812	artist_362501	album_161376	1371812.mp3	200.8	mood/theme---groovy	0.23	0.076	-0.072
track_1372200	artist_492925	album_161405	1372200.mp3	226.0	mood/theme---upbeat	0.756	0.062	0.604
track_1372208	artist_441157	album_161403	1372208.mp3	420.0	mood/theme---relaxing	0.708	-0.686	-0.05
track_1373108	artist_379099	album_161501	1373108.mp3	890.0	mood/theme---soundscape	0.708	-0.686	-0.05
track_1374300	artist_493107	album_161595	1374300.mp3	199.1	mood/theme---calm	0.75	-0.9	-0.373
track_1374301	artist_493107	album_161595	1374301.mp3	298.0	"mood/theme---epic	mood/theme---melancholic"	0.038	0.019	0.107
track_1374303	artist_493107	album_161595	1374303.mp3	187.0	mood/theme---melancholic	-0.638	-0.388	-0.446
track_1374304	artist_493107	album_161595	1374304.mp3	106.9	mood/theme---funny	0.836	0.22	0.132
track_1374308	artist_493107	album_161595	1374308.mp3	144.9	mood/theme---happy	0.985	0.47	0.39
track_1375202	artist_466156	album_161685	1375202.mp3	151.8	mood/theme---inspiring	0.542	0.096	0.21
track_1375203	artist_466156	album_161685	1375203.mp3	179.3	mood/theme---inspiring	0.542	0.096	0.21
track_1375204	artist_466156	album_161685	1375204.mp3	107.9	mood/theme---inspiring	0.542	0.096	0.21
track_1375205	artist_466156	album_161685	1375205.mp3	84.9	mood/theme---inspiring	0.542	0.096	0.21
track_1375901	artist_490363	album_161752	1375901.mp3	174.1	"mood/theme---documentary	mood/theme---meditative"	0.236	-0.667	0.05
track_1375902	artist_490363	album_161752	1375902.mp3	264.0	mood/theme---meditative	0.228	-0.76	-0.092
track_1375903	artist_490363	album_161752	1375903.mp3	585.0	"mood/theme---documentary	mood/theme---film	mood/theme---meditative"	0.372667	-0.450667	0.077333
track_1375904	artist_490363	album_161752	1375904.mp3	231.5	"mood/theme---documentary	mood/theme---nature"	0.479	-0.603	0.239
track_1375909	artist_490363	album_161752	1375909.mp3	136.2	"mood/theme---documentary	mood/theme---meditative	mood/theme---nature"	0.395333	-0.655333	0.128667
track_1375910	artist_490363	album_161752	1375910.mp3	352.0	"mood/theme---dark	mood/theme---documentary	mood/theme---meditative"	-0.044	-0.512667	-0.016
track_1377202	artist_493360	album_161844	1377202.mp3	210.3	mood/theme---upbeat	0.756	0.062	0.604
track_1377206	artist_493360	album_161844	1377206.mp3	264.0	mood/theme---upbeat	0.756	0.062	0.604
track_1377207	artist_493360	album_161844	1377207.mp3	237.7	"mood/theme---love	mood/theme---romantic"	0.934	0.198	0.215
track_1377208	artist_493360	album_161844	1377208.mp3	203.8	mood/theme---upbeat	0.756	0.062	0.604
track_1377209	artist_493360	album_161844	1377209.mp3	234.0	mood/theme---upbeat	0.756	0.062	0.604
track_1377210	artist_493360	album_161844	1377210.mp3	217.5	"mood/theme---melancholic	mood/theme---sad"	-0.594	-0.361	-0.574
track_1377211	artist_493360	album_161844	1377211.mp3	235.1	mood/theme---upbeat	0.756	0.062	0.604
track_1377406	artist_493357	album_161866	1377406.mp3	426.6	mood/theme---space	0.6	-0.366	0.146
track_1377408	artist_493357	album_161866	1377408.mp3	159.4	mood/theme---nature	0.714	-0.632	0.286
track_1378002	artist_484438	album_161922	1378002.mp3	209.3	"mood/theme---melodic	mood/theme---romantic"	0.9025	0.15	0.172
track_1378003	artist_484438	album_161922	1378003.mp3	219.5	mood/theme---romantic	0.872	0.062	0.196
track_1378004	artist_484438	album_161922	1378004.mp3	320.0	"mood/theme---calm	mood/theme---melodic"	0.8415	-0.331	-0.1125
track_1378005	artist_484438	album_161922	1378005.mp3	204.0	mood/theme---melodic	0.933	0.238	0.148
track_1378006	artist_484438	album_161922	1378006.mp3	114.1	mood/theme---game	0.47	0.576	-0.014
track_1378008	artist_484438	album_161922	1378008.mp3	262.0	mood/theme---film	0.646	-0.018	0.132
track_1378101	artist_493403	album_161923	1378101.mp3	240.8	mood/theme---energetic	0.694	0.736	0.804
track_1380002	artist_438910	album_162098	1380002.mp3	383.8	"mood/theme---meditative	mood/theme---relaxing"	0.468	-0.723	-0.071
track_1380006	artist_438910	album_162098	1380006.mp3	315.0	mood/theme---space	0.6	-0.366	0.146
track_1380007	artist_438910	album_162098	1380007.mp3	254.6	mood/theme---space	0.6	-0.366	0.146
track_1380601	artist_372323	album_162155	1380601.mp3	165.0	"mood/theme---love	mood/theme---nature	mood/theme---soundscape"	0.806	-0.328	0.156667
track_1380602	artist_372323	album_162155	1380602.mp3	93.7	mood/theme---nature	0.714	-0.632	0.286
track_1380606	artist_372323	album_162155	1380606.mp3	147.6	"mood/theme---love	mood/theme---nature	mood/theme---soundscape"	0.806	-0.328	0.156667
track_1380708	artist_004116	album_162183	1380708.mp3	242.4	mood/theme---relaxing	0.708	-0.686	-0.05
track_1380709	artist_004116	album_162183	1380709.mp3	231.3	mood/theme---happy	0.985	0.47	0.39
track_1380710	artist_004116	album_162183	1380710.mp3	351.6	mood/theme---relaxing	0.708	-0.686	-0.05
track_1380711	artist_004116	album_162183	1380711.mp3	95.9	mood/theme---happy	0.985	0.47	0.39
track_1380712	artist_004116	album_162183	1380712.mp3	320.0	mood/theme---relaxing	0.708	-0.686	-0.05
track_1381000	artist_475732	album_162202	1381000.mp3	217.9	mood/theme---cool	0.77	0.08	0.562
track_1381001	artist_475732	album_162202	1381001.mp3	353.3	mood/theme---cool	0.77	0.08	0.562
track_1381003	artist_475732	album_162202	1381003.mp3	274.1	mood/theme---cool	0.77	0.08	0.562
track_1381005	artist_475732	album_162202	1381005.mp3	264.1	mood/theme---cool	0.77	0.08	0.562
track_1381006	artist_475732	album_162202	1381006.mp3	190.2	mood/theme---cool	0.77	0.08	0.562
track_1381008	artist_475732	album_162202	1381008.mp3	258.9	mood/theme---cool	0.77	0.08	0.562
track_1381009	artist_475732	album_162202	1381009.mp3	317.4	mood/theme---cool	0.77	0.08	0.562
track_1381011	artist_475732	album_162202	1381011.mp3	452.4	mood/theme---cool	0.77	0.08	0.562
track_1381310	artist_489220	album_162227	1381310.mp3	195.1	"mood/theme---background	mood/theme---dark	mood/theme---heavy"	-0.435333	-0.194	0.016
track_1381312	artist_489220	album_162227	1381312.mp3	110.7	"mood/theme---dark	mood/theme---heavy"	-0.552	-0.148	0.026
track_1381605	artist_347867	album_162261	1381605.mp3	147.7	mood/theme---melodic	0.933	0.238	0.148
track_1383310	artist_428874	album_162351	1383310.mp3	381.8	"mood/theme---christmas	mood/theme---fun	mood/theme---happy	mood/theme---holiday	mood/theme---inspiring"	0.8354	0.2308	0.3204
track_1383803	artist_483387	album_162393	1383803.mp3	180.0	"mood/theme---commercial	mood/theme---corporate	mood/theme---motivational	mood/theme---positive"	0.6315	0.05	0.493
track_1383900	artist_477775	album_162394	1383900.mp3	105.7	mood/theme---game	0.47	0.576	-0.014
track_1384009	artist_489627	album_162402	1384009.mp3	299.7	mood/theme---love	0.996	0.334	0.234
track_1384010	artist_489627	album_162402	1384010.mp3	258.0	mood/theme---love	0.996	0.334	0.234
track_1384308	artist_466600	album_162426	1384308.mp3	31.0	"mood/theme---background	mood/theme---inspiring	mood/theme---nature	mood/theme---romantic"	0.4815	-0.19	0.172
track_1384309	artist_466600	album_162426	1384309.mp3	73.0	"mood/theme---background	mood/theme---inspiring	mood/theme---nature	mood/theme---romantic"	0.4815	-0.19	0.172
track_1384401	artist_493872	album_162438	1384401.mp3	139.1	"mood/theme---corporate	mood/theme---uplifting"	0.363	0.002	0.35
track_1384402	artist_493872	album_162438	1384402.mp3	89.4	mood/theme---corporate	0.184	-0.092	0.49
track_1384403	artist_493872	album_162438	1384403.mp3	87.3	"mood/theme---corporate	mood/theme---sad"	-0.183	-0.213	-0.106
track_1384404	artist_493872	album_162438	1384404.mp3	119.1	"mood/theme---corporate	mood/theme---dream"	0.436	-0.389	0.073
track_1384405	artist_493872	album_162438	1384405.mp3	108.0	"mood/theme---corporate	mood/theme---emotional"	0.371	0.168	0.271
track_1384406	artist_493872	album_162438	1384406.mp3	75.8	mood/theme---corporate	0.184	-0.092	0.49
track_1384407	artist_493872	album_162438	1384407.mp3	96.1	"mood/theme---corporate	mood/theme---sad"	-0.183	-0.213	-0.106
track_1384408	artist_493872	album_162438	1384408.mp3	89.7	"mood/theme---corporate	mood/theme---dream"	0.436	-0.389	0.073
track_1384409	artist_493872	album_162438	1384409.mp3	78.8	"mood/theme---corporate	mood/theme---sad"	-0.183	-0.213	-0.106
track_1384410	artist_493872	album_162438	1384410.mp3	109.3	"mood/theme---corporate	mood/theme---positive"	0.551	-0.036	0.6
track_1384411	artist_493872	album_162438	1384411.mp3	93.0	mood/theme---corporate	0.184	-0.092	0.49
track_1384412	artist_493872	album_162438	1384412.mp3	69.0	mood/theme---corporate	0.184	-0.092	0.49
track_1385202	artist_435290	album_162510	1385202.mp3	319.1	mood/theme---inspiring	0.542	0.096	0.21
track_1385300	artist_368389	album_162514	1385300.mp3	175.2	"mood/theme---dramatic	mood/theme---sad"	-0.408	0.113	-0.408
track_1386702	artist_437980	album_162420	1386702.mp3	31.5	"mood/theme---action	mood/theme---energetic"	0.607	0.766	0.704
track_1386809	artist_456894	album_162661	1386809.mp3	349.2	"mood/theme---mellow	mood/theme---relaxing"	0.487	-0.8015	-0.189
track_1387904	artist_443598	album_162792	1387904.mp3	230.7	"mood/theme---adventure	mood/theme---commercial	mood/theme---documentary	mood/theme---film	mood/theme---love"	0.6664	0.0872	0.2068
track_1388000	artist_341393	album_162808	1388000.mp3	239.0	mood/theme---emotional	0.558	0.428	0.052
track_1388001	artist_341393	album_162808	1388001.mp3	242.5	mood/theme---emotional	0.558	0.428	0.052
track_1388002	artist_341393	album_162808	1388002.mp3	323.0	mood/theme---happy	0.985	0.47	0.39
track_1388003	artist_341393	album_162808	1388003.mp3	240.1	mood/theme---emotional	0.558	0.428	0.052
track_1388004	artist_341393	album_162808	1388004.mp3	242.8	mood/theme---emotional	0.558	0.428	0.052
track_1388005	artist_341393	album_162808	1388005.mp3	246.0	mood/theme---emotional	0.558	0.428	0.052
track_1388007	artist_341393	album_162808	1388007.mp3	268.6	mood/theme---emotional	0.558	0.428	0.052
track_1388303	artist_494348	album_162838	1388303.mp3	198.9	mood/theme---dark	-0.604	-0.204	-0.148
track_1388600	artist_471813	album_162859	1388600.mp3	405.7	"mood/theme---dark	mood/theme---slow"	-0.445	-0.5655	-0.428
track_1388601	artist_471813	album_162859	1388601.mp3	297.0	"mood/theme---dark	mood/theme---slow"	-0.445	-0.5655	-0.428
track_1388603	artist_471813	album_162859	1388603.mp3	248.6	"mood/theme---dark	mood/theme---slow"	-0.445	-0.5655	-0.428
track_1388808	artist_007805	album_162885	1388808.mp3	197.0	mood/theme---happy	0.985	0.47	0.39
track_1388809	artist_007805	album_162885	1388809.mp3	273.9	mood/theme---sad	-0.55	-0.334	-0.702
track_1388810	artist_007805	album_162885	1388810.mp3	176.4	"mood/theme---advertising	mood/theme---commercial	mood/theme---happy"	0.613667	0.222	0.236667
track_1388811	artist_007805	album_162885	1388811.mp3	169.5	"mood/theme---commercial	mood/theme---happy	mood/theme---inspiring"	0.713	0.182	0.218667
track_1388812	artist_007805	album_162885	1388812.mp3	203.7	"mood/theme---advertising	mood/theme---commercial	mood/theme---happy"	0.613667	0.222	0.236667
track_1389203	artist_347673	album_162915	1389203.mp3	150.0	"mood/theme---melancholic	mood/theme---sad"	-0.594	-0.361	-0.574
track_1390503	artist_438910	album_163049	1390503.mp3	161.0	"mood/theme---meditative	mood/theme---slow"	-0.029	-0.8435	-0.4
track_1390504	artist_438910	album_163049	1390504.mp3	268.1	mood/theme---space	0.6	-0.366	0.146
track_1391301	artist_355756	album_163107	1391301.mp3	210.1	"mood/theme---meditative	mood/theme---space"	0.414	-0.563	0.027
track_1391302	artist_355756	album_163107	1391302.mp3	300.1	"mood/theme---meditative	mood/theme---space"	0.414	-0.563	0.027
track_1392703	artist_355756	album_163275	1392703.mp3	210.1	"mood/theme---relaxing	mood/theme---space"	0.654	-0.526	0.048
track_1393000	artist_355756	album_163275	1393000.mp3	300.1	"mood/theme---relaxing	mood/theme---space"	0.654	-0.526	0.048
track_1393010	artist_494920	album_163266	1393010.mp3	37.5	mood/theme---ambiental	0.708	-0.686	-0.05
track_1393011	artist_494920	album_163266	1393011.mp3	113.2	mood/theme---energetic	0.694	0.736	0.804
track_1393100	artist_355756	album_163298	1393100.mp3	240.1	"mood/theme---relaxing	mood/theme---space"	0.654	-0.526	0.048
track_1393104	artist_355756	album_163298	1393104.mp3	270.1	"mood/theme---relaxing	mood/theme---space"	0.654	-0.526	0.048
track_1393108	artist_355756	album_163298	1393108.mp3	270.1	"mood/theme---relaxing	mood/theme---space"	0.654	-0.526	0.048
track_1393109	artist_355756	album_163298	1393109.mp3	270.1	"mood/theme---relaxing	mood/theme---space"	0.654	-0.526	0.048
track_1393400	artist_355756	album_163301	1393400.mp3	210.0	mood/theme---dark	-0.604	-0.204	-0.148
track_1393401	artist_355756	album_163301	1393401.mp3	210.0	mood/theme---dark	-0.604	-0.204	-0.148
track_1393402	artist_355756	album_163301	1393402.mp3	270.0	mood/theme---dark	-0.604	-0.204	-0.148
track_1393403	artist_355756	album_163301	1393403.mp3	270.0	mood/theme---dark	-0.604	-0.204	-0.148
track_1393404	artist_355756	album_163301	1393404.mp3	210.0	mood/theme---dark	-0.604	-0.204	-0.148
track_1393405	artist_355756	album_163301	1393405.mp3	210.0	mood/theme---dark	-0.604	-0.204	-0.148
track_1393406	artist_355756	album_163301	1393406.mp3	270.0	mood/theme---dark	-0.604	-0.204	-0.148
track_1393407	artist_355756	album_163301	1393407.mp3	270.0	mood/theme---dark	-0.604	-0.204	-0.148
track_1393408	artist_355756	album_163301	1393408.mp3	270.0	mood/theme---dark	-0.604	-0.204	-0.148
track_1393409	artist_355756	album_163301	1393409.mp3	90.0	mood/theme---energetic	0.694	0.736	0.804
track_1393612	artist_355756	album_163310	1393612.mp3	240.1	mood/theme---relaxing	0.708	-0.686	-0.05
track_1394303	artist_351287	album_163362	1394303.mp3	276.0	"mood/theme---christmas	mood/theme---holiday"	0.907	-0.049	0.334
track_1394307	artist_351287	album_163362	1394307.mp3	291.8	mood/theme---christmas	0.918	0.04	0.482
track_1394308	artist_351287	album_163362	1394308.mp3	231.6	mood/theme---christmas	0.918	0.04	0.482
track_1394402	artist_456894	album_163277	1394402.mp3	90.0	mood/theme---christmas	0.918	0.04	0.482
track_1394403	artist_456894	album_163277	1394403.mp3	147.0	"mood/theme---advertising	mood/theme---children	mood/theme---christmas	mood/theme---happy	mood/theme---motivational"	0.7346	0.2188	0.3444
track_1394904	artist_475790	album_163398	1394904.mp3	299.7	mood/theme---funny	0.836	0.22	0.132
track_1395310	artist_341459	album_163200	1395310.mp3	222.9	mood/theme---relaxing	0.708	-0.686	-0.05
track_1395500	artist_455057	album_163454	1395500.mp3	347.6	mood/theme---love	0.996	0.334	0.234
track_1395501	artist_455057	album_163454	1395501.mp3	347.6	"mood/theme---emotional	mood/theme---melancholic"	-0.04	0.02	-0.197
track_1395507	artist_491731	album_163455	1395507.mp3	321.2	mood/theme---cool	0.77	0.08	0.562
track_1395508	artist_491731	album_163455	1395508.mp3	274.8	"mood/theme---advertising	mood/theme---background	mood/theme---cool	mood/theme---groovy"	0.2605	0.0215	0.1875
track_1395611	artist_337741	album_163465	1395611.mp3	329.2	mood/theme---inspiring	0.542	0.096	0.21
track_1395702	artist_483387	album_163468	1395702.mp3	79.2	"mood/theme---christmas	mood/theme---commercial"	0.765	0.01	0.269
track_1396101	artist_491533	album_163420	1396101.mp3	80.2	"mood/theme---advertising	mood/theme---corporate	mood/theme---happy	mood/theme---positive"	0.58275	0.1535	0.4635
track_1396105	artist_491533	album_163420	1396105.mp3	66.9	"mood/theme---happy	mood/theme---positive"	0.9515	0.245	0.55
track_1396205	artist_495161	album_163537	1396205.mp3	247.6	mood/theme---ballad	0.584	-0.432	-0.152
track_1396500	artist_361044	album_163566	1396500.mp3	210.3	"mood/theme---calm	mood/theme---emotional	mood/theme---melancholic"	0.223333	-0.286667	-0.255667
track_1396501	artist_361044	album_163566	1396501.mp3	160.8	"mood/theme---advertising	mood/theme---background	mood/theme---happy	mood/theme---hopeful	mood/theme---inspiring	mood/theme---motivational"	0.545833	0.083667	0.305
track_1396502	artist_361044	album_163566	1396502.mp3	141.9	"mood/theme---drama	mood/theme---emotional	mood/theme---film	mood/theme---sad"	0.1285	0.1465	-0.139
track_1396603	artist_495215	album_163550	1396603.mp3	213.8	mood/theme---upbeat	0.756	0.062	0.604
track_1396710	artist_340121	album_163588	1396710.mp3	292.8	mood/theme---meditative	0.228	-0.76	-0.092
track_1397103	artist_466600	album_163432	1397103.mp3	37.0	"mood/theme---dramatic	mood/theme---epic	mood/theme---inspiring	mood/theme---trailer"	0.268	0.2655	0.1755
track_1397104	artist_466600	album_163432	1397104.mp3	54.0	"mood/theme---dramatic	mood/theme---epic	mood/theme---inspiring	mood/theme---trailer"	0.268	0.2655	0.1755
track_1397206	artist_495268	album_163632	1397206.mp3	216.6	mood/theme---fast	0.25	0.358	0.29
track_1398100	artist_495358	album_163694	1398100.mp3	226.5	mood/theme---love	0.996	0.334	0.234
track_1398101	artist_495358	album_163694	1398101.mp3	171.0	mood/theme---upbeat	0.756	0.062	0.604
track_1398412	artist_439371	album_163735	1398412.mp3	152.4	"mood/theme---corporate	mood/theme---dream"	0.436	-0.389	0.073
track_1398500	artist_439371	album_163742	1398500.mp3	166.7	"mood/theme---christmas	mood/theme---holiday"	0.907	-0.049	0.334
track_1398501	artist_439371	album_163742	1398501.mp3	83.3	"mood/theme---christmas	mood/theme---holiday"	0.907	-0.049	0.334
track_1398502	artist_439371	album_163742	1398502.mp3	74.6	"mood/theme---christmas	mood/theme---holiday"	0.907	-0.049	0.334
track_1398801	artist_439371	album_163762	1398801.mp3	274.1	"mood/theme---nature	mood/theme---relaxing"	0.711	-0.659	0.118
track_1398802	artist_439371	album_163762	1398802.mp3	198.0	"mood/theme---advertising	mood/theme---commercial	mood/theme---corporate"	0.346667	0.034667	0.27
track_1398803	artist_439371	album_163762	1398803.mp3	240.0	"mood/theme---documentary	mood/theme---nature"	0.479	-0.603	0.239
track_1398804	artist_439371	album_163762	1398804.mp3	362.0	"mood/theme---nature	mood/theme---relaxing"	0.711	-0.659	0.118
track_1399011	artist_495449	album_163770	1399011.mp3	109.6	mood/theme---film	0.646	-0.018	0.132
track_1400005	artist_483253	album_163815	1400005.mp3	288.0	"mood/theme---christmas	mood/theme---love	mood/theme---sad"	0.454667	0.013333	0.004667
track_1400006	artist_483253	album_163815	1400006.mp3	330.6	"mood/theme---christmas	mood/theme---epic	mood/theme---sad"	0.360667	0.044	0.146667
track_1400007	artist_483253	album_163815	1400007.mp3	328.9	"mood/theme---christmas	mood/theme---epic	mood/theme---sad"	0.360667	0.044	0.146667
track_1400401	artist_473461	album_163903	1400401.mp3	133.4	mood/theme---children	0.714	0.076	-0.13
track_1400402	artist_473461	album_163903	1400402.mp3	138.7	mood/theme---love	0.996	0.334	0.234
track_1400500	artist_001336	album_163917	1400500.mp3	133.4	mood/theme---relaxing	0.708	-0.686	-0.05
track_1400501	artist_001336	album_163917	1400501.mp3	159.3	"mood/theme---energetic	mood/theme---relaxing	mood/theme---space"	0.667333	-0.105333	0.3
track_1400502	artist_001336	album_163917	1400502.mp3	82.1	mood/theme---relaxing	0.708	-0.686	-0.05
track_1400503	artist_001336	album_163917	1400503.mp3	149.4	mood/theme---relaxing	0.708	-0.686	-0.05
track_1400505	artist_001336	album_163917	1400505.mp3	157.8	mood/theme---relaxing	0.708	-0.686	-0.05
track_1400506	artist_001336	album_163917	1400506.mp3	126.0	mood/theme---dark	-0.604	-0.204	-0.148
track_1400507	artist_001336	album_163917	1400507.mp3	111.3	mood/theme---cool	0.77	0.08	0.562
track_1400508	artist_001336	album_163917	1400508.mp3	87.9	mood/theme---dream	0.688	-0.686	-0.344
track_1400805	artist_423996	album_164046	1400805.mp3	664.8	mood/theme---dark	-0.604	-0.204	-0.148
track_1400905	artist_495449	album_163937	1400905.mp3	60.1	mood/theme---film	0.646	-0.018	0.132
track_1400906	artist_495449	album_163937	1400906.mp3	46.1	mood/theme---film	0.646	-0.018	0.132
track_1400908	artist_495449	album_163937	1400908.mp3	132.1	mood/theme---film	0.646	-0.018	0.132
track_1400909	artist_495449	album_163937	1400909.mp3	87.7	mood/theme---film	0.646	-0.018	0.132
track_1400910	artist_495449	album_163937	1400910.mp3	57.4	"mood/theme---documentary	mood/theme---film"	0.445	-0.296	0.162
track_1400911	artist_495449	album_163937	1400911.mp3	82.4	mood/theme---film	0.646	-0.018	0.132
track_1400912	artist_495449	album_163937	1400912.mp3	106.6	mood/theme---film	0.646	-0.018	0.132
track_1402101	artist_495484	album_163819	1402101.mp3	165.9	"mood/theme---corporate	mood/theme---deep	mood/theme---inspiring"	0.235333	-0.016667	0.338
track_1402108	artist_495484	album_163819	1402108.mp3	151.5	"mood/theme---corporate	mood/theme---happy	mood/theme---inspiring"	0.570333	0.158	0.363333
track_1402109	artist_495484	album_163819	1402109.mp3	64.1	"mood/theme---adventure	mood/theme---corporate	mood/theme---deep	mood/theme---inspiring"	0.385	0.166	0.3585
track_1402111	artist_495484	album_163819	1402111.mp3	102.8	"mood/theme---corporate	mood/theme---deep	mood/theme---happy	mood/theme---inspiring"	0.42275	0.105	0.351
track_1403004	artist_355756	album_164127	1403004.mp3	270.0	mood/theme---relaxing	0.708	-0.686	-0.05
track_1403810	artist_491366	album_164174	1403810.mp3	215.0	mood/theme---upbeat	0.756	0.062	0.604
track_1403811	artist_491366	album_164174	1403811.mp3	184.0	mood/theme---sexy	0.73	0.89	0.604
track_1403901	artist_491366	album_164186	1403901.mp3	231.0	mood/theme---slow	-0.286	-0.927	-0.708
track_1404701	artist_495484	album_164263	1404701.mp3	308.1	mood/theme---inspiring	0.542	0.096	0.21
track_1404702	artist_495484	album_164263	1404702.mp3	292.0	"mood/theme---deep	mood/theme---love	mood/theme---romantic"	0.616	0.114	0.248
track_1404703	artist_495484	album_164263	1404703.mp3	232.0	"mood/theme---background	mood/theme---corporate	mood/theme---deep	mood/theme---love	mood/theme---romantic"	0.366	-0.0072	0.246
track_1404705	artist_495484	album_164263	1404705.mp3	228.0	"mood/theme---corporate	mood/theme---deep	mood/theme---inspiring	mood/theme---romantic	mood/theme---sexy"	0.4616	0.1804	0.3628
track_1405004	artist_430269	album_164278	1405004.mp3	114.9	mood/theme---heavy	-0.5	-0.092	0.2
track_1405005	artist_430269	album_164278	1405005.mp3	159.5	"mood/theme---action	mood/theme---adventure	mood/theme---epic	mood/theme---trailer"	0.5375	0.479	0.4075
track_1405006	artist_430269	album_164278	1405006.mp3	101.2	"mood/theme---dark	mood/theme---horror"	-0.687	0.248	-0.136
track_1405007	artist_430269	album_164278	1405007.mp3	92.6	"mood/theme---dark	mood/theme---horror"	-0.687	0.248	-0.136
track_1405008	artist_430269	album_164278	1405008.mp3	173.2	"mood/theme---dark	mood/theme---epic	mood/theme---film	mood/theme---trailer"	0.2095	0.046	0.1475
track_1405009	artist_430269	album_164278	1405009.mp3	212.6	"mood/theme---energetic	mood/theme---epic"	0.704	0.581	0.732
track_1405010	artist_430269	album_164278	1405010.mp3	168.0	"mood/theme---action	mood/theme---adventure	mood/theme---dramatic	mood/theme---epic"	0.4505	0.624	0.3925
track_1405011	artist_430269	album_164278	1405011.mp3	31.8	"mood/theme---dark	mood/theme---epic	mood/theme---trailer"	0.064	0.067333	0.152667
track_1405012	artist_430269	album_164278	1405012.mp3	125.2	"mood/theme---dark	mood/theme---horror"	-0.687	0.248	-0.136
track_1405302	artist_460992	album_164308	1405302.mp3	106.0	"mood/theme---corporate	mood/theme---inspiring	mood/theme---motivational	mood/theme---uplifting"	0.52	0.098	0.4065
track_1405303	artist_460992	album_164308	1405303.mp3	82.1	"mood/theme---children	mood/theme---corporate	mood/theme---hopeful"	0.597333	-0.100667	0.204667
track_1405304	artist_460992	album_164308	1405304.mp3	85.0	"mood/theme---corporate	mood/theme---inspiring	mood/theme---positive"	0.548	0.008	0.47
track_1405305	artist_460992	album_164308	1405305.mp3	118.1	"mood/theme---corporate	mood/theme---inspiring	mood/theme---motivational	mood/theme---soft"	0.5145	-0.0865	0.22
track_1405306	artist_460992	album_164308	1405306.mp3	117.6	"mood/theme---corporate	mood/theme---inspiring	mood/theme---soft	mood/theme---uplifting"	0.447	-0.1355	0.0935
track_1405307	artist_460992	album_164308	1405307.mp3	95.1	"mood/theme---background	mood/theme---corporate	mood/theme---inspiring	mood/theme---soft	mood/theme---uplifting"	0.3172	-0.1656	0.074
track_1406400	artist_430269	album_164427	1406400.mp3	96.1	mood/theme---epic	0.714	0.426	0.66
track_1406401	artist_430269	album_164427	1406401.mp3	90.0	"mood/theme---dark	mood/theme---epic	mood/theme---heavy"	-0.13	0.043333	0.237333
track_1406402	artist_430269	album_164427	1406402.mp3	36.0	"mood/theme---epic	mood/theme---inspiring	mood/theme---movie"	0.613333	0.214	0.270667
track_1408401	artist_496168	album_164580	1408401.mp3	198.9	mood/theme---ballad	0.584	-0.432	-0.152
track_1412804	artist_351588	album_165095	1412804.mp3	287.0	mood/theme---meditative	0.228	-0.76	-0.092
track_1412805	artist_351588	album_165095	1412805.mp3	115.4	mood/theme---film	0.646	-0.018	0.132
track_1413009	artist_496290	album_164960	1413009.mp3	47.6	mood/theme---film	0.646	-0.018	0.132
track_1413011	artist_496290	album_164960	1413011.mp3	160.0	"mood/theme---drama	mood/theme---film"	0.253	0.246	0.047
track_1413012	artist_496290	album_164960	1413012.mp3	190.2	"mood/theme---drama	mood/theme---film"	0.253	0.246	0.047
track_1414210	artist_496408	album_165114	1414210.mp3	205.0	mood/theme---dark	-0.604	-0.204	-0.148
track_1415105	artist_495779	album_165217	1415105.mp3	160.0	"mood/theme---advertising	mood/theme---film	mood/theme---inspiring	mood/theme---motivational"	0.561	0.1465	0.3305
track_1415106	artist_495779	album_165217	1415106.mp3	144.0	"mood/theme---advertising	mood/theme---dramatic	mood/theme---energetic	mood/theme---inspiring	mood/theme---motivational"	0.4052	0.38	0.376
track_1415107	artist_495779	album_165217	1415107.mp3	127.8	"mood/theme---inspiring	mood/theme---melodic"	0.7375	0.167	0.179
track_1415108	artist_495779	album_165217	1415108.mp3	173.7	"mood/theme---advertising	mood/theme---film	mood/theme---inspiring	mood/theme---melodic	mood/theme---motivational"	0.6354	0.1648	0.294
track_1415307	artist_466627	album_164948	1415307.mp3	193.3	"mood/theme---love	mood/theme---melodic"	0.9645	0.286	0.191
track_1415312	artist_004227	album_165241	1415312.mp3	318.5	mood/theme---dark	-0.604	-0.204	-0.148
track_1415802	artist_005987	album_165278	1415802.mp3	232.8	mood/theme---background	-0.202	-0.286	-0.004
track_1415803	artist_005987	album_165278	1415803.mp3	104.0	mood/theme---dream	0.688	-0.686	-0.344
track_1415804	artist_005987	album_165278	1415804.mp3	233.7	mood/theme---background	-0.202	-0.286	-0.004
track_1416000	artist_439371	album_165297	1416000.mp3	33.1	mood/theme---corporate	0.184	-0.092	0.49
track_1416001	artist_439371	album_165297	1416001.mp3	103.6	mood/theme---corporate	0.184	-0.092	0.49
track_1416200	artist_004116	album_163853	1416200.mp3	95.9	"mood/theme---romantic	mood/theme---sad"	0.161	-0.136	-0.253
track_1417805	artist_496831	album_165463	1417805.mp3	113.5	mood/theme---happy	0.985	0.47	0.39
track_1417806	artist_496831	album_165463	1417806.mp3	116.1	"mood/theme---cool	mood/theme---happy"	0.8775	0.275	0.476
track_1417906	artist_496884	album_165470	1417906.mp3	164.5	mood/theme---dark	-0.604	-0.204	-0.148
track_1418110	artist_486224	album_165487	1418110.mp3	91.4	"mood/theme---action	mood/theme---epic"	0.617	0.611	0.632
track_1418302	artist_455057	album_165502	1418302.mp3	202.4	"mood/theme---love	mood/theme---romantic	mood/theme---uplifting"	0.803333	0.164	0.213333
track_1418303	artist_455057	album_165502	1418303.mp3	202.4	"mood/theme---mellow	mood/theme---romantic"	0.569	-0.4275	-0.066
track_1419105	artist_486550	album_165579	1419105.mp3	30.0	"mood/theme---advertising	mood/theme---background	mood/theme---documentary	mood/theme---film	mood/theme---nature"	0.3292	-0.2588	0.174
track_1419106	artist_486550	album_165579	1419106.mp3	30.0	"mood/theme---background	mood/theme---corporate	mood/theme---documentary	mood/theme---film	mood/theme---inspiring"	0.2828	-0.1748	0.204
track_1419107	artist_486550	album_165579	1419107.mp3	60.0	"mood/theme---advertising	mood/theme---documentary"	0.244	-0.179	0.228
track_1419108	artist_486550	album_165579	1419108.mp3	60.5	"mood/theme---background	mood/theme---documentary	mood/theme---inspiring"	0.194667	-0.254667	0.132667
track_1419109	artist_486550	album_165579	1419109.mp3	90.5	"mood/theme---background	mood/theme---corporate	mood/theme---documentary	mood/theme---film	mood/theme---hopeful"	0.3532	-0.2512	0.2128
track_1419110	artist_486550	album_165579	1419110.mp3	180.1	"mood/theme---background	mood/theme---corporate	mood/theme---documentary	mood/theme---hopeful	mood/theme---inspiring"	0.3324	-0.2284	0.2284
track_1419912	artist_419285	album_165727	1419912.mp3	213.9	mood/theme---slow	-0.286	-0.927	-0.708
track_1420409	artist_497198	album_165677	1420409.mp3	215.5	"mood/theme---happy	mood/theme---summer"	0.8045	0.108	0.245
track_1420410	artist_497198	album_165677	1420410.mp3	184.8	"mood/theme---deep	mood/theme---happy"	0.4825	0.208	0.352
track_1420411	artist_497198	album_165677	1420411.mp3	194.4	"mood/theme---funny	mood/theme---happy"	0.9105	0.345	0.261
track_1420412	artist_497198	album_165677	1420412.mp3	200.0	"mood/theme---deep	mood/theme---happy	mood/theme---romantic"	0.612333	0.159333	0.3
track_1420500	artist_497198	album_165681	1420500.mp3	192.2	"mood/theme---deep	mood/theme---happy	mood/theme---summer"	0.529667	0.054	0.268
track_1420501	artist_497198	album_165681	1420501.mp3	277.1	"mood/theme---deep	mood/theme---happy	mood/theme---summer"	0.529667	0.054	0.268
track_1420502	artist_497198	album_165681	1420502.mp3	164.0	"mood/theme---deep	mood/theme---happy	mood/theme---summer"	0.529667	0.054	0.268
track_1420503	artist_497198	album_165681	1420503.mp3	200.6	"mood/theme---deep	mood/theme---happy	mood/theme---summer"	0.529667	0.054	0.268
track_1420504	artist_497198	album_165681	1420504.mp3	137.6	"mood/theme---deep	mood/theme---happy	mood/theme---summer"	0.529667	0.054	0.268
track_1420505	artist_497198	album_165681	1420505.mp3	193.2	"mood/theme---deep	mood/theme---happy	mood/theme---summer"	0.529667	0.054	0.268
track_1420506	artist_497198	album_165681	1420506.mp3	142.4	"mood/theme---happy	mood/theme---summer"	0.8045	0.108	0.245
track_1420507	artist_497198	album_165681	1420507.mp3	133.0	"mood/theme---happy	mood/theme---summer"	0.8045	0.108	0.245
track_1420508	artist_497198	album_165681	1420508.mp3	154.5	"mood/theme---deep	mood/theme---happy	mood/theme---summer"	0.529667	0.054	0.268
track_1420509	artist_497198	album_165681	1420509.mp3	162.7	"mood/theme---deep	mood/theme---happy	mood/theme---summer"	0.529667	0.054	0.268
track_1420510	artist_497198	album_165681	1420510.mp3	182.8	"mood/theme---deep	mood/theme---happy	mood/theme---summer"	0.529667	0.054	0.268
track_1420511	artist_497198	album_165681	1420511.mp3	199.7	"mood/theme---deep	mood/theme---happy	mood/theme---summer"	0.529667	0.054	0.268
track_1420512	artist_497200	album_165682	1420512.mp3	177.8	"mood/theme---deep	mood/theme---summer"	0.302	-0.154	0.207
track_1420600	artist_497203	album_165689	1420600.mp3	189.0	mood/theme---deep	-0.02	-0.054	0.314
track_1420601	artist_497203	album_165689	1420601.mp3	150.8	mood/theme---deep	-0.02	-0.054	0.314
track_1420602	artist_497203	album_165689	1420602.mp3	148.5	mood/theme---deep	-0.02	-0.054	0.314
track_1420603	artist_497203	album_165689	1420603.mp3	164.6	mood/theme---deep	-0.02	-0.054	0.314
track_1420604	artist_497203	album_165689	1420604.mp3	194.0	mood/theme---deep	-0.02	-0.054	0.314
track_1420605	artist_497203	album_165689	1420605.mp3	223.8	mood/theme---deep	-0.02	-0.054	0.314
track_1420606	artist_497203	album_165690	1420606.mp3	166.8	mood/theme---deep	-0.02	-0.054	0.314
track_1420607	artist_497203	album_165690	1420607.mp3	203.5	mood/theme---deep	-0.02	-0.054	0.314
track_1420609	artist_497203	album_165690	1420609.mp3	223.9	mood/theme---deep	-0.02	-0.054	0.314
track_1420612	artist_497203	album_165690	1420612.mp3	240.0	mood/theme---deep	-0.02	-0.054	0.314
track_1420700	artist_490860	album_165694	1420700.mp3	182.9	"mood/theme---deep	mood/theme---happy"	0.4825	0.208	0.352
track_1420701	artist_490860	album_165694	1420701.mp3	214.5	"mood/theme---funny	mood/theme---happy	mood/theme---romantic"	0.897667	0.250667	0.239333
track_1420702	artist_490860	album_165694	1420702.mp3	181.0	"mood/theme---deep	mood/theme---happy	mood/theme---romantic"	0.612333	0.159333	0.3
track_1420704	artist_490860	album_165694	1420704.mp3	177.0	"mood/theme---funny	mood/theme---happy"	0.9105	0.345	0.261
track_1420705	artist_490860	album_165694	1420705.mp3	193.4	mood/theme---happy	0.985	0.47	0.39
track_1420706	artist_490860	album_165694	1420706.mp3	181.6	"mood/theme---deep	mood/theme---happy	mood/theme---summer"	0.529667	0.054	0.268
track_1420707	artist_490860	album_165694	1420707.mp3	165.5	"mood/theme---deep	mood/theme---funny	mood/theme---happy	mood/theme---summer"	0.60625	0.0955	0.234
